Unity Editor version:    6000.3.21f1 (c02631ffc030)
Branch:                  6000.3/staging
Build type:              Release
Batch mode:              YES
macOS version:           Version 26.4.1 (Build 25E253)
Darwin version:          25.4.0
Architecture:            arm64
Running under Rosetta:   NO
Available memory:        32768 MB
Date:                    2026-08-16T22:10:31Z
[Licensing::Module] Trying to connect to existing licensing client channel...
[Licensing::IpcConnector] Successfully connected to: "LicenseClient-diepquocphong" at "2026-08-16T22:10:31.43874Z"
Launching external process: /Applications/Unity/Hub/Editor/6000.3.21f1/Unity.app/Contents/Resources/PackageManager/Server/UnityPackageManager

COMMAND LINE ARGUMENTS:
/Applications/Unity/Hub/Editor/6000.3.21f1/Unity.app/Contents/MacOS/Unity
-batchmode
-quit
-projectPath
/tmp/franklin-police-unitypackage.wbdzWN
-executeMethod
PoliceStationPackageBuilder.Build
-policeStationGlb
/Users/diepquocphong/Documents/Franklin Game/ArtSource/PoliceStation3D/dist/PoliceStation_Mobile_Unity.glb
-policeStationPackage
/Users/diepquocphong/Documents/Franklin Game/ArtSource/PoliceStation3D/dist/PoliceStation_Mobile_URP.unitypackage
-policeStationReport
/Users/diepquocphong/Documents/Franklin Game/ArtSource/PoliceStation3D/dist/PoliceStation_Mobile_UnityPackage_Report.json
-logFile
/Users/diepquocphong/Documents/Franklin Game/ArtSource/PoliceStation3D/dist/PoliceStation_UnityPackage_Build.log
Successfully changed project path to: /tmp/franklin-police-unitypackage.wbdzWN
/private/tmp/franklin-police-unitypackage.wbdzWN
[UnityMemory] Configuration Parameters - Can be set up in boot.config
    "memorysetup-allocator-temp-initial-block-size-main=262144"
    "memorysetup-allocator-temp-initial-block-size-worker=262144"
    "memorysetup-temp-allocator-size-background-worker=32768"
    "memorysetup-temp-allocator-size-job-worker=262144"
    "memorysetup-temp-allocator-size-preload-manager=33554432"
    "memorysetup-temp-allocator-size-nav-mesh-worker=65536"
    "memorysetup-temp-allocator-size-audio-worker=65536"
    "memorysetup-temp-allocator-size-cloud-worker=32768"
    "memorysetup-bucket-allocator-granularity=16"
    "memorysetup-bucket-allocator-bucket-count=8"
    "memorysetup-bucket-allocator-block-size=33554432"
    "memorysetup-bucket-allocator-block-count=8"
    "memorysetup-main-allocator-block-size=16777216"
    "memorysetup-thread-allocator-block-size=16777216"
    "memorysetup-gfx-main-allocator-block-size=16777216"
    "memorysetup-gfx-thread-allocator-block-size=16777216"
    "memorysetup-cache-allocator-block-size=4194304"
    "memorysetup-typetree-allocator-block-size=2097152"
    "memorysetup-profiler-bucket-allocator-granularity=16"
    "memorysetup-profiler-bucket-allocator-bucket-count=8"
    "memorysetup-profiler-bucket-allocator-block-size=33554432"
    "memorysetup-profiler-bucket-allocator-block-count=8"
    "memorysetup-profiler-allocator-block-size=16777216"
    "memorysetup-profiler-editor-allocator-block-size=1048576"
    "memorysetup-temp-allocator-size-main=16777216"
    "memorysetup-job-temp-allocator-block-size=2097152"
    "memorysetup-job-temp-allocator-block-size-background=1048576"
    "memorysetup-job-temp-allocator-reduction-small-platforms=262144"
    "memorysetup-temp-allocator-size-gi-baking-worker=262144"
    "memorysetup-temp-allocator-size-gi-baking-worker=262144"
    "memorysetup-temp-allocator-size-gi-baking-worker=262144"
    "memorysetup-temp-allocator-size-gi-baking-worker=262144"
    "memorysetup-temp-allocator-size-gi-baking-worker=262144"
    "memorysetup-temp-allocator-size-gfx=262144"
Player connection [8517392576]  Target information:

Player connection [8517392576]  * "[IP] 192.168.2.1 [Port] 55505 [Flags] 2 [Guid] 233563943 [EditorId] 233563943 [Version] 1048832 [Id] OSXEditor(0,MacBookPro.lan) [Debug] 1 [PackageName] OSXEditor [ProjectName] Editor" 

Player connection [8517392576]  * "[IP] 192.168.100.185 [Port] 55505 [Flags] 2 [Guid] 233563943 [EditorId] 233563943 [Version] 1048832 [Id] OSXEditor(0,MacBookPro.lan) [Debug] 1 [PackageName] OSXEditor [ProjectName] Editor" 

Player connection [8517392576]  * "[IP] 192.168.3.1 [Port] 55505 [Flags] 2 [Guid] 233563943 [EditorId] 233563943 [Version] 1048832 [Id] OSXEditor(0,MacBookPro.lan) [Debug] 1 [PackageName] OSXEditor [ProjectName] Editor" 

Player connection [8517392576] Host joined multi-casting on [225.0.0.222:54997]...
Player connection [8517392576] Host joined alternative multi-casting on [225.0.0.222:34997]...
Input System module state changed to: Initialized.
[Physics::Module] Initialized fallback backend.
[Physics::Module] Id: 0xdecafbad
[Package Manager] Connected to IPC stream "Upm-93494" after 0.1 seconds.
[Licensing::Module] Licensing is not yet initialized.
[Licensing::Client] Error: HandshakeResponse reported an error:
	ResponseCode: 505
	ResponseStatus: Unsupported protocol version '1.18.1'.
[Licensing::Module] Error: Failed to handshake to channel: "LicenseClient-diepquocphong"
[Licensing::IpcConnector] LicenseClient-diepquocphong channel disconnected successfully.
[Licensing::IpcConnector] Successfully connected to: "LicenseClient-diepquocphong-6000.3.21" at "2026-08-16T22:10:31.787459Z"
[Licensing::Client] Handshaking with LicensingClient:
  Version:                 1.18.1+9fbee8e
  Session Id:              177b4a6814bf445890f41639062345e0
  Correlation Id:          71206bad09d9d3e9d720bc71575d3536
  External correlation Id: 3116940477708389892
  Machine Id:              islmrWih1ghNW7TWJRTHjE60RNw=
[Licensing::Module] Successfully connected to LicensingClient on channel: "LicenseClient-diepquocphong-6000.3.21" (connect: 0.00s, validation: 0.00s, handshake: 0.32s)
[Licensing::IpcConnector] Successfully connected to: "LicenseClient-diepquocphong-6000.3.21-notifications" at "2026-08-16T22:10:32.114346Z"
[Licensing::Module] Error: Access token is unavailable; failed to update
[Licensing::Client] Successfully resolved entitlement details
[Licensing::Module] License group:
  Id: 18966790666738-UnityPersXXXX
  Product: Unity Personal
  Type: Assigned
  Expiration: Unlimited
[Licensing::Client] Successfully updated license, isAsync: True, time: 0.00
[Licensing::Client] Successfully resolved entitlement details
[Licensing::Module] Licensing Background thread has ended after 0.68s
[Licensing::Module] Licensing is initialized (took 0.40s).
[Licensing::Client] Successfully resolved entitlement details
Library Redirect Path: Library/
[Physics::Module] Selected backend.
[Physics::Module] Name: PhysX
[Physics::Module] Id: 0xf2b8ea05
[Physics::Module] SDK Version: 4.1.2
[Physics::Module] Integration Version: 1.0.0
[Physics::Module] Threading Mode: Multi-Threaded
Refreshing native plugins compatible for Editor in 0.42 ms, found 0 plugins.
Preloading 0 native plugins for Editor in 0.00 ms.
Initialize engine version: 6000.3.21f1 (c02631ffc030)
[Subsystems] Discovering subsystems at path /Applications/Unity/Hub/Editor/6000.3.21f1/Unity.app/Contents/Resources/UnitySubsystems
[Subsystems] Discovering subsystems at path /private/tmp/franklin-police-unitypackage.wbdzWN/Assets
GfxDevice: creating device client; kGfxThreadingModeNonThreaded
 preferred device: Apple M1 Max (high power)
Metal devices available: 1
0: Apple M1 Max (high power)
Using device Apple M1 Max (high power)
Initializing Metal device caps: Apple M1 Max
Mac GPU Family: 2
Apple GPU Family: 7
MSL Version: 3.0
Has Float MSAA: 1
Has Float Filtering: 1
ReadWrite Texture Tier: 2
Initialize mono
Mono path[0] = '/Applications/Unity/Hub/Editor/6000.3.21f1/Unity.app/Contents/Resources/Scripting/Managed'
Mono path[1] = '/Applications/Unity/Hub/Editor/6000.3.21f1/Unity.app/Contents/Resources/Scripting/MonoBleedingEdge/lib/mono/unityjit-macos'
Mono config path = '/Applications/Unity/Hub/Editor/6000.3.21f1/Unity.app/Contents/Resources/Scripting/MonoBleedingEdge/etc'
Using monoOptions --debugger-agent=transport=dt_socket,embedding=1,server=y,suspend=n,address=127.0.0.1:56494
Using cacheserver namespaces - metadata:defaultmetadata, artifacts:defaultartifacts
Using cacheserver namespaces - metadata:defaultmetadata, artifacts:defaultartifacts
ImportWorker Server TCP listen port: 0
AcceleratorClientConnectionCallback - disconnected - :0
Begin MonoManager ReloadAssembly
Registering precompiled unity dll's ...
Register platform support module: /Applications/Unity/Hub/Editor/6000.3.21f1/Unity.app/Contents/PlaybackEngines/MacStandaloneSupport/UnityEditor.OSXStandalone.Extensions.dll
[Licensing::Client] Successfully resolved entitlement details
Register platform support module: /Applications/Unity/Hub/Editor/6000.3.21f1/PlaybackEngines/AndroidPlayer/UnityEditor.Android.Extensions.dll
[Licensing::Client] Successfully resolved entitlement details
Register platform support module: /Applications/Unity/Hub/Editor/6000.3.21f1/PlaybackEngines/iOSSupport/UnityEditor.iOS.Extensions.dll
Registered in 0.005028 seconds.
- Loaded All Assemblies, in  0.301 seconds
[usbmuxd] Start listen thread
[usbmuxd] Listen thread started
[usbmuxd] Send listen message
Native extension for iOS target not found
Native extension for Android target not found
Native extension for OSXStandalone target not found
Package Manager log level set to [2]
ScheduleIndexationOnStartup MainProcess:False IndexOnStartup:False
Mono: successfully reloaded assembly
- Finished resetting the current domain, in  0.332 seconds
Domain Reload Profiling: 633ms
	BeginReloadAssembly (97ms)
		ExecutionOrderSort (0ms)
		DisableScriptedObjects (0ms)
		BackupInstance (0ms)
		ReleaseScriptingObjects (0ms)
		CreateAndSetChildDomain (14ms)
	RebuildCommonClasses (27ms)
	RebuildNativeTypeToScriptingClass (10ms)
	initialDomainReloadingComplete (33ms)
	LoadAllAssembliesAndSetupDomain (134ms)
		LoadAssemblies (85ms)
		RebuildTransferFunctionScriptingTraits (0ms)
		AnalyzeDomain (131ms)
			TypeCache.Refresh (129ms)
				TypeCache.ScanAssembly (118ms)
			BuildScriptInfoCaches (0ms)
			ResolveRequiredComponents (0ms)
	FinalizeReload (332ms)
		ReleaseScriptCaches (0ms)
		RebuildScriptCaches (0ms)
		SetupLoadedEditorAssemblies (302ms)
			LogAssemblyErrors (0ms)
			InitializePlatformSupportModulesInManaged (87ms)
			SetLoadedEditorAssemblies (3ms)
			BeforeProcessingInitializeOnLoad (59ms)
			ProcessInitializeOnLoadAttributes (89ms)
			ProcessInitializeOnLoadMethodAttributes (63ms)
			AfterProcessingInitializeOnLoad (0ms)
			EditorAssembliesLoaded (0ms)
		ExecutionOrderSort2 (0ms)
		AwakeInstancesAfterBackupRestoration (0ms)
[Licensing::Client] Successfully resolved entitlement details
Application.AssetDatabase Initial Refresh Start
[Package Manager] Restoring resolved packages state from cache
[Licensing::Client] Successfully resolved entitlement details
[Package Manager] Registered 26 packages:
  Packages from [https://packages.unity.com]:
    com.unity.searcher@4.9.4 (location: /private/tmp/franklin-police-unitypackage.wbdzWN/Library/PackageCache/com.unity.searcher@d45a78918735)
    com.unity.burst@1.8.30 (location: /private/tmp/franklin-police-unitypackage.wbdzWN/Library/PackageCache/com.unity.burst@2f3d916873ea)
    com.unity.mathematics@1.3.3 (location: /private/tmp/franklin-police-unitypackage.wbdzWN/Library/PackageCache/com.unity.mathematics@19a9377c4ffa)
    com.unity.collections@2.6.8 (location: /private/tmp/franklin-police-unitypackage.wbdzWN/Library/PackageCache/com.unity.collections@84e8eb3fc12e)
    com.unity.nuget.mono-cecil@1.11.6 (location: /private/tmp/franklin-police-unitypackage.wbdzWN/Library/PackageCache/com.unity.nuget.mono-cecil@ecb9724e46ff)
    com.unity.test-framework.performance@3.5.0 (location: /private/tmp/franklin-police-unitypackage.wbdzWN/Library/PackageCache/com.unity.test-framework.performance@8b56083ec0f0)
  Built-in packages:
    com.unity.render-pipelines.universal@17.3.0 (location: /private/tmp/franklin-police-unitypackage.wbdzWN/Library/PackageCache/com.unity.render-pipelines.universal@8aa8d736cba6)
    com.unity.modules.animation@1.0.0 (location: /private/tmp/franklin-police-unitypackage.wbdzWN/Library/PackageCache/com.unity.modules.animation)
    com.unity.modules.assetbundle@1.0.0 (location: /private/tmp/franklin-police-unitypackage.wbdzWN/Library/PackageCache/com.unity.modules.assetbundle)
    com.unity.modules.audio@1.0.0 (location: /private/tmp/franklin-police-unitypackage.wbdzWN/Library/PackageCache/com.unity.modules.audio)
    com.unity.modules.imageconversion@1.0.0 (location: /private/tmp/franklin-police-unitypackage.wbdzWN/Library/PackageCache/com.unity.modules.imageconversion)
    com.unity.modules.jsonserialize@1.0.0 (location: /private/tmp/franklin-police-unitypackage.wbdzWN/Library/PackageCache/com.unity.modules.jsonserialize)
    com.unity.modules.physics@1.0.0 (location: /private/tmp/franklin-police-unitypackage.wbdzWN/Library/PackageCache/com.unity.modules.physics)
    com.unity.modules.ui@1.0.0 (location: /private/tmp/franklin-police-unitypackage.wbdzWN/Library/PackageCache/com.unity.modules.ui)
    com.unity.modules.unitywebrequest@1.0.0 (location: /private/tmp/franklin-police-unitypackage.wbdzWN/Library/PackageCache/com.unity.modules.unitywebrequest)
    com.unity.modules.unitywebrequestassetbundle@1.0.0 (location: /private/tmp/franklin-police-unitypackage.wbdzWN/Library/PackageCache/com.unity.modules.unitywebrequestassetbundle)
    com.unity.modules.unitywebrequestaudio@1.0.0 (location: /private/tmp/franklin-police-unitypackage.wbdzWN/Library/PackageCache/com.unity.modules.unitywebrequestaudio)
    com.unity.modules.unitywebrequesttexture@1.0.0 (location: /private/tmp/franklin-police-unitypackage.wbdzWN/Library/PackageCache/com.unity.modules.unitywebrequesttexture)
    com.unity.render-pipelines.core@17.3.0 (location: /private/tmp/franklin-police-unitypackage.wbdzWN/Library/PackageCache/com.unity.render-pipelines.core@c67c01575725)
    com.unity.shadergraph@17.3.0 (location: /private/tmp/franklin-police-unitypackage.wbdzWN/Library/PackageCache/com.unity.shadergraph@aa8306cf39d6)
    com.unity.render-pipelines.universal-config@17.0.3 (location: /private/tmp/franklin-police-unitypackage.wbdzWN/Library/PackageCache/com.unity.render-pipelines.universal-config@8dc1aab4af1d)
    com.unity.ugui@2.0.0 (location: /private/tmp/franklin-police-unitypackage.wbdzWN/Library/PackageCache/com.unity.ugui@e20f1880fa04)
    com.unity.modules.terrain@1.0.0 (location: /private/tmp/franklin-police-unitypackage.wbdzWN/Library/PackageCache/com.unity.modules.terrain)
    com.unity.test-framework@1.6.0 (location: /private/tmp/franklin-police-unitypackage.wbdzWN/Library/PackageCache/com.unity.test-framework@bd7f943e9647)
    com.unity.modules.imgui@1.0.0 (location: /private/tmp/franklin-police-unitypackage.wbdzWN/Library/PackageCache/com.unity.modules.imgui)
    com.unity.ext.nunit@2.0.5 (location: /private/tmp/franklin-police-unitypackage.wbdzWN/Library/PackageCache/com.unity.ext.nunit@d8c07649098d)
[Subsystems] No new subsystems found in resolved package list.
[Package Manager] Done registering packages in 0.00 seconds
[Package Manager] Done resolving packages in 2.05 seconds
[Licensing::Client] Successfully resolved entitlement details
[Package Manager] Lock file was modified
[Package Manager] Registered 27 packages:
  Packages from [https://packages.unity.com]:
    com.unity.searcher@4.9.4 (location: /private/tmp/franklin-police-unitypackage.wbdzWN/Library/PackageCache/com.unity.searcher@d45a78918735)
    com.unity.burst@1.8.30 (location: /private/tmp/franklin-police-unitypackage.wbdzWN/Library/PackageCache/com.unity.burst@2f3d916873ea)
    com.unity.mathematics@1.3.3 (location: /private/tmp/franklin-police-unitypackage.wbdzWN/Library/PackageCache/com.unity.mathematics@19a9377c4ffa)
    com.unity.collections@2.6.8 (location: /private/tmp/franklin-police-unitypackage.wbdzWN/Library/PackageCache/com.unity.collections@84e8eb3fc12e)
    com.unity.nuget.mono-cecil@1.11.6 (location: /private/tmp/franklin-police-unitypackage.wbdzWN/Library/PackageCache/com.unity.nuget.mono-cecil@ecb9724e46ff)
    com.unity.test-framework.performance@3.5.0 (location: /private/tmp/franklin-police-unitypackage.wbdzWN/Library/PackageCache/com.unity.test-framework.performance@8b56083ec0f0)
  Built-in packages:
    com.unity.render-pipelines.universal@17.3.0 (location: /private/tmp/franklin-police-unitypackage.wbdzWN/Library/PackageCache/com.unity.render-pipelines.universal@8aa8d736cba6)
    com.unity.modules.androidjni@1.0.0 (location: /private/tmp/franklin-police-unitypackage.wbdzWN/Library/PackageCache/com.unity.modules.androidjni)
    com.unity.modules.animation@1.0.0 (location: /private/tmp/franklin-police-unitypackage.wbdzWN/Library/PackageCache/com.unity.modules.animation)
    com.unity.modules.assetbundle@1.0.0 (location: /private/tmp/franklin-police-unitypackage.wbdzWN/Library/PackageCache/com.unity.modules.assetbundle)
    com.unity.modules.audio@1.0.0 (location: /private/tmp/franklin-police-unitypackage.wbdzWN/Library/PackageCache/com.unity.modules.audio)
    com.unity.modules.imageconversion@1.0.0 (location: /private/tmp/franklin-police-unitypackage.wbdzWN/Library/PackageCache/com.unity.modules.imageconversion)
    com.unity.modules.jsonserialize@1.0.0 (location: /private/tmp/franklin-police-unitypackage.wbdzWN/Library/PackageCache/com.unity.modules.jsonserialize)
    com.unity.modules.physics@1.0.0 (location: /private/tmp/franklin-police-unitypackage.wbdzWN/Library/PackageCache/com.unity.modules.physics)
    com.unity.modules.ui@1.0.0 (location: /private/tmp/franklin-police-unitypackage.wbdzWN/Library/PackageCache/com.unity.modules.ui)
    com.unity.modules.unitywebrequest@1.0.0 (location: /private/tmp/franklin-police-unitypackage.wbdzWN/Library/PackageCache/com.unity.modules.unitywebrequest)
    com.unity.modules.unitywebrequestassetbundle@1.0.0 (location: /private/tmp/franklin-police-unitypackage.wbdzWN/Library/PackageCache/com.unity.modules.unitywebrequestassetbundle)
    com.unity.modules.unitywebrequestaudio@1.0.0 (location: /private/tmp/franklin-police-unitypackage.wbdzWN/Library/PackageCache/com.unity.modules.unitywebrequestaudio)
    com.unity.modules.unitywebrequesttexture@1.0.0 (location: /private/tmp/franklin-police-unitypackage.wbdzWN/Library/PackageCache/com.unity.modules.unitywebrequesttexture)
    com.unity.render-pipelines.core@17.3.0 (location: /private/tmp/franklin-police-unitypackage.wbdzWN/Library/PackageCache/com.unity.render-pipelines.core@c67c01575725)
    com.unity.shadergraph@17.3.0 (location: /private/tmp/franklin-police-unitypackage.wbdzWN/Library/PackageCache/com.unity.shadergraph@aa8306cf39d6)
    com.unity.render-pipelines.universal-config@17.0.3 (location: /private/tmp/franklin-police-unitypackage.wbdzWN/Library/PackageCache/com.unity.render-pipelines.universal-config@8dc1aab4af1d)
    com.unity.ugui@2.0.0 (location: /private/tmp/franklin-police-unitypackage.wbdzWN/Library/PackageCache/com.unity.ugui@e20f1880fa04)
    com.unity.modules.terrain@1.0.0 (location: /private/tmp/franklin-police-unitypackage.wbdzWN/Library/PackageCache/com.unity.modules.terrain)
    com.unity.test-framework@1.6.0 (location: /private/tmp/franklin-police-unitypackage.wbdzWN/Library/PackageCache/com.unity.test-framework@bd7f943e9647)
    com.unity.modules.imgui@1.0.0 (location: /private/tmp/franklin-police-unitypackage.wbdzWN/Library/PackageCache/com.unity.modules.imgui)
    com.unity.ext.nunit@2.0.5 (location: /private/tmp/franklin-police-unitypackage.wbdzWN/Library/PackageCache/com.unity.ext.nunit@d8c07649098d)
[Subsystems] No new subsystems found in resolved package list.
[Package Manager] Done registering packages in 0.00 seconds
[ScriptCompilation] Requested script compilation because: Assetdatabase observed changes in script compilation related files
[40m[32minfo[39m[22m[49m: Microsoft.Hosting.Lifetime[14]
      Now listening on: http://unix:/tmp/ilpp.sock-eae278790375b907b50a41a672b99297
[40m[32minfo[39m[22m[49m: Microsoft.Hosting.Lifetime[0]
      Application started. Press Ctrl+C to shut down.
[40m[32minfo[39m[22m[49m: Microsoft.Hosting.Lifetime[0]
      Hosting environment: Production
[40m[32minfo[39m[22m[49m: Microsoft.Hosting.Lifetime[0]
      Content root path: /private/tmp/franklin-police-unitypackage.wbdzWN/
[40m[32minfo[39m[22m[49m: Microsoft.AspNetCore.Hosting.Diagnostics[1]
      Request starting HTTP/2 POST http://ilpp/UnityILPP.PostProcessing/Ping application/grpc -
[40m[32minfo[39m[22m[49m: Microsoft.AspNetCore.Routing.EndpointMiddleware[0]
      Executing endpoint 'gRPC - /UnityILPP.PostProcessing/Ping'
[40m[32minfo[39m[22m[49m: Microsoft.AspNetCore.Routing.EndpointMiddleware[1]
      Executed endpoint 'gRPC - /UnityILPP.PostProcessing/Ping'
[40m[32minfo[39m[22m[49m: Microsoft.AspNetCore.Hosting.Diagnostics[2]
      Request finished HTTP/2 POST http://ilpp/UnityILPP.PostProcessing/Ping application/grpc - - 200 - application/grpc 27.7168ms
Starting: /Applications/Unity/Hub/Editor/6000.3.21f1/Unity.app/Contents/Resources/BuildPipeline/bee_backend --ipc --defer-dag-verification --dagfile="Library/Bee/200b0aE.dag" --continue-on-failure --profile="Library/Bee/backend1.traceevents" ScriptAssemblies
WorkingDir: /private/tmp/franklin-police-unitypackage.wbdzWN
DisplayProgressbar: Compiling Scripts
[40m[32minfo[39m[22m[49m: Microsoft.AspNetCore.Hosting.Diagnostics[1]
      Request starting HTTP/2 POST http://ilpp/UnityILPP.PostProcessing/ConfigurePostProcessors application/grpc -
[40m[32minfo[39m[22m[49m: Microsoft.AspNetCore.Routing.EndpointMiddleware[0]
      Executing endpoint 'gRPC - /UnityILPP.PostProcessing/ConfigurePostProcessors'
[40m[1m[33mwarn[39m[22m[49m: Unity.ILPP.Runner.PostProcessingAssemblyLoadContext[0]
      Assembly unityeditor.ios.extensions.xcode has duplicate hint path. Ignoring "/Applications/Unity/Hub/Editor/6000.3.21f1/Unity.app/Contents/PlaybackEngines/MacStandaloneSupport/UnityEditor.iOS.Extensions.Xcode.dll" in favor of "/Applications/Unity/Hub/Editor/6000.3.21f1/PlaybackEngines/iOSSupport/UnityEditor.iOS.Extensions.Xcode.dll"
[40m[1m[33mwarn[39m[22m[49m: Unity.ILPP.Runner.PostProcessingAssemblyLoadContext[0]
      Assembly system.runtime.interopservices.windowsruntime has duplicate hint path. Ignoring "/Applications/Unity/Hub/Editor/6000.3.21f1/Unity.app/Contents/Resources/Scripting/UnityReferenceAssemblies/unity-4.8-api/Facades/System.Runtime.InteropServices.WindowsRuntime.dll" in favor of "/Applications/Unity/Hub/Editor/6000.3.21f1/Unity.app/Contents/Resources/Scripting/NetStandard/Extensions/2.0.0/System.Runtime.InteropServices.WindowsRuntime.dll"
[40m[1m[33mwarn[39m[22m[49m: Unity.ILPP.Runner.PostProcessingAssemblyLoadContext[0]
      Assembly system.componentmodel.composition has duplicate hint path. Ignoring "/Applications/Unity/Hub/Editor/6000.3.21f1/Unity.app/Contents/Resources/Scripting/UnityReferenceAssemblies/unity-4.8-api/System.ComponentModel.Composition.dll" in favor of "/Applications/Unity/Hub/Editor/6000.3.21f1/Unity.app/Contents/Resources/Scripting/NetStandard/compat/2.1.0/shims/netfx/System.ComponentModel.Composition.dll"
[40m[32minfo[39m[22m[49m: Unity.ILPP.Runner.PostProcessingAssemblyLoadContext[0]
      Resolved Unity.Burst.Cecil, Version=0.11.6.0, Culture=neutral, PublicKeyToken=50cebf1cceb9d05e with Library/PackageCache/com.unity.burst@2f3d916873ea/Unity.Burst.CodeGen/Unity.Burst.Cecil.dll
[40m[32minfo[39m[22m[49m: Unity.ILPP.Runner.PostProcessingAssemblyLoadContext[0]
      Resolved Mono.Cecil, Version=0.11.5.0, Culture=neutral, PublicKeyToken=50cebf1cceb9d05e with Library/PackageCache/com.unity.nuget.mono-cecil@ecb9724e46ff/Mono.Cecil.dll
[40m[32minfo[39m[22m[49m: Microsoft.AspNetCore.Routing.EndpointMiddleware[1]
      Executed endpoint 'gRPC - /UnityILPP.PostProcessing/ConfigurePostProcessors'
[40m[32minfo[39m[22m[49m: Microsoft.AspNetCore.Hosting.Diagnostics[2]
      Request finished HTTP/2 POST http://ilpp/UnityILPP.PostProcessing/ConfigurePostProcessors application/grpc - - 200 - application/grpc 15.1067ms
ExitCode: 4 Duration: 1s890ms
[328/563    0s] CopyFiles Library/ScriptAssemblies/UnityEngine.TestRunner.dll
[329/563    0s] CopyFiles Library/ScriptAssemblies/UnityEngine.TestRunner.pdb
[334/563    0s] CopyFiles Library/ScriptAssemblies/UnityEditor.TestRunner.dll
[335/563    0s] CopyFiles Library/ScriptAssemblies/UnityEditor.TestRunner.pdb
[387/563    0s] CopyFiles Library/ScriptAssemblies/Unity.Burst.CodeGen.pdb
[388/563    0s] CopyFiles Library/ScriptAssemblies/Unity.Burst.CodeGen.dll
[399/563    0s] CopyFiles Library/ScriptAssemblies/Unity.Collections.CodeGen.pdb
[400/563    0s] CopyFiles Library/ScriptAssemblies/Unity.Collections.CodeGen.dll
Rebuilding DAG because FileSignature timestamp changed: Library/Bee/200b0aE-inputdata.json
[444/563    0s] ILPP-Configuration Library/ilpp-configuration.nevergeneratedoutput
*** Tundra requires additional run (1.87 seconds), 10 items updated, 443 evaluated
Starting: /Applications/Unity/Hub/Editor/6000.3.21f1/Unity.app/Contents/Resources/Scripting/netcorerun/netcorerun "/Applications/Unity/Hub/Editor/6000.3.21f1/Unity.app/Contents/Resources/BuildPipeline/ScriptCompilationBuildProgram.exe" "Library/Bee/200b0aE.dag.json" "Library/Bee/200b0aE-inputdata.json" "Library/Bee/buildprogram0.traceevents"
WorkingDir: /private/tmp/franklin-police-unitypackage.wbdzWN
ExitCode: 0 Duration: 0s604ms
Starting: /Applications/Unity/Hub/Editor/6000.3.21f1/Unity.app/Contents/Resources/BuildPipeline/bee_backend --ipc --defer-dag-verification --dagfile="Library/Bee/200b0aE.dag" --continue-on-failure --dagfilejson="Library/Bee/200b0aE.dag.json" --profile="Library/Bee/backend2.traceevents" ScriptAssemblies
WorkingDir: /private/tmp/franklin-police-unitypackage.wbdzWN
[40m[32minfo[39m[22m[49m: Microsoft.AspNetCore.Hosting.Diagnostics[1]
      Request starting HTTP/2 POST http://ilpp/UnityILPP.PostProcessing/ConfigurePostProcessors application/grpc -
[40m[32minfo[39m[22m[49m: Microsoft.AspNetCore.Routing.EndpointMiddleware[0]
      Executing endpoint 'gRPC - /UnityILPP.PostProcessing/ConfigurePostProcessors'
[40m[32minfo[39m[22m[49m: Unity.ILPP.Runner.PostProcessingAssemblyLoadContext[0]
      Current configuration matches the requested one, skipping
[40m[32minfo[39m[22m[49m: Microsoft.AspNetCore.Routing.EndpointMiddleware[1]
      Executed endpoint 'gRPC - /UnityILPP.PostProcessing/ConfigurePostProcessors'
[40m[32minfo[39m[22m[49m: Microsoft.AspNetCore.Hosting.Diagnostics[2]
      Request finished HTTP/2 POST http://ilpp/UnityILPP.PostProcessing/ConfigurePostProcessors application/grpc - - 200 - application/grpc 4.2032ms
[40m[32minfo[39m[22m[49m: Microsoft.AspNetCore.Hosting.Diagnostics[1]
      Request starting HTTP/2 POST http://ilpp/UnityILPP.PostProcessing/PostProcessAssembly application/grpc -
[40m[32minfo[39m[22m[49m: Microsoft.AspNetCore.Routing.EndpointMiddleware[0]
      Executing endpoint 'gRPC - /UnityILPP.PostProcessing/PostProcessAssembly'
[40m[32minfo[39m[22m[49m: Microsoft.AspNetCore.Hosting.Diagnostics[1]
      Request starting HTTP/2 POST http://ilpp/UnityILPP.PostProcessing/PostProcessAssembly application/grpc -
[40m[32minfo[39m[22m[49m: Microsoft.AspNetCore.Routing.EndpointMiddleware[0]
      Executing endpoint 'gRPC - /UnityILPP.PostProcessing/PostProcessAssembly'
[40m[32minfo[39m[22m[49m: Unity.ILPP.Runner.PostProcessingPipeline[0]
      Processing assembly Library/Bee/artifacts/200b0aE.dag/Unity.RenderPipelines.Core.ShaderLibrary.dll, with 134 defines and 250 references
[40m[32minfo[39m[22m[49m: Unity.ILPP.Runner.PostProcessingPipeline[0]
      Processing assembly Library/Bee/artifacts/200b0aE.dag/Unity.TextMeshPro.dll, with 135 defines and 251 references
[40m[32minfo[39m[22m[49m: Unity.ILPP.Runner.PostProcessingPipeline[0]
      processors: Unity.Jobs.CodeGen.JobsILPostProcessor, zzzUnity.Burst.CodeGen.BurstILPostProcessor
[40m[32minfo[39m[22m[49m: Unity.ILPP.Runner.PostProcessingPipeline[0]
      processors: Unity.Jobs.CodeGen.JobsILPostProcessor, zzzUnity.Burst.CodeGen.BurstILPostProcessor
[40m[32minfo[39m[22m[49m: Unity.ILPP.Runner.PostProcessingPipeline[0]
      running Unity.Jobs.CodeGen.JobsILPostProcessor
[40m[32minfo[39m[22m[49m: Unity.ILPP.Runner.PostProcessingPipeline[0]
      running zzzUnity.Burst.CodeGen.BurstILPostProcessor
[40m[32minfo[39m[22m[49m: Unity.ILPP.Runner.PostProcessingPipeline[0]
      running Unity.Jobs.CodeGen.JobsILPostProcessor
[40m[32minfo[39m[22m[49m: Unity.ILPP.Runner.PostProcessingPipeline[0]
      running zzzUnity.Burst.CodeGen.BurstILPostProcessor
[40m[32minfo[39m[22m[49m: Microsoft.AspNetCore.Hosting.Diagnostics[1]
      Request starting HTTP/2 POST http://ilpp/UnityILPP.PostProcessing/PostProcessAssembly application/grpc -
[40m[32minfo[39m[22m[49m: Microsoft.AspNetCore.Routing.EndpointMiddleware[0]
      Executing endpoint 'gRPC - /UnityILPP.PostProcessing/PostProcessAssembly'
[40m[32minfo[39m[22m[49m: Microsoft.AspNetCore.Routing.EndpointMiddleware[1]
      Executed endpoint 'gRPC - /UnityILPP.PostProcessing/PostProcessAssembly'
[40m[32minfo[39m[22m[49m: Microsoft.AspNetCore.Hosting.Diagnostics[2]
      Request finished HTTP/2 POST http://ilpp/UnityILPP.PostProcessing/PostProcessAssembly application/grpc - - 200 - application/grpc 47.4100ms
[40m[32minfo[39m[22m[49m: Microsoft.AspNetCore.Routing.EndpointMiddleware[1]
      Executed endpoint 'gRPC - /UnityILPP.PostProcessing/PostProcessAssembly'
[40m[32minfo[39m[22m[49m: Microsoft.AspNetCore.Hosting.Diagnostics[2]
      Request finished HTTP/2 POST http://ilpp/UnityILPP.PostProcessing/PostProcessAssembly application/grpc - - 200 - application/grpc 60.5822ms
[40m[32minfo[39m[22m[49m: Microsoft.AspNetCore.Hosting.Diagnostics[1]
      Request starting HTTP/2 POST http://ilpp/UnityILPP.PostProcessing/PostProcessAssembly application/grpc -
[40m[32minfo[39m[22m[49m: Microsoft.AspNetCore.Routing.EndpointMiddleware[0]
      Executing endpoint 'gRPC - /UnityILPP.PostProcessing/PostProcessAssembly'
[40m[32minfo[39m[22m[49m: Unity.ILPP.Runner.PostProcessingPipeline[0]
      Processing assembly Library/Bee/artifacts/200b0aE.dag/Unity.RenderPipelines.ShaderGraph.ShaderGraphLibrary.dll, with 134 defines and 250 references
[40m[32minfo[39m[22m[49m: Unity.ILPP.Runner.PostProcessingPipeline[0]
      processors: Unity.Jobs.CodeGen.JobsILPostProcessor, zzzUnity.Burst.CodeGen.BurstILPostProcessor
[40m[32minfo[39m[22m[49m: Unity.ILPP.Runner.PostProcessingPipeline[0]
      running Unity.Jobs.CodeGen.JobsILPostProcessor
[40m[32minfo[39m[22m[49m: Unity.ILPP.Runner.PostProcessingPipeline[0]
      running zzzUnity.Burst.CodeGen.BurstILPostProcessor
[40m[32minfo[39m[22m[49m: Microsoft.AspNetCore.Routing.EndpointMiddleware[1]
      Executed endpoint 'gRPC - /UnityILPP.PostProcessing/PostProcessAssembly'
[40m[32minfo[39m[22m[49m: Microsoft.AspNetCore.Hosting.Diagnostics[2]
      Request finished HTTP/2 POST http://ilpp/UnityILPP.PostProcessing/PostProcessAssembly application/grpc - - 200 - application/grpc 18.0535ms
[40m[32minfo[39m[22m[49m: Microsoft.AspNetCore.Hosting.Diagnostics[1]
      Request starting HTTP/2 POST http://ilpp/UnityILPP.PostProcessing/PostProcessAssembly application/grpc -
[40m[32minfo[39m[22m[49m: Microsoft.AspNetCore.Routing.EndpointMiddleware[0]
      Executing endpoint 'gRPC - /UnityILPP.PostProcessing/PostProcessAssembly'
[40m[32minfo[39m[22m[49m: Microsoft.AspNetCore.Hosting.Diagnostics[1]
      Request starting HTTP/2 POST http://ilpp/UnityILPP.PostProcessing/PostProcessAssembly application/grpc -
[40m[32minfo[39m[22m[49m: Microsoft.AspNetCore.Routing.EndpointMiddleware[0]
      Executing endpoint 'gRPC - /UnityILPP.PostProcessing/PostProcessAssembly'
[40m[32minfo[39m[22m[49m: Unity.ILPP.Runner.PostProcessingPipeline[0]
      Processing assembly Library/Bee/artifacts/200b0aE.dag/Unity.RenderPipelines.Universal.Shaders.dll, with 134 defines and 250 references
[40m[32minfo[39m[22m[49m: Unity.ILPP.Runner.PostProcessingPipeline[0]
      processors: Unity.Jobs.CodeGen.JobsILPostProcessor, zzzUnity.Burst.CodeGen.BurstILPostProcessor
[40m[32minfo[39m[22m[49m: Unity.ILPP.Runner.PostProcessingPipeline[0]
      running Unity.Jobs.CodeGen.JobsILPostProcessor
[40m[32minfo[39m[22m[49m: Unity.ILPP.Runner.PostProcessingPipeline[0]
      running zzzUnity.Burst.CodeGen.BurstILPostProcessor
[40m[32minfo[39m[22m[49m: Unity.ILPP.Runner.PostProcessingPipeline[0]
      Processing assembly Library/Bee/artifacts/200b0aE.dag/Unity.PerformanceTesting.dll, with 135 defines and 243 references
[40m[32minfo[39m[22m[49m: Unity.ILPP.Runner.PostProcessingPipeline[0]
      processors: Unity.Jobs.CodeGen.JobsILPostProcessor, zzzUnity.Burst.CodeGen.BurstILPostProcessor
[40m[32minfo[39m[22m[49m: Unity.ILPP.Runner.PostProcessingPipeline[0]
      running Unity.Jobs.CodeGen.JobsILPostProcessor
[40m[32minfo[39m[22m[49m: Unity.ILPP.Runner.PostProcessingPipeline[0]
      running zzzUnity.Burst.CodeGen.BurstILPostProcessor
[40m[32minfo[39m[22m[49m: Microsoft.AspNetCore.Routing.EndpointMiddleware[1]
      Executed endpoint 'gRPC - /UnityILPP.PostProcessing/PostProcessAssembly'
[40m[32minfo[39m[22m[49m: Microsoft.AspNetCore.Hosting.Diagnostics[2]
      Request finished HTTP/2 POST http://ilpp/UnityILPP.PostProcessing/PostProcessAssembly application/grpc - - 200 - application/grpc 5.7916ms
[40m[32minfo[39m[22m[49m: Unity.ILPP.Runner.PostProcessingPipeline[0]
      Processing assembly Library/Bee/artifacts/200b0aE.dag/UnityEngine.UI.dll, with 136 defines and 248 references
[40m[32minfo[39m[22m[49m: Unity.ILPP.Runner.PostProcessingPipeline[0]
      processors: Unity.Jobs.CodeGen.JobsILPostProcessor, zzzUnity.Burst.CodeGen.BurstILPostProcessor
[40m[32minfo[39m[22m[49m: Unity.ILPP.Runner.PostProcessingPipeline[0]
      running Unity.Jobs.CodeGen.JobsILPostProcessor
[40m[32minfo[39m[22m[49m: Unity.ILPP.Runner.PostProcessingPipeline[0]
      running zzzUnity.Burst.CodeGen.BurstILPostProcessor
[40m[32minfo[39m[22m[49m: Microsoft.AspNetCore.Routing.EndpointMiddleware[1]
      Executed endpoint 'gRPC - /UnityILPP.PostProcessing/PostProcessAssembly'
[40m[32minfo[39m[22m[49m: Microsoft.AspNetCore.Hosting.Diagnostics[2]
      Request finished HTTP/2 POST http://ilpp/UnityILPP.PostProcessing/PostProcessAssembly application/grpc - - 200 - application/grpc 24.2445ms
[40m[32minfo[39m[22m[49m: Microsoft.AspNetCore.Routing.EndpointMiddleware[1]
      Executed endpoint 'gRPC - /UnityILPP.PostProcessing/PostProcessAssembly'
[40m[32minfo[39m[22m[49m: Microsoft.AspNetCore.Hosting.Diagnostics[2]
      Request finished HTTP/2 POST http://ilpp/UnityILPP.PostProcessing/PostProcessAssembly application/grpc - - 200 - application/grpc 8.0465ms
[40m[32minfo[39m[22m[49m: Microsoft.AspNetCore.Hosting.Diagnostics[1]
      Request starting HTTP/2 POST http://ilpp/UnityILPP.PostProcessing/PostProcessAssembly application/grpc -
[40m[32minfo[39m[22m[49m: Microsoft.AspNetCore.Routing.EndpointMiddleware[0]
      Executing endpoint 'gRPC - /UnityILPP.PostProcessing/PostProcessAssembly'
[40m[32minfo[39m[22m[49m: Unity.ILPP.Runner.PostProcessingPipeline[0]
      Processing assembly Library/Bee/artifacts/200b0aE.dag/Unity.InternalAPIEngineBridge.004.dll, with 134 defines and 250 references
[40m[32minfo[39m[22m[49m: Unity.ILPP.Runner.PostProcessingPipeline[0]
      processors: Unity.Jobs.CodeGen.JobsILPostProcessor, zzzUnity.Burst.CodeGen.BurstILPostProcessor
[40m[32minfo[39m[22m[49m: Unity.ILPP.Runner.PostProcessingPipeline[0]
      running Unity.Jobs.CodeGen.JobsILPostProcessor
[40m[32minfo[39m[22m[49m: Unity.ILPP.Runner.PostProcessingPipeline[0]
      running zzzUnity.Burst.CodeGen.BurstILPostProcessor
[40m[32minfo[39m[22m[49m: Microsoft.AspNetCore.Routing.EndpointMiddleware[1]
      Executed endpoint 'gRPC - /UnityILPP.PostProcessing/PostProcessAssembly'
[40m[32minfo[39m[22m[49m: Microsoft.AspNetCore.Hosting.Diagnostics[2]
      Request finished HTTP/2 POST http://ilpp/UnityILPP.PostProcessing/PostProcessAssembly application/grpc - - 200 - application/grpc 13.7882ms
[40m[32minfo[39m[22m[49m: Microsoft.AspNetCore.Hosting.Diagnostics[1]
      Request starting HTTP/2 POST http://ilpp/UnityILPP.PostProcessing/PostProcessAssembly application/grpc -
[40m[32minfo[39m[22m[49m: Microsoft.AspNetCore.Routing.EndpointMiddleware[0]
      Executing endpoint 'gRPC - /UnityILPP.PostProcessing/PostProcessAssembly'
[40m[32minfo[39m[22m[49m: Unity.ILPP.Runner.PostProcessingPipeline[0]
      Processing assembly Library/Bee/artifacts/200b0aE.dag/Unity.Collections.dll, with 136 defines and 252 references
[40m[32minfo[39m[22m[49m: Unity.ILPP.Runner.PostProcessingPipeline[0]
      processors: Unity.Jobs.CodeGen.JobsILPostProcessor, zzzUnity.Burst.CodeGen.BurstILPostProcessor
[40m[32minfo[39m[22m[49m: Unity.ILPP.Runner.PostProcessingPipeline[0]
      running Unity.Jobs.CodeGen.JobsILPostProcessor
[40m[32minfo[39m[22m[49m: Unity.ILPP.Runner.PostProcessingAssemblyLoadContext[0]
      Resolved Unity.Collections, Version=0.0.0.0, Culture=neutral, PublicKeyToken=null with Library/Bee/artifacts/200b0aE.dag/Unity.Collections.dll
[40m[32minfo[39m[22m[49m: Microsoft.AspNetCore.Hosting.Diagnostics[1]
      Request starting HTTP/2 POST http://ilpp/UnityILPP.PostProcessing/PostProcessAssembly application/grpc -
[40m[32minfo[39m[22m[49m: Microsoft.AspNetCore.Routing.EndpointMiddleware[0]
      Executing endpoint 'gRPC - /UnityILPP.PostProcessing/PostProcessAssembly'
[40m[32minfo[39m[22m[49m: Microsoft.AspNetCore.Hosting.Diagnostics[1]
      Request starting HTTP/2 POST http://ilpp/UnityILPP.PostProcessing/PostProcessAssembly application/grpc -
[40m[32minfo[39m[22m[49m: Microsoft.AspNetCore.Routing.EndpointMiddleware[0]
      Executing endpoint 'gRPC - /UnityILPP.PostProcessing/PostProcessAssembly'
[40m[32minfo[39m[22m[49m: Unity.ILPP.Runner.PostProcessingPipeline[0]
      Processing assembly Library/Bee/artifacts/200b0aE.dag/Unity.Mathematics.dll, with 134 defines and 250 references
[40m[32minfo[39m[22m[49m: Unity.ILPP.Runner.PostProcessingPipeline[0]
      processors: Unity.Jobs.CodeGen.JobsILPostProcessor, zzzUnity.Burst.CodeGen.BurstILPostProcessor
[40m[32minfo[39m[22m[49m: Unity.ILPP.Runner.PostProcessingPipeline[0]
      running Unity.Jobs.CodeGen.JobsILPostProcessor
[40m[32minfo[39m[22m[49m: Unity.ILPP.Runner.PostProcessingPipeline[0]
      running zzzUnity.Burst.CodeGen.BurstILPostProcessor
[40m[32minfo[39m[22m[49m: Microsoft.AspNetCore.Routing.EndpointMiddleware[1]
      Executed endpoint 'gRPC - /UnityILPP.PostProcessing/PostProcessAssembly'
[40m[32minfo[39m[22m[49m: Microsoft.AspNetCore.Hosting.Diagnostics[2]
      Request finished HTTP/2 POST http://ilpp/UnityILPP.PostProcessing/PostProcessAssembly application/grpc - - 200 - application/grpc 8.9408ms
[40m[32minfo[39m[22m[49m: Unity.ILPP.Runner.PostProcessingPipeline[0]
      Processing assembly Library/Bee/artifacts/200b0aE.dag/Piglet.dll, with 134 defines and 250 references
[40m[32minfo[39m[22m[49m: Unity.ILPP.Runner.PostProcessingPipeline[0]
      processors: Unity.Jobs.CodeGen.JobsILPostProcessor, zzzUnity.Burst.CodeGen.BurstILPostProcessor
[40m[32minfo[39m[22m[49m: Unity.ILPP.Runner.PostProcessingPipeline[0]
      running Unity.Jobs.CodeGen.JobsILPostProcessor
[40m[32minfo[39m[22m[49m: Unity.ILPP.Runner.PostProcessingPipeline[0]
      running zzzUnity.Burst.CodeGen.BurstILPostProcessor
[40m[32minfo[39m[22m[49m: Microsoft.AspNetCore.Routing.EndpointMiddleware[1]
      Executed endpoint 'gRPC - /UnityILPP.PostProcessing/PostProcessAssembly'
[40m[32minfo[39m[22m[49m: Microsoft.AspNetCore.Hosting.Diagnostics[2]
      Request finished HTTP/2 POST http://ilpp/UnityILPP.PostProcessing/PostProcessAssembly application/grpc - - 200 - application/grpc 16.7158ms
[40m[32minfo[39m[22m[49m: Microsoft.AspNetCore.Hosting.Diagnostics[1]
      Request starting HTTP/2 POST http://ilpp/UnityILPP.PostProcessing/PostProcessAssembly application/grpc -
[40m[32minfo[39m[22m[49m: Microsoft.AspNetCore.Routing.EndpointMiddleware[0]
      Executing endpoint 'gRPC - /UnityILPP.PostProcessing/PostProcessAssembly'
[40m[32minfo[39m[22m[49m: Microsoft.AspNetCore.Hosting.Diagnostics[1]
      Request starting HTTP/2 POST http://ilpp/UnityILPP.PostProcessing/PostProcessAssembly application/grpc -
[40m[32minfo[39m[22m[49m: Microsoft.AspNetCore.Routing.EndpointMiddleware[0]
      Executing endpoint 'gRPC - /UnityILPP.PostProcessing/PostProcessAssembly'
[40m[32minfo[39m[22m[49m: Microsoft.AspNetCore.Hosting.Diagnostics[1]
      Request starting HTTP/2 POST http://ilpp/UnityILPP.PostProcessing/PostProcessAssembly application/grpc -
[40m[32minfo[39m[22m[49m: Microsoft.AspNetCore.Routing.EndpointMiddleware[0]
      Executing endpoint 'gRPC - /UnityILPP.PostProcessing/PostProcessAssembly'
[40m[32minfo[39m[22m[49m: Unity.ILPP.Runner.PostProcessingPipeline[0]
      Processing assembly Library/Bee/artifacts/200b0aE.dag/Unity.Collections.Editor.dll, with 133 defines and 282 references
[40m[32minfo[39m[22m[49m: Unity.ILPP.Runner.PostProcessingPipeline[0]
      processors: Unity.Jobs.CodeGen.JobsILPostProcessor, zzzUnity.Burst.CodeGen.BurstILPostProcessor
[40m[32minfo[39m[22m[49m: Microsoft.AspNetCore.Hosting.Diagnostics[1]
      Request starting HTTP/2 POST http://ilpp/UnityILPP.PostProcessing/PostProcessAssembly application/grpc -
[40m[32minfo[39m[22m[49m: Microsoft.AspNetCore.Routing.EndpointMiddleware[0]
      Executing endpoint 'gRPC - /UnityILPP.PostProcessing/PostProcessAssembly'
[40m[32minfo[39m[22m[49m: Microsoft.AspNetCore.Hosting.Diagnostics[1]
      Request starting HTTP/2 POST http://ilpp/UnityILPP.PostProcessing/PostProcessAssembly application/grpc -
[40m[32minfo[39m[22m[49m: Microsoft.AspNetCore.Routing.EndpointMiddleware[0]
      Executing endpoint 'gRPC - /UnityILPP.PostProcessing/PostProcessAssembly'
[40m[32minfo[39m[22m[49m: Unity.ILPP.Runner.PostProcessingPipeline[0]
      running Unity.Jobs.CodeGen.JobsILPostProcessor
[40m[32minfo[39m[22m[49m: Microsoft.AspNetCore.Hosting.Diagnostics[1]
      Request starting HTTP/2 POST http://ilpp/UnityILPP.PostProcessing/PostProcessAssembly application/grpc -
[40m[32minfo[39m[22m[49m: Microsoft.AspNetCore.Routing.EndpointMiddleware[0]
      Executing endpoint 'gRPC - /UnityILPP.PostProcessing/PostProcessAssembly'
[40m[32minfo[39m[22m[49m: Unity.ILPP.Runner.PostProcessingAssemblyLoadContext[0]
      Resolved UnityEditor.CoreModule, Version=0.0.0.0, Culture=neutral, PublicKeyToken=null with /Applications/Unity/Hub/Editor/6000.3.21f1/Unity.app/Contents/Resources/Scripting/Managed/UnityEngine/UnityEditor.CoreModule.dll
[40m[32minfo[39m[22m[49m: Unity.ILPP.Runner.PostProcessingAssemblyLoadContext[0]
      Resolved UnityEngine.CoreModule, Version=0.0.0.0, Culture=neutral, PublicKeyToken=null with /Applications/Unity/Hub/Editor/6000.3.21f1/Unity.app/Contents/Resources/Scripting/Managed/UnityEngine/UnityEngine.CoreModule.dll
[40m[32minfo[39m[22m[49m: Unity.ILPP.Runner.PostProcessingPipeline[0]
      Processing assembly Library/Bee/artifacts/200b0aE.dag/Unity.Burst.dll, with 134 defines and 246 references
[40m[32minfo[39m[22m[49m: Unity.ILPP.Runner.PostProcessingPipeline[0]
      processors: Unity.Jobs.CodeGen.JobsILPostProcessor, zzzUnity.Burst.CodeGen.BurstILPostProcessor
[40m[32minfo[39m[22m[49m: Unity.ILPP.Runner.PostProcessingPipeline[0]
      Processing assembly Library/Bee/artifacts/200b0aE.dag/Unity.Burst.Editor.dll, with 132 defines and 282 references
[40m[32minfo[39m[22m[49m: Unity.ILPP.Runner.PostProcessingPipeline[0]
      processors: Unity.Jobs.CodeGen.JobsILPostProcessor, zzzUnity.Burst.CodeGen.BurstILPostProcessor
[40m[32minfo[39m[22m[49m: Unity.ILPP.Runner.PostProcessingPipeline[0]
      Processing assembly Library/Bee/artifacts/200b0aE.dag/UnityEditor.UI.dll, with 134 defines and 280 references
[40m[32minfo[39m[22m[49m: Unity.ILPP.Runner.PostProcessingPipeline[0]
      processors: Unity.Jobs.CodeGen.JobsILPostProcessor, zzzUnity.Burst.CodeGen.BurstILPostProcessor
[40m[32minfo[39m[22m[49m: Unity.ILPP.Runner.PostProcessingPipeline[0]
      running Unity.Jobs.CodeGen.JobsILPostProcessor
[40m[32minfo[39m[22m[49m: Unity.ILPP.Runner.PostProcessingPipeline[0]
      running zzzUnity.Burst.CodeGen.BurstILPostProcessor
[40m[32minfo[39m[22m[49m: Unity.ILPP.Runner.PostProcessingPipeline[0]
      Processing assembly Library/Bee/artifacts/200b0aE.dag/Unity.UnifiedRayTracing.Runtime.dll, with 135 defines and 253 references
[40m[32minfo[39m[22m[49m: Unity.ILPP.Runner.PostProcessingPipeline[0]
      processors: Unity.Jobs.CodeGen.JobsILPostProcessor, zzzUnity.Burst.CodeGen.BurstILPostProcessor
[40m[32minfo[39m[22m[49m: Unity.ILPP.Runner.PostProcessingPipeline[0]
      running Unity.Jobs.CodeGen.JobsILPostProcessor
[40m[32minfo[39m[22m[49m: Unity.ILPP.Runner.PostProcessingPipeline[0]
      running Unity.Jobs.CodeGen.JobsILPostProcessor
[40m[32minfo[39m[22m[49m: Unity.ILPP.Runner.PostProcessingPipeline[0]
      running zzzUnity.Burst.CodeGen.BurstILPostProcessor
[40m[32minfo[39m[22m[49m: Unity.ILPP.Runner.PostProcessingPipeline[0]
      running Unity.Jobs.CodeGen.JobsILPostProcessor
[40m[32minfo[39m[22m[49m: Unity.ILPP.Runner.PostProcessingPipeline[0]
      running zzzUnity.Burst.CodeGen.BurstILPostProcessor
[40m[32minfo[39m[22m[49m: Microsoft.AspNetCore.Routing.EndpointMiddleware[1]
      Executed endpoint 'gRPC - /UnityILPP.PostProcessing/PostProcessAssembly'
[40m[32minfo[39m[22m[49m: Microsoft.AspNetCore.Hosting.Diagnostics[2]
      Request finished HTTP/2 POST http://ilpp/UnityILPP.PostProcessing/PostProcessAssembly application/grpc - - 200 - application/grpc 33.6761ms
[40m[32minfo[39m[22m[49m: Unity.ILPP.Runner.PostProcessingPipeline[0]
      running zzzUnity.Burst.CodeGen.BurstILPostProcessor
[40m[32minfo[39m[22m[49m: Unity.ILPP.Runner.PostProcessingAssemblyLoadContext[0]
      Resolved Mono.Cecil.Rocks, Version=0.11.5.0, Culture=neutral, PublicKeyToken=50cebf1cceb9d05e with Library/PackageCache/com.unity.nuget.mono-cecil@ecb9724e46ff/Mono.Cecil.Rocks.dll
[40m[32minfo[39m[22m[49m: Microsoft.AspNetCore.Routing.EndpointMiddleware[1]
      Executed endpoint 'gRPC - /UnityILPP.PostProcessing/PostProcessAssembly'
[40m[32minfo[39m[22m[49m: Microsoft.AspNetCore.Hosting.Diagnostics[2]
      Request finished HTTP/2 POST http://ilpp/UnityILPP.PostProcessing/PostProcessAssembly application/grpc - - 200 - application/grpc 82.3971ms
[40m[32minfo[39m[22m[49m: Unity.ILPP.Runner.PostProcessingPipeline[0]
      Processing assembly Library/Bee/artifacts/200b0aE.dag/Unity.ShaderGraph.Utilities.dll, with 132 defines and 281 references
[40m[32minfo[39m[22m[49m: Unity.ILPP.Runner.PostProcessingPipeline[0]
      processors: Unity.Jobs.CodeGen.JobsILPostProcessor, zzzUnity.Burst.CodeGen.BurstILPostProcessor
[40m[32minfo[39m[22m[49m: Unity.ILPP.Runner.PostProcessingPipeline[0]
      running Unity.Jobs.CodeGen.JobsILPostProcessor
[40m[32minfo[39m[22m[49m: Unity.ILPP.Runner.PostProcessingPipeline[0]
      running zzzUnity.Burst.CodeGen.BurstILPostProcessor
[40m[32minfo[39m[22m[49m: Microsoft.AspNetCore.Routing.EndpointMiddleware[1]
      Executed endpoint 'gRPC - /UnityILPP.PostProcessing/PostProcessAssembly'
[40m[32minfo[39m[22m[49m: Microsoft.AspNetCore.Hosting.Diagnostics[2]
      Request finished HTTP/2 POST http://ilpp/UnityILPP.PostProcessing/PostProcessAssembly application/grpc - - 200 - application/grpc 64.5832ms
[40m[32minfo[39m[22m[49m: Microsoft.AspNetCore.Hosting.Diagnostics[1]
      Request starting HTTP/2 POST http://ilpp/UnityILPP.PostProcessing/PostProcessAssembly application/grpc -
[40m[32minfo[39m[22m[49m: Microsoft.AspNetCore.Routing.EndpointMiddleware[0]
      Executing endpoint 'gRPC - /UnityILPP.PostProcessing/PostProcessAssembly'
[40m[32minfo[39m[22m[49m: Unity.ILPP.Runner.PostProcessingAssemblyLoadContext[0]
      Resolved Unity.Burst.Cecil.Rocks, Version=0.11.6.0, Culture=neutral, PublicKeyToken=50cebf1cceb9d05e with Library/PackageCache/com.unity.burst@2f3d916873ea/Unity.Burst.CodeGen/Unity.Burst.Cecil.Rocks.dll
[40m[32minfo[39m[22m[49m: Microsoft.AspNetCore.Hosting.Diagnostics[1]
      Request starting HTTP/2 POST http://ilpp/UnityILPP.PostProcessing/PostProcessAssembly application/grpc -
[40m[32minfo[39m[22m[49m: Microsoft.AspNetCore.Routing.EndpointMiddleware[0]
      Executing endpoint 'gRPC - /UnityILPP.PostProcessing/PostProcessAssembly'
[40m[32minfo[39m[22m[49m: Unity.ILPP.Runner.PostProcessingPipeline[0]
      Processing assembly Library/Bee/artifacts/200b0aE.dag/PigletEditor.dll, with 132 defines and 282 references
[40m[32minfo[39m[22m[49m: Unity.ILPP.Runner.PostProcessingPipeline[0]
      processors: Unity.Jobs.CodeGen.JobsILPostProcessor, zzzUnity.Burst.CodeGen.BurstILPostProcessor
[40m[32minfo[39m[22m[49m: Unity.ILPP.Runner.PostProcessingPipeline[0]
      running Unity.Jobs.CodeGen.JobsILPostProcessor
[40m[32minfo[39m[22m[49m: Unity.ILPP.Runner.PostProcessingPipeline[0]
      running zzzUnity.Burst.CodeGen.BurstILPostProcessor
[40m[32minfo[39m[22m[49m: Microsoft.AspNetCore.Routing.EndpointMiddleware[1]
      Executed endpoint 'gRPC - /UnityILPP.PostProcessing/PostProcessAssembly'
[40m[32minfo[39m[22m[49m: Microsoft.AspNetCore.Hosting.Diagnostics[2]
      Request finished HTTP/2 POST http://ilpp/UnityILPP.PostProcessing/PostProcessAssembly application/grpc - - 200 - application/grpc 97.1454ms
[40m[32minfo[39m[22m[49m: Unity.ILPP.Runner.PostProcessingPipeline[0]
      Processing assembly Library/Bee/artifacts/200b0aE.dag/Unity.PerformanceTesting.Editor.dll, with 133 defines and 277 references
[40m[32minfo[39m[22m[49m: Unity.ILPP.Runner.PostProcessingPipeline[0]
      processors: Unity.Jobs.CodeGen.JobsILPostProcessor, zzzUnity.Burst.CodeGen.BurstILPostProcessor
[40m[32minfo[39m[22m[49m: Unity.ILPP.Runner.PostProcessingPipeline[0]
      running Unity.Jobs.CodeGen.JobsILPostProcessor
[40m[32minfo[39m[22m[49m: Unity.ILPP.Runner.PostProcessingPipeline[0]
      running zzzUnity.Burst.CodeGen.BurstILPostProcessor
[40m[32minfo[39m[22m[49m: Microsoft.AspNetCore.Routing.EndpointMiddleware[1]
      Executed endpoint 'gRPC - /UnityILPP.PostProcessing/PostProcessAssembly'
[40m[32minfo[39m[22m[49m: Microsoft.AspNetCore.Hosting.Diagnostics[2]
      Request finished HTTP/2 POST http://ilpp/UnityILPP.PostProcessing/PostProcessAssembly application/grpc - - 200 - application/grpc 27.4778ms
[40m[32minfo[39m[22m[49m: Microsoft.AspNetCore.Hosting.Diagnostics[1]
      Request starting HTTP/2 POST http://ilpp/UnityILPP.PostProcessing/PostProcessAssembly application/grpc -
[40m[32minfo[39m[22m[49m: Microsoft.AspNetCore.Routing.EndpointMiddleware[0]
      Executing endpoint 'gRPC - /UnityILPP.PostProcessing/PostProcessAssembly'
[40m[32minfo[39m[22m[49m: Unity.ILPP.Runner.PostProcessingPipeline[0]
      Processing assembly Library/Bee/artifacts/200b0aE.dag/Unity.Searcher.Editor.dll, with 132 defines and 281 references
[40m[32minfo[39m[22m[49m: Unity.ILPP.Runner.PostProcessingPipeline[0]
      processors: Unity.Jobs.CodeGen.JobsILPostProcessor, zzzUnity.Burst.CodeGen.BurstILPostProcessor
[40m[32minfo[39m[22m[49m: Unity.ILPP.Runner.PostProcessingPipeline[0]
      running Unity.Jobs.CodeGen.JobsILPostProcessor
[40m[32minfo[39m[22m[49m: Unity.ILPP.Runner.PostProcessingPipeline[0]
      running zzzUnity.Burst.CodeGen.BurstILPostProcessor
[40m[32minfo[39m[22m[49m: Microsoft.AspNetCore.Routing.EndpointMiddleware[1]
      Executed endpoint 'gRPC - /UnityILPP.PostProcessing/PostProcessAssembly'
[40m[32minfo[39m[22m[49m: Microsoft.AspNetCore.Hosting.Diagnostics[2]
      Request finished HTTP/2 POST http://ilpp/UnityILPP.PostProcessing/PostProcessAssembly application/grpc - - 200 - application/grpc 29.7688ms
[40m[32minfo[39m[22m[49m: Microsoft.AspNetCore.Routing.EndpointMiddleware[1]
      Executed endpoint 'gRPC - /UnityILPP.PostProcessing/PostProcessAssembly'
[40m[32minfo[39m[22m[49m: Microsoft.AspNetCore.Hosting.Diagnostics[2]
      Request finished HTTP/2 POST http://ilpp/UnityILPP.PostProcessing/PostProcessAssembly application/grpc - - 200 - application/grpc 403.8289ms
[40m[32minfo[39m[22m[49m: Unity.ILPP.Runner.PostProcessingPipeline[0]
      running zzzUnity.Burst.CodeGen.BurstILPostProcessor
[40m[32minfo[39m[22m[49m: Microsoft.AspNetCore.Routing.EndpointMiddleware[1]
      Executed endpoint 'gRPC - /UnityILPP.PostProcessing/PostProcessAssembly'
[40m[32minfo[39m[22m[49m: Microsoft.AspNetCore.Hosting.Diagnostics[2]
      Request finished HTTP/2 POST http://ilpp/UnityILPP.PostProcessing/PostProcessAssembly application/grpc - - 200 - application/grpc 448.7815ms
[40m[32minfo[39m[22m[49m: Unity.ILPP.Runner.PostProcessingPipeline[0]
      running zzzUnity.Burst.CodeGen.BurstILPostProcessor
[40m[32minfo[39m[22m[49m: Microsoft.AspNetCore.Hosting.Diagnostics[1]
      Request starting HTTP/2 POST http://ilpp/UnityILPP.PostProcessing/PostProcessAssembly application/grpc -
[40m[32minfo[39m[22m[49m: Microsoft.AspNetCore.Routing.EndpointMiddleware[0]
      Executing endpoint 'gRPC - /UnityILPP.PostProcessing/PostProcessAssembly'
[40m[32minfo[39m[22m[49m: Unity.ILPP.Runner.PostProcessingPipeline[0]
      Processing assembly Library/Bee/artifacts/200b0aE.dag/Unity.Rendering.LightTransport.Editor.dll, with 132 defines and 281 references
[40m[32minfo[39m[22m[49m: Unity.ILPP.Runner.PostProcessingPipeline[0]
      processors: Unity.Jobs.CodeGen.JobsILPostProcessor, zzzUnity.Burst.CodeGen.BurstILPostProcessor
[40m[32minfo[39m[22m[49m: Unity.ILPP.Runner.PostProcessingPipeline[0]
      running Unity.Jobs.CodeGen.JobsILPostProcessor
[40m[32minfo[39m[22m[49m: Unity.ILPP.Runner.PostProcessingPipeline[0]
      running zzzUnity.Burst.CodeGen.BurstILPostProcessor
[40m[32minfo[39m[22m[49m: Microsoft.AspNetCore.Routing.EndpointMiddleware[1]
      Executed endpoint 'gRPC - /UnityILPP.PostProcessing/PostProcessAssembly'
[40m[32minfo[39m[22m[49m: Microsoft.AspNetCore.Hosting.Diagnostics[2]
      Request finished HTTP/2 POST http://ilpp/UnityILPP.PostProcessing/PostProcessAssembly application/grpc - - 200 - application/grpc 10.5802ms
[40m[32minfo[39m[22m[49m: Microsoft.AspNetCore.Hosting.Diagnostics[1]
      Request starting HTTP/2 POST http://ilpp/UnityILPP.PostProcessing/PostProcessAssembly application/grpc -
[40m[32minfo[39m[22m[49m: Microsoft.AspNetCore.Routing.EndpointMiddleware[0]
      Executing endpoint 'gRPC - /UnityILPP.PostProcessing/PostProcessAssembly'
[40m[32minfo[39m[22m[49m: Unity.ILPP.Runner.PostProcessingPipeline[0]
      Processing assembly Library/Bee/artifacts/200b0aE.dag/PigletEditorTest.dll, with 132 defines and 277 references
[40m[32minfo[39m[22m[49m: Unity.ILPP.Runner.PostProcessingPipeline[0]
      processors: Unity.Jobs.CodeGen.JobsILPostProcessor, zzzUnity.Burst.CodeGen.BurstILPostProcessor
[40m[32minfo[39m[22m[49m: Unity.ILPP.Runner.PostProcessingPipeline[0]
      running Unity.Jobs.CodeGen.JobsILPostProcessor
[40m[32minfo[39m[22m[49m: Unity.ILPP.Runner.PostProcessingPipeline[0]
      running zzzUnity.Burst.CodeGen.BurstILPostProcessor
[40m[32minfo[39m[22m[49m: Microsoft.AspNetCore.Routing.EndpointMiddleware[1]
      Executed endpoint 'gRPC - /UnityILPP.PostProcessing/PostProcessAssembly'
[40m[32minfo[39m[22m[49m: Microsoft.AspNetCore.Hosting.Diagnostics[2]
      Request finished HTTP/2 POST http://ilpp/UnityILPP.PostProcessing/PostProcessAssembly application/grpc - - 200 - application/grpc 3.7593ms
[40m[32minfo[39m[22m[49m: Microsoft.AspNetCore.Hosting.Diagnostics[1]
      Request starting HTTP/2 POST http://ilpp/UnityILPP.PostProcessing/PostProcessAssembly application/grpc -
[40m[32minfo[39m[22m[49m: Microsoft.AspNetCore.Hosting.Diagnostics[1]
      Request starting HTTP/2 POST http://ilpp/UnityILPP.PostProcessing/PostProcessAssembly application/grpc -
[40m[32minfo[39m[22m[49m: Microsoft.AspNetCore.Routing.EndpointMiddleware[0]
      Executing endpoint 'gRPC - /UnityILPP.PostProcessing/PostProcessAssembly'
[40m[32minfo[39m[22m[49m: Microsoft.AspNetCore.Routing.EndpointMiddleware[0]
      Executing endpoint 'gRPC - /UnityILPP.PostProcessing/PostProcessAssembly'
[40m[32minfo[39m[22m[49m: Unity.ILPP.Runner.PostProcessingPipeline[0]
      Processing assembly Library/Bee/artifacts/200b0aE.dag/Unity.Mathematics.Editor.dll, with 132 defines and 282 references
[40m[32minfo[39m[22m[49m: Unity.ILPP.Runner.PostProcessingPipeline[0]
      processors: Unity.Jobs.CodeGen.JobsILPostProcessor, zzzUnity.Burst.CodeGen.BurstILPostProcessor
[40m[32minfo[39m[22m[49m: Unity.ILPP.Runner.PostProcessingPipeline[0]
      Processing assembly Library/Bee/artifacts/200b0aE.dag/UnityEditor.UI.Analytics.dll, with 132 defines and 282 references
[40m[32minfo[39m[22m[49m: Unity.ILPP.Runner.PostProcessingPipeline[0]
      processors: Unity.Jobs.CodeGen.JobsILPostProcessor, zzzUnity.Burst.CodeGen.BurstILPostProcessor
[40m[32minfo[39m[22m[49m: Unity.ILPP.Runner.PostProcessingPipeline[0]
      running Unity.Jobs.CodeGen.JobsILPostProcessor
[40m[32minfo[39m[22m[49m: Unity.ILPP.Runner.PostProcessingPipeline[0]
      running Unity.Jobs.CodeGen.JobsILPostProcessor
[40m[32minfo[39m[22m[49m: Unity.ILPP.Runner.PostProcessingPipeline[0]
      running zzzUnity.Burst.CodeGen.BurstILPostProcessor
[40m[32minfo[39m[22m[49m: Unity.ILPP.Runner.PostProcessingPipeline[0]
      running zzzUnity.Burst.CodeGen.BurstILPostProcessor
[40m[32minfo[39m[22m[49m: Microsoft.AspNetCore.Routing.EndpointMiddleware[1]
      Executed endpoint 'gRPC - /UnityILPP.PostProcessing/PostProcessAssembly'
[40m[32minfo[39m[22m[49m: Microsoft.AspNetCore.Hosting.Diagnostics[2]
      Request finished HTTP/2 POST http://ilpp/UnityILPP.PostProcessing/PostProcessAssembly application/grpc - - 200 - application/grpc 16.2240ms
[40m[32minfo[39m[22m[49m: Microsoft.AspNetCore.Routing.EndpointMiddleware[1]
      Executed endpoint 'gRPC - /UnityILPP.PostProcessing/PostProcessAssembly'
[40m[32minfo[39m[22m[49m: Microsoft.AspNetCore.Hosting.Diagnostics[2]
      Request finished HTTP/2 POST http://ilpp/UnityILPP.PostProcessing/PostProcessAssembly application/grpc - - 200 - application/grpc 16.2886ms
[40m[32minfo[39m[22m[49m: Microsoft.AspNetCore.Routing.EndpointMiddleware[1]
      Executed endpoint 'gRPC - /UnityILPP.PostProcessing/PostProcessAssembly'
[40m[32minfo[39m[22m[49m: Microsoft.AspNetCore.Hosting.Diagnostics[2]
      Request finished HTTP/2 POST http://ilpp/UnityILPP.PostProcessing/PostProcessAssembly application/grpc - - 200 - application/grpc 674.3235ms
[40m[32minfo[39m[22m[49m: Microsoft.AspNetCore.Routing.EndpointMiddleware[1]
      Executed endpoint 'gRPC - /UnityILPP.PostProcessing/PostProcessAssembly'
[40m[32minfo[39m[22m[49m: Microsoft.AspNetCore.Hosting.Diagnostics[2]
      Request finished HTTP/2 POST http://ilpp/UnityILPP.PostProcessing/PostProcessAssembly application/grpc - - 200 - application/grpc 904.6308ms
[40m[32minfo[39m[22m[49m: Microsoft.AspNetCore.Hosting.Diagnostics[1]
      Request starting HTTP/2 POST http://ilpp/UnityILPP.PostProcessing/PostProcessAssembly application/grpc -
[40m[32minfo[39m[22m[49m: Microsoft.AspNetCore.Routing.EndpointMiddleware[0]
      Executing endpoint 'gRPC - /UnityILPP.PostProcessing/PostProcessAssembly'
[40m[32minfo[39m[22m[49m: Unity.ILPP.Runner.PostProcessingPipeline[0]
      Processing assembly Library/Bee/artifacts/200b0aE.dag/Unity.RenderPipelines.Core.Runtime.dll, with 134 defines and 253 references
[40m[32minfo[39m[22m[49m: Unity.ILPP.Runner.PostProcessingPipeline[0]
      processors: Unity.Jobs.CodeGen.JobsILPostProcessor, zzzUnity.Burst.CodeGen.BurstILPostProcessor
[40m[32minfo[39m[22m[49m: Unity.ILPP.Runner.PostProcessingPipeline[0]
      running Unity.Jobs.CodeGen.JobsILPostProcessor
[40m[32minfo[39m[22m[49m: Microsoft.AspNetCore.Hosting.Diagnostics[1]
      Request starting HTTP/2 POST http://ilpp/UnityILPP.PostProcessing/PostProcessAssembly application/grpc -
[40m[32minfo[39m[22m[49m: Microsoft.AspNetCore.Routing.EndpointMiddleware[0]
      Executing endpoint 'gRPC - /UnityILPP.PostProcessing/PostProcessAssembly'
[40m[32minfo[39m[22m[49m: Unity.ILPP.Runner.PostProcessingPipeline[0]
      Processing assembly Library/Bee/artifacts/200b0aE.dag/Unity.TextMeshPro.Editor.dll, with 132 defines and 283 references
[40m[32minfo[39m[22m[49m: Unity.ILPP.Runner.PostProcessingPipeline[0]
      processors: Unity.Jobs.CodeGen.JobsILPostProcessor, zzzUnity.Burst.CodeGen.BurstILPostProcessor
[40m[32minfo[39m[22m[49m: Unity.ILPP.Runner.PostProcessingPipeline[0]
      running Unity.Jobs.CodeGen.JobsILPostProcessor
[40m[32minfo[39m[22m[49m: Unity.ILPP.Runner.PostProcessingPipeline[0]
      running zzzUnity.Burst.CodeGen.BurstILPostProcessor
[40m[32minfo[39m[22m[49m: Microsoft.AspNetCore.Routing.EndpointMiddleware[1]
      Executed endpoint 'gRPC - /UnityILPP.PostProcessing/PostProcessAssembly'
[40m[32minfo[39m[22m[49m: Microsoft.AspNetCore.Hosting.Diagnostics[2]
      Request finished HTTP/2 POST http://ilpp/UnityILPP.PostProcessing/PostProcessAssembly application/grpc - - 200 - application/grpc 18.6676ms
[40m[32minfo[39m[22m[49m: Unity.ILPP.Runner.PostProcessingPipeline[0]
      running zzzUnity.Burst.CodeGen.BurstILPostProcessor
[40m[32minfo[39m[22m[49m: Microsoft.AspNetCore.Routing.EndpointMiddleware[1]
      Executed endpoint 'gRPC - /UnityILPP.PostProcessing/PostProcessAssembly'
[40m[32minfo[39m[22m[49m: Microsoft.AspNetCore.Hosting.Diagnostics[2]
      Request finished HTTP/2 POST http://ilpp/UnityILPP.PostProcessing/PostProcessAssembly application/grpc - - 200 - application/grpc 202.6014ms
[40m[32minfo[39m[22m[49m: Microsoft.AspNetCore.Hosting.Diagnostics[1]
      Request starting HTTP/2 POST http://ilpp/UnityILPP.PostProcessing/PostProcessAssembly application/grpc -
[40m[32minfo[39m[22m[49m: Microsoft.AspNetCore.Routing.EndpointMiddleware[0]
      Executing endpoint 'gRPC - /UnityILPP.PostProcessing/PostProcessAssembly'
[40m[32minfo[39m[22m[49m: Unity.ILPP.Runner.PostProcessingPipeline[0]
      Processing assembly Library/Bee/artifacts/200b0aE.dag/Unity.RenderPipelines.Core.Runtime.Shared.dll, with 134 defines and 251 references
[40m[32minfo[39m[22m[49m: Unity.ILPP.Runner.PostProcessingPipeline[0]
      processors: Unity.Jobs.CodeGen.JobsILPostProcessor, zzzUnity.Burst.CodeGen.BurstILPostProcessor
[40m[32minfo[39m[22m[49m: Unity.ILPP.Runner.PostProcessingPipeline[0]
      running Unity.Jobs.CodeGen.JobsILPostProcessor
[40m[32minfo[39m[22m[49m: Unity.ILPP.Runner.PostProcessingPipeline[0]
      running zzzUnity.Burst.CodeGen.BurstILPostProcessor
[40m[32minfo[39m[22m[49m: Microsoft.AspNetCore.Routing.EndpointMiddleware[1]
      Executed endpoint 'gRPC - /UnityILPP.PostProcessing/PostProcessAssembly'
[40m[32minfo[39m[22m[49m: Microsoft.AspNetCore.Hosting.Diagnostics[2]
      Request finished HTTP/2 POST http://ilpp/UnityILPP.PostProcessing/PostProcessAssembly application/grpc - - 200 - application/grpc 2.7377ms
[40m[32minfo[39m[22m[49m: Microsoft.AspNetCore.Hosting.Diagnostics[1]
      Request starting HTTP/2 POST http://ilpp/UnityILPP.PostProcessing/PostProcessAssembly application/grpc -
[40m[32minfo[39m[22m[49m: Microsoft.AspNetCore.Routing.EndpointMiddleware[0]
      Executing endpoint 'gRPC - /UnityILPP.PostProcessing/PostProcessAssembly'
[40m[32minfo[39m[22m[49m: Unity.ILPP.Runner.PostProcessingPipeline[0]
      Processing assembly Library/Bee/artifacts/200b0aE.dag/Unity.RenderPipelines.Universal.Config.Runtime.dll, with 134 defines and 251 references
[40m[32minfo[39m[22m[49m: Unity.ILPP.Runner.PostProcessingPipeline[0]
      processors: Unity.Jobs.CodeGen.JobsILPostProcessor, zzzUnity.Burst.CodeGen.BurstILPostProcessor
[40m[32minfo[39m[22m[49m: Unity.ILPP.Runner.PostProcessingPipeline[0]
      running Unity.Jobs.CodeGen.JobsILPostProcessor
[40m[32minfo[39m[22m[49m: Unity.ILPP.Runner.PostProcessingPipeline[0]
      running zzzUnity.Burst.CodeGen.BurstILPostProcessor
[40m[32minfo[39m[22m[49m: Microsoft.AspNetCore.Routing.EndpointMiddleware[1]
      Executed endpoint 'gRPC - /UnityILPP.PostProcessing/PostProcessAssembly'
[40m[32minfo[39m[22m[49m: Microsoft.AspNetCore.Hosting.Diagnostics[2]
      Request finished HTTP/2 POST http://ilpp/UnityILPP.PostProcessing/PostProcessAssembly application/grpc - - 200 - application/grpc 8.6997ms
[40m[32minfo[39m[22m[49m: Microsoft.AspNetCore.Hosting.Diagnostics[1]
      Request starting HTTP/2 POST http://ilpp/UnityILPP.PostProcessing/PostProcessAssembly application/grpc -
[40m[32minfo[39m[22m[49m: Microsoft.AspNetCore.Routing.EndpointMiddleware[0]
      Executing endpoint 'gRPC - /UnityILPP.PostProcessing/PostProcessAssembly'
[40m[32minfo[39m[22m[49m: Microsoft.AspNetCore.Hosting.Diagnostics[1]
      Request starting HTTP/2 POST http://ilpp/UnityILPP.PostProcessing/PostProcessAssembly application/grpc -
[40m[32minfo[39m[22m[49m: Microsoft.AspNetCore.Routing.EndpointMiddleware[0]
      Executing endpoint 'gRPC - /UnityILPP.PostProcessing/PostProcessAssembly'
[40m[32minfo[39m[22m[49m: Unity.ILPP.Runner.PostProcessingPipeline[0]
      Processing assembly Library/Bee/artifacts/200b0aE.dag/Unity.RenderPipelines.Core.Editor.Shared.dll, with 132 defines and 282 references
[40m[32minfo[39m[22m[49m: Unity.ILPP.Runner.PostProcessingPipeline[0]
      processors: Unity.Jobs.CodeGen.JobsILPostProcessor, zzzUnity.Burst.CodeGen.BurstILPostProcessor
[40m[32minfo[39m[22m[49m: Microsoft.AspNetCore.Hosting.Diagnostics[1]
      Request starting HTTP/2 POST http://ilpp/UnityILPP.PostProcessing/PostProcessAssembly application/grpc -
[40m[32minfo[39m[22m[49m: Microsoft.AspNetCore.Hosting.Diagnostics[1]
      Request starting HTTP/2 POST http://ilpp/UnityILPP.PostProcessing/PostProcessAssembly application/grpc -
[40m[32minfo[39m[22m[49m: Microsoft.AspNetCore.Routing.EndpointMiddleware[0]
      Executing endpoint 'gRPC - /UnityILPP.PostProcessing/PostProcessAssembly'
[40m[32minfo[39m[22m[49m: Microsoft.AspNetCore.Routing.EndpointMiddleware[0]
      Executing endpoint 'gRPC - /UnityILPP.PostProcessing/PostProcessAssembly'
[40m[32minfo[39m[22m[49m: Unity.ILPP.Runner.PostProcessingPipeline[0]
      Processing assembly Library/Bee/artifacts/200b0aE.dag/Unity.RenderPipelines.GPUDriven.Runtime.dll, with 134 defines and 254 references
[40m[32minfo[39m[22m[49m: Unity.ILPP.Runner.PostProcessingPipeline[0]
      processors: Unity.Jobs.CodeGen.JobsILPostProcessor, zzzUnity.Burst.CodeGen.BurstILPostProcessor
[40m[32minfo[39m[22m[49m: Microsoft.AspNetCore.Hosting.Diagnostics[1]
      Request starting HTTP/2 POST http://ilpp/UnityILPP.PostProcessing/PostProcessAssembly application/grpc -
[40m[32minfo[39m[22m[49m: Microsoft.AspNetCore.Routing.EndpointMiddleware[0]
      Executing endpoint 'gRPC - /UnityILPP.PostProcessing/PostProcessAssembly'
[40m[32minfo[39m[22m[49m: Unity.ILPP.Runner.PostProcessingPipeline[0]
      running Unity.Jobs.CodeGen.JobsILPostProcessor
[40m[32minfo[39m[22m[49m: Unity.ILPP.Runner.PostProcessingPipeline[0]
      running Unity.Jobs.CodeGen.JobsILPostProcessor
[40m[32minfo[39m[22m[49m: Unity.ILPP.Runner.PostProcessingPipeline[0]
      running zzzUnity.Burst.CodeGen.BurstILPostProcessor
[40m[32minfo[39m[22m[49m: Microsoft.AspNetCore.Routing.EndpointMiddleware[1]
      Executed endpoint 'gRPC - /UnityILPP.PostProcessing/PostProcessAssembly'
[40m[32minfo[39m[22m[49m: Microsoft.AspNetCore.Hosting.Diagnostics[2]
      Request finished HTTP/2 POST http://ilpp/UnityILPP.PostProcessing/PostProcessAssembly application/grpc - - 200 - application/grpc 21.0485ms
[40m[32minfo[39m[22m[49m: Unity.ILPP.Runner.PostProcessingPipeline[0]
      Processing assembly Library/Bee/artifacts/200b0aE.dag/Unity.RenderPipeline.Universal.ShaderLibrary.dll, with 134 defines and 251 references
[40m[32minfo[39m[22m[49m: Unity.ILPP.Runner.PostProcessingPipeline[0]
      processors: Unity.Jobs.CodeGen.JobsILPostProcessor, zzzUnity.Burst.CodeGen.BurstILPostProcessor
[40m[32minfo[39m[22m[49m: Unity.ILPP.Runner.PostProcessingPipeline[0]
      Processing assembly Library/Bee/artifacts/200b0aE.dag/Unity.RenderPipelines.Core.Editor.dll, with 133 defines and 287 references
[40m[32minfo[39m[22m[49m: Unity.ILPP.Runner.PostProcessingPipeline[0]
      processors: Unity.Jobs.CodeGen.JobsILPostProcessor, zzzUnity.Burst.CodeGen.BurstILPostProcessor
[40m[32minfo[39m[22m[49m: Unity.ILPP.Runner.PostProcessingPipeline[0]
      running Unity.Jobs.CodeGen.JobsILPostProcessor
[40m[32minfo[39m[22m[49m: Unity.ILPP.Runner.PostProcessingPipeline[0]
      running zzzUnity.Burst.CodeGen.BurstILPostProcessor
[40m[32minfo[39m[22m[49m: Unity.ILPP.Runner.PostProcessingPipeline[0]
      Processing assembly Library/Bee/artifacts/200b0aE.dag/Unity.ShaderGraph.Editor.dll, with 132 defines and 285 references
[40m[32minfo[39m[22m[49m: Unity.ILPP.Runner.PostProcessingPipeline[0]
      processors: Unity.Jobs.CodeGen.JobsILPostProcessor, zzzUnity.Burst.CodeGen.BurstILPostProcessor
[40m[32minfo[39m[22m[49m: Unity.ILPP.Runner.PostProcessingPipeline[0]
      running Unity.Jobs.CodeGen.JobsILPostProcessor
[40m[32minfo[39m[22m[49m: Microsoft.AspNetCore.Routing.EndpointMiddleware[1]
      Executed endpoint 'gRPC - /UnityILPP.PostProcessing/PostProcessAssembly'
[40m[32minfo[39m[22m[49m: Microsoft.AspNetCore.Hosting.Diagnostics[2]
      Request finished HTTP/2 POST http://ilpp/UnityILPP.PostProcessing/PostProcessAssembly application/grpc - - 200 - application/grpc 14.8459ms
[40m[32minfo[39m[22m[49m: Unity.ILPP.Runner.PostProcessingPipeline[0]
      running Unity.Jobs.CodeGen.JobsILPostProcessor
[40m[32minfo[39m[22m[49m: Unity.ILPP.Runner.PostProcessingPipeline[0]
      running zzzUnity.Burst.CodeGen.BurstILPostProcessor
[40m[32minfo[39m[22m[49m: Microsoft.AspNetCore.Routing.EndpointMiddleware[1]
      Executed endpoint 'gRPC - /UnityILPP.PostProcessing/PostProcessAssembly'
[40m[32minfo[39m[22m[49m: Microsoft.AspNetCore.Hosting.Diagnostics[2]
      Request finished HTTP/2 POST http://ilpp/UnityILPP.PostProcessing/PostProcessAssembly application/grpc - - 200 - application/grpc 19.6600ms
[40m[32minfo[39m[22m[49m: Unity.ILPP.Runner.PostProcessingPipeline[0]
      running zzzUnity.Burst.CodeGen.BurstILPostProcessor
[40m[32minfo[39m[22m[49m: Unity.ILPP.Runner.PostProcessingPipeline[0]
      running zzzUnity.Burst.CodeGen.BurstILPostProcessor
[40m[32minfo[39m[22m[49m: Microsoft.AspNetCore.Routing.EndpointMiddleware[1]
      Executed endpoint 'gRPC - /UnityILPP.PostProcessing/PostProcessAssembly'
[40m[32minfo[39m[22m[49m: Microsoft.AspNetCore.Hosting.Diagnostics[2]
      Request finished HTTP/2 POST http://ilpp/UnityILPP.PostProcessing/PostProcessAssembly application/grpc - - 200 - application/grpc 186.3921ms
[40m[32minfo[39m[22m[49m: Microsoft.AspNetCore.Routing.EndpointMiddleware[1]
      Executed endpoint 'gRPC - /UnityILPP.PostProcessing/PostProcessAssembly'
[40m[32minfo[39m[22m[49m: Microsoft.AspNetCore.Hosting.Diagnostics[2]
      Request finished HTTP/2 POST http://ilpp/UnityILPP.PostProcessing/PostProcessAssembly application/grpc - - 200 - application/grpc 261.4874ms
[40m[32minfo[39m[22m[49m: Microsoft.AspNetCore.Hosting.Diagnostics[1]
      Request starting HTTP/2 POST http://ilpp/UnityILPP.PostProcessing/PostProcessAssembly application/grpc -
[40m[32minfo[39m[22m[49m: Microsoft.AspNetCore.Routing.EndpointMiddleware[0]
      Executing endpoint 'gRPC - /UnityILPP.PostProcessing/PostProcessAssembly'
[40m[32minfo[39m[22m[49m: Unity.ILPP.Runner.PostProcessingPipeline[0]
      Processing assembly Library/Bee/artifacts/200b0aE.dag/Unity.RenderPipelines.Universal.Runtime.dll, with 136 defines and 258 references
[40m[32minfo[39m[22m[49m: Unity.ILPP.Runner.PostProcessingPipeline[0]
      processors: Unity.Jobs.CodeGen.JobsILPostProcessor, zzzUnity.Burst.CodeGen.BurstILPostProcessor
[40m[32minfo[39m[22m[49m: Unity.ILPP.Runner.PostProcessingPipeline[0]
      running Unity.Jobs.CodeGen.JobsILPostProcessor
[40m[32minfo[39m[22m[49m: Unity.ILPP.Runner.PostProcessingPipeline[0]
      running zzzUnity.Burst.CodeGen.BurstILPostProcessor
[40m[32minfo[39m[22m[49m: Microsoft.AspNetCore.Routing.EndpointMiddleware[1]
      Executed endpoint 'gRPC - /UnityILPP.PostProcessing/PostProcessAssembly'
[40m[32minfo[39m[22m[49m: Microsoft.AspNetCore.Hosting.Diagnostics[2]
      Request finished HTTP/2 POST http://ilpp/UnityILPP.PostProcessing/PostProcessAssembly application/grpc - - 200 - application/grpc 77.9465ms
[40m[32minfo[39m[22m[49m: Microsoft.AspNetCore.Hosting.Diagnostics[1]
      Request starting HTTP/2 POST http://ilpp/UnityILPP.PostProcessing/PostProcessAssembly application/grpc -
[40m[32minfo[39m[22m[49m: Microsoft.AspNetCore.Routing.EndpointMiddleware[0]
      Executing endpoint 'gRPC - /UnityILPP.PostProcessing/PostProcessAssembly'
[40m[32minfo[39m[22m[49m: Microsoft.AspNetCore.Hosting.Diagnostics[1]
      Request starting HTTP/2 POST http://ilpp/UnityILPP.PostProcessing/PostProcessAssembly application/grpc -
[40m[32minfo[39m[22m[49m: Microsoft.AspNetCore.Routing.EndpointMiddleware[0]
      Executing endpoint 'gRPC - /UnityILPP.PostProcessing/PostProcessAssembly'
[40m[32minfo[39m[22m[49m: Microsoft.AspNetCore.Hosting.Diagnostics[1]
      Request starting HTTP/2 POST http://ilpp/UnityILPP.PostProcessing/PostProcessAssembly application/grpc -
[40m[32minfo[39m[22m[49m: Microsoft.AspNetCore.Routing.EndpointMiddleware[0]
      Executing endpoint 'gRPC - /UnityILPP.PostProcessing/PostProcessAssembly'
[40m[32minfo[39m[22m[49m: Unity.ILPP.Runner.PostProcessingPipeline[0]
      Processing assembly Library/Bee/artifacts/200b0aE.dag/Unity.RenderPipelines.Universal.2D.Runtime.dll, with 134 defines and 255 references
[40m[32minfo[39m[22m[49m: Unity.ILPP.Runner.PostProcessingPipeline[0]
      processors: Unity.Jobs.CodeGen.JobsILPostProcessor, zzzUnity.Burst.CodeGen.BurstILPostProcessor
[40m[32minfo[39m[22m[49m: Unity.ILPP.Runner.PostProcessingPipeline[0]
      running Unity.Jobs.CodeGen.JobsILPostProcessor
[40m[32minfo[39m[22m[49m: Unity.ILPP.Runner.PostProcessingPipeline[0]
      running zzzUnity.Burst.CodeGen.BurstILPostProcessor
[40m[32minfo[39m[22m[49m: Microsoft.AspNetCore.Hosting.Diagnostics[1]
      Request starting HTTP/2 POST http://ilpp/UnityILPP.PostProcessing/PostProcessAssembly application/grpc -
[40m[32minfo[39m[22m[49m: Microsoft.AspNetCore.Routing.EndpointMiddleware[0]
      Executing endpoint 'gRPC - /UnityILPP.PostProcessing/PostProcessAssembly'
[40m[32minfo[39m[22m[49m: Unity.ILPP.Runner.PostProcessingPipeline[0]
      Processing assembly Library/Bee/artifacts/200b0aE.dag/Unity.RenderPipelines.Universal.2D.Editor.Overrides.dll, with 132 defines and 291 references
[40m[32minfo[39m[22m[49m: Unity.ILPP.Runner.PostProcessingPipeline[0]
      processors: Unity.Jobs.CodeGen.JobsILPostProcessor, zzzUnity.Burst.CodeGen.BurstILPostProcessor
[40m[32minfo[39m[22m[49m: Unity.ILPP.Runner.PostProcessingPipeline[0]
      running Unity.Jobs.CodeGen.JobsILPostProcessor
[40m[32minfo[39m[22m[49m: Unity.ILPP.Runner.PostProcessingPipeline[0]
      running zzzUnity.Burst.CodeGen.BurstILPostProcessor
[40m[32minfo[39m[22m[49m: Microsoft.AspNetCore.Routing.EndpointMiddleware[1]
      Executed endpoint 'gRPC - /UnityILPP.PostProcessing/PostProcessAssembly'
[40m[32minfo[39m[22m[49m: Microsoft.AspNetCore.Hosting.Diagnostics[2]
      Request finished HTTP/2 POST http://ilpp/UnityILPP.PostProcessing/PostProcessAssembly application/grpc - - 200 - application/grpc 6.7722ms
[40m[32minfo[39m[22m[49m: Unity.ILPP.Runner.PostProcessingPipeline[0]
      Processing assembly Library/Bee/artifacts/200b0aE.dag/PPv2URPConverters.dll, with 132 defines and 285 references
[40m[32minfo[39m[22m[49m: Unity.ILPP.Runner.PostProcessingPipeline[0]
      processors: Unity.Jobs.CodeGen.JobsILPostProcessor, zzzUnity.Burst.CodeGen.BurstILPostProcessor
[40m[32minfo[39m[22m[49m: Unity.ILPP.Runner.PostProcessingPipeline[0]
      Processing assembly Library/Bee/artifacts/200b0aE.dag/Unity.RenderPipelines.Universal.Editor.dll, with 132 defines and 291 references
[40m[32minfo[39m[22m[49m: Unity.ILPP.Runner.PostProcessingPipeline[0]
      processors: Unity.Jobs.CodeGen.JobsILPostProcessor, zzzUnity.Burst.CodeGen.BurstILPostProcessor
[40m[32minfo[39m[22m[49m: Unity.ILPP.Runner.PostProcessingPipeline[0]
      running Unity.Jobs.CodeGen.JobsILPostProcessor
[40m[32minfo[39m[22m[49m: Unity.ILPP.Runner.PostProcessingPipeline[0]
      running zzzUnity.Burst.CodeGen.BurstILPostProcessor
[40m[32minfo[39m[22m[49m: Microsoft.AspNetCore.Routing.EndpointMiddleware[1]
      Executed endpoint 'gRPC - /UnityILPP.PostProcessing/PostProcessAssembly'
[40m[32minfo[39m[22m[49m: Microsoft.AspNetCore.Hosting.Diagnostics[2]
      Request finished HTTP/2 POST http://ilpp/UnityILPP.PostProcessing/PostProcessAssembly application/grpc - - 200 - application/grpc 12.0880ms
[40m[32minfo[39m[22m[49m: Unity.ILPP.Runner.PostProcessingPipeline[0]
      running Unity.Jobs.CodeGen.JobsILPostProcessor
[40m[32minfo[39m[22m[49m: Unity.ILPP.Runner.PostProcessingPipeline[0]
      running zzzUnity.Burst.CodeGen.BurstILPostProcessor
[40m[32minfo[39m[22m[49m: Microsoft.AspNetCore.Routing.EndpointMiddleware[1]
      Executed endpoint 'gRPC - /UnityILPP.PostProcessing/PostProcessAssembly'
[40m[32minfo[39m[22m[49m: Microsoft.AspNetCore.Hosting.Diagnostics[2]
      Request finished HTTP/2 POST http://ilpp/UnityILPP.PostProcessing/PostProcessAssembly application/grpc - - 200 - application/grpc 16.3244ms
[40m[32minfo[39m[22m[49m: Microsoft.AspNetCore.Routing.EndpointMiddleware[1]
      Executed endpoint 'gRPC - /UnityILPP.PostProcessing/PostProcessAssembly'
[40m[32minfo[39m[22m[49m: Microsoft.AspNetCore.Hosting.Diagnostics[2]
      Request finished HTTP/2 POST http://ilpp/UnityILPP.PostProcessing/PostProcessAssembly application/grpc - - 200 - application/grpc 48.4993ms
[40m[32minfo[39m[22m[49m: Microsoft.AspNetCore.Hosting.Diagnostics[1]
      Request starting HTTP/2 POST http://ilpp/UnityILPP.PostProcessing/PostProcessAssembly application/grpc -
[40m[32minfo[39m[22m[49m: Microsoft.AspNetCore.Routing.EndpointMiddleware[0]
      Executing endpoint 'gRPC - /UnityILPP.PostProcessing/PostProcessAssembly'
[40m[32minfo[39m[22m[49m: Unity.ILPP.Runner.PostProcessingPipeline[0]
      Processing assembly Library/Bee/artifacts/200b0aE.dag/Assembly-CSharp-Editor.dll, with 132 defines and 312 references
[40m[32minfo[39m[22m[49m: Unity.ILPP.Runner.PostProcessingPipeline[0]
      processors: Unity.Jobs.CodeGen.JobsILPostProcessor, zzzUnity.Burst.CodeGen.BurstILPostProcessor
[40m[32minfo[39m[22m[49m: Unity.ILPP.Runner.PostProcessingPipeline[0]
      running Unity.Jobs.CodeGen.JobsILPostProcessor
[40m[32minfo[39m[22m[49m: Unity.ILPP.Runner.PostProcessingPipeline[0]
      running zzzUnity.Burst.CodeGen.BurstILPostProcessor
[40m[32minfo[39m[22m[49m: Microsoft.AspNetCore.Routing.EndpointMiddleware[1]
      Executed endpoint 'gRPC - /UnityILPP.PostProcessing/PostProcessAssembly'
[40m[32minfo[39m[22m[49m: Microsoft.AspNetCore.Hosting.Diagnostics[2]
      Request finished HTTP/2 POST http://ilpp/UnityILPP.PostProcessing/PostProcessAssembly application/grpc - - 200 - application/grpc 9.9918ms
ExitCode: 0 Duration: 6s478ms
Finished compiling graph: 566 nodes, 9345 flattened edges (7823 ToBuild, 84 ToUse), maximum node priority 624
[147/563    0s] WriteText Library/Bee/artifacts/200b0aE.dag/UnityEngine.TestRunner.dll.mvfrm.rsp
[148/563    0s] WriteText Library/Bee/artifacts/200b0aE.dag/UnityEngine.UI.rsp
[149/563    0s] WriteText Library/Bee/artifacts/200b0aE.dag/UnityEngine.UI.dll.mvfrm.rsp
[150/563    0s] WriteText Library/Bee/artifacts/200b0aE.dag/UnityEngine.TestRunner.rsp
[173/563    0s] WriteText Library/Bee/artifacts/200b0aE.dag/Unity.Mathematics.dll.mvfrm.rsp
[177/563    0s] WriteText Library/Bee/artifacts/200b0aE.dag/Unity.Burst.dll.mvfrm.rsp
[187/563    0s] WriteText Library/Bee/artifacts/200b0aE.dag/Unity.Mathematics.rsp
[188/563    0s] WriteText Library/Bee/artifacts/200b0aE.dag/Unity.Burst.rsp
[189/563    0s] WriteText Library/Bee/artifacts/200b0aE.dag/Unity.Collections.dll.mvfrm.rsp
[194/563    0s] WriteText Library/Bee/artifacts/200b0aE.dag/Unity.RenderPipelines.Core.Runtime.dll.mvfrm.rsp
[199/563    0s] WriteText Library/Bee/artifacts/200b0aE.dag/Unity.RenderPipelines.GPUDriven.Runtime.dll.mvfrm.rsp
[200/563    0s] WriteText Library/Bee/artifacts/200b0aE.dag/Unity.RenderPipelines.Core.Runtime.rsp
[204/563    0s] WriteText Library/Bee/artifacts/200b0aE.dag/Unity.RenderPipelines.GPUDriven.Runtime.rsp
[205/563    0s] WriteText Library/Bee/artifacts/200b0aE.dag/Unity.UnifiedRayTracing.Runtime.dll.mvfrm.rsp
[208/563    0s] WriteText Library/Bee/artifacts/200b0aE.dag/Unity.Collections.rsp
[209/563    0s] WriteText Library/Bee/artifacts/200b0aE.dag/Unity.RenderPipeline.Universal.ShaderLibrary.dll.mvfrm.rsp
[217/563    0s] WriteText Library/Bee/artifacts/200b0aE.dag/Unity.UnifiedRayTracing.Runtime.rsp
[219/563    0s] WriteText Library/Bee/artifacts/200b0aE.dag/Unity.RenderPipelines.Universal.Config.Runtime.dll.mvfrm.rsp
[221/563    0s] WriteText Library/Bee/artifacts/200b0aE.dag/Unity.RenderPipelines.Core.Runtime.Shared.rsp
[227/563    0s] WriteText Library/Bee/artifacts/200b0aE.dag/Unity.RenderPipelines.Universal.Config.Runtime.rsp
[244/563    0s] WriteText Library/Bee/artifacts/200b0aE.dag/Unity.RenderPipeline.Universal.ShaderLibrary.rsp
[249/563    0s] WriteText Library/Bee/artifacts/200b0aE.dag/Unity.RenderPipelines.Universal.Runtime.dll.mvfrm.rsp
[250/563    0s] WriteText Library/Bee/artifacts/200b0aE.dag/Unity.RenderPipelines.Core.Runtime.Shared.dll.mvfrm.rsp
[251/563    0s] WriteText Library/Bee/artifacts/200b0aE.dag/Unity.RenderPipelines.Universal.Runtime.rsp
[264/563    0s] WriteText Library/Bee/artifacts/200b0aE.dag/Unity.RenderPipelines.Universal.2D.Runtime.rsp
[265/563    0s] WriteText Library/Bee/artifacts/200b0aE.dag/Unity.RenderPipelines.Universal.2D.Runtime.dll.mvfrm.rsp
[282/563    0s] WriteText Library/Bee/artifacts/200b0aE.dag/Unity.TextMeshPro.dll.mvfrm.rsp
[283/563    0s] WriteText Library/Bee/artifacts/200b0aE.dag/Unity.InternalAPIEngineBridge.004.rsp
[284/563    0s] WriteText Library/Bee/artifacts/200b0aE.dag/Unity.TextMeshPro.rsp
[285/563    0s] WriteText Library/Bee/artifacts/200b0aE.dag/Unity.InternalAPIEngineBridge.004.dll.mvfrm.rsp
[290/563    0s] WriteText Library/Bee/artifacts/200b0aE.dag/Piglet.dll.mvfrm.rsp
[293/563    0s] WriteText Library/Bee/artifacts/200b0aE.dag/Unity.RenderPipelines.Universal.Shaders.dll.mvfrm.rsp
[294/563    0s] WriteText Library/Bee/artifacts/200b0aE.dag/Unity.RenderPipelines.ShaderGraph.ShaderGraphLibrary.dll.mvfrm.rsp
[302/563    0s] WriteText Library/Bee/artifacts/200b0aE.dag/Unity.PerformanceTesting.dll.mvfrm.rsp
[306/563    0s] WriteText Library/Bee/artifacts/200b0aE.dag/Unity.RenderPipelines.Core.ShaderLibrary.dll.mvfrm.rsp
[311/563    0s] WriteText Library/Bee/artifacts/200b0aE.dag/Piglet.rsp
[312/563    0s] WriteText Library/Bee/artifacts/200b0aE.dag/Unity.RenderPipelines.ShaderGraph.ShaderGraphLibrary.rsp
[314/563    0s] WriteText Library/Bee/artifacts/200b0aE.dag/Unity.RenderPipelines.Universal.Shaders.rsp
[315/563    0s] WriteText Library/Bee/artifacts/200b0aE.dag/Unity.PerformanceTesting.rsp
[321/563    0s] WriteText Library/Bee/artifacts/200b0aE.dag/Unity.RenderPipelines.Core.ShaderLibrary.rsp
[322/563    0s] MovedFromExtractor-Combine Library/Bee/artifacts/200b0aE.dag/UnityEngine.TestRunner.dll.mvfrm
[323/563    0s] MovedFromExtractor-Combine Library/Bee/artifacts/200b0aE.dag/UnityEngine.UI.dll.mvfrm
[324/563    0s] Csc Library/Bee/artifacts/200b0aE.dag/UnityEngine.TestRunner.dll (+2 others)
[325/563    0s] Csc Library/Bee/artifacts/200b0aE.dag/UnityEngine.UI.dll (+2 others)
[           0s] Csc Library/Bee/artifacts/200b0aE.dag/UnityEngine.TestRunner.dll (+2 others) [CacheWrite 00000000000000000000000000000005]
[           0s] Csc Library/Bee/artifacts/200b0aE.dag/UnityEngine.UI.dll (+2 others) [CacheWrite 00000000000000000000000000000005]
[329/563    0s] CopyFiles Library/ScriptAssemblies/UnityEngine.TestRunner.dll
[330/563    0s] CopyFiles Library/ScriptAssemblies/UnityEngine.TestRunner.pdb
[349/563    0s] MovedFromExtractor-Combine Library/Bee/artifacts/200b0aE.dag/Unity.PerformanceTesting.dll.mvfrm
[350/563    0s] MovedFromExtractor-Combine Library/Bee/artifacts/200b0aE.dag/Unity.RenderPipelines.Universal.Shaders.dll.mvfrm
[351/563    0s] MovedFromExtractor-Combine Library/Bee/artifacts/200b0aE.dag/Unity.RenderPipelines.ShaderGraph.ShaderGraphLibrary.dll.mvfrm
[352/563    0s] MovedFromExtractor-Combine Library/Bee/artifacts/200b0aE.dag/Unity.InternalAPIEngineBridge.004.dll.mvfrm
[353/563    0s] MovedFromExtractor-Combine Library/Bee/artifacts/200b0aE.dag/Piglet.dll.mvfrm
[354/563    0s] MovedFromExtractor-Combine Library/Bee/artifacts/200b0aE.dag/Unity.Mathematics.dll.mvfrm
[355/563    0s] MovedFromExtractor-Combine Library/Bee/artifacts/200b0aE.dag/Unity.RenderPipelines.Core.ShaderLibrary.dll.mvfrm
[356/563    0s] MovedFromExtractor-Combine Library/Bee/artifacts/200b0aE.dag/Unity.Burst.dll.mvfrm
[357/563    0s] Csc Library/Bee/artifacts/200b0aE.dag/Piglet.dll (+2 others)
Assets/Piglet/Scripts/Util/SingletonBehaviour.cs(38,41): warning CS0618: 'Object.FindObjectOfType(Type)' is obsolete: 'Object.FindObjectOfType has been deprecated. Use Object.FindFirstObjectByType instead or if finding any instance is acceptable the faster Object.FindAnyObjectByType'
[358/563    0s] Csc Library/Bee/artifacts/200b0aE.dag/Unity.RenderPipelines.Universal.Shaders.dll (+2 others)
[359/563    0s] Csc Library/Bee/artifacts/200b0aE.dag/Unity.RenderPipelines.ShaderGraph.ShaderGraphLibrary.dll (+2 others)
[360/563    0s] Csc Library/Bee/artifacts/200b0aE.dag/Unity.PerformanceTesting.dll (+2 others)
[           0s] Csc Library/Bee/artifacts/200b0aE.dag/Unity.PerformanceTesting.dll (+2 others) [CacheWrite 00000000000000000000000000000005]
[           0s] Csc Library/Bee/artifacts/200b0aE.dag/Unity.RenderPipelines.Universal.Shaders.dll (+2 others) [CacheWrite 00000000000000000000000000000005]
[           0s] Csc Library/Bee/artifacts/200b0aE.dag/Unity.RenderPipelines.ShaderGraph.ShaderGraphLibrary.dll (+2 others) [CacheWrite 00000000000000000000000000000005]
[366/563    0s] Csc Library/Bee/artifacts/200b0aE.dag/PigletEditor.dll (+2 others)
[367/563    0s] Csc Library/Bee/artifacts/200b0aE.dag/Unity.InternalAPIEngineBridge.004.dll (+2 others)
[           0s] Csc Library/Bee/artifacts/200b0aE.dag/Unity.InternalAPIEngineBridge.004.dll (+2 others) [CacheWrite 00000000000000000000000000000005]
[369/563    0s] Csc Library/Bee/artifacts/200b0aE.dag/Unity.Burst.dll (+2 others)
[           0s] Csc Library/Bee/artifacts/200b0aE.dag/Unity.Burst.dll (+2 others) [CacheWrite 00000000000000000000000000000005]
[378/563    0s] Csc Library/Bee/artifacts/200b0aE.dag/PigletEditorTest.dll (+2 others)
[379/563    0s] MovedFromExtractor-Combine Library/Bee/artifacts/200b0aE.dag/Unity.TextMeshPro.dll.mvfrm
[380/563    1s] Csc Library/Bee/artifacts/200b0aE.dag/Unity.RenderPipelines.Core.ShaderLibrary.dll (+2 others)
[           0s] Csc Library/Bee/artifacts/200b0aE.dag/Unity.RenderPipelines.Core.ShaderLibrary.dll (+2 others) [CacheWrite 00000000000000000000000000000005]
[382/563    0s] Csc Library/Bee/artifacts/200b0aE.dag/Unity.TextMeshPro.dll (+2 others)
[           0s] Csc Library/Bee/artifacts/200b0aE.dag/Unity.TextMeshPro.dll (+2 others) [CacheWrite 00000000000000000000000000000005]
[387/563    1s] Csc Library/Bee/artifacts/200b0aE.dag/Unity.Mathematics.dll (+2 others)
[           0s] Csc Library/Bee/artifacts/200b0aE.dag/Unity.Mathematics.dll (+2 others) [CacheWrite 00000000000000000000000000000005]
[392/563    0s] MovedFromExtractor-Combine Library/Bee/artifacts/200b0aE.dag/Unity.Collections.dll.mvfrm
[393/563    0s] Csc Library/Bee/artifacts/200b0aE.dag/Unity.Collections.dll (+2 others)
[           0s] Csc Library/Bee/artifacts/200b0aE.dag/Unity.Collections.dll (+2 others) [CacheWrite 00000000000000000000000000000005]
[402/563    0s] MovedFromExtractor-Combine Library/Bee/artifacts/200b0aE.dag/Unity.RenderPipelines.Core.Runtime.dll.mvfrm
[403/563    0s] MovedFromExtractor-Combine Library/Bee/artifacts/200b0aE.dag/Unity.UnifiedRayTracing.Runtime.dll.mvfrm
[404/563    0s] ILPP-Configuration Library/ilpp-configuration.nevergeneratedoutput
[405/563    0s] ILPostProcess Library/Bee/artifacts/200b0aE.dag/post-processed/Unity.TextMeshPro.dll (+pdb)
Processing assembly Library/Bee/artifacts/200b0aE.dag/Unity.TextMeshPro.dll, with 135 defines and 251 references
processors: Unity.Jobs.CodeGen.JobsILPostProcessor, zzzUnity.Burst.CodeGen.BurstILPostProcessor
running Unity.Jobs.CodeGen.JobsILPostProcessor
running zzzUnity.Burst.CodeGen.BurstILPostProcessor
[406/563    0s] ILPostProcess Library/Bee/artifacts/200b0aE.dag/post-processed/Unity.RenderPipelines.ShaderGraph.ShaderGraphLibrary.dll (+pdb)
Processing assembly Library/Bee/artifacts/200b0aE.dag/Unity.RenderPipelines.ShaderGraph.ShaderGraphLibrary.dll, with 134 defines and 250 references
processors: Unity.Jobs.CodeGen.JobsILPostProcessor, zzzUnity.Burst.CodeGen.BurstILPostProcessor
running Unity.Jobs.CodeGen.JobsILPostProcessor
running zzzUnity.Burst.CodeGen.BurstILPostProcessor
[407/563    0s] ILPostProcess Library/Bee/artifacts/200b0aE.dag/post-processed/UnityEngine.UI.dll (+pdb)
Processing assembly Library/Bee/artifacts/200b0aE.dag/UnityEngine.UI.dll, with 136 defines and 248 references
processors: Unity.Jobs.CodeGen.JobsILPostProcessor, zzzUnity.Burst.CodeGen.BurstILPostProcessor
running Unity.Jobs.CodeGen.JobsILPostProcessor
running zzzUnity.Burst.CodeGen.BurstILPostProcessor
[408/563    0s] ILPostProcess Library/Bee/artifacts/200b0aE.dag/post-processed/Unity.RenderPipelines.Universal.Shaders.dll (+pdb)
Processing assembly Library/Bee/artifacts/200b0aE.dag/Unity.RenderPipelines.Universal.Shaders.dll, with 134 defines and 250 references
processors: Unity.Jobs.CodeGen.JobsILPostProcessor, zzzUnity.Burst.CodeGen.BurstILPostProcessor
running Unity.Jobs.CodeGen.JobsILPostProcessor
running zzzUnity.Burst.CodeGen.BurstILPostProcessor
[409/563    0s] ILPostProcess Library/Bee/artifacts/200b0aE.dag/post-processed/Unity.RenderPipelines.Core.ShaderLibrary.dll (+pdb)
Processing assembly Library/Bee/artifacts/200b0aE.dag/Unity.RenderPipelines.Core.ShaderLibrary.dll, with 134 defines and 250 references
processors: Unity.Jobs.CodeGen.JobsILPostProcessor, zzzUnity.Burst.CodeGen.BurstILPostProcessor
running Unity.Jobs.CodeGen.JobsILPostProcessor
running zzzUnity.Burst.CodeGen.BurstILPostProcessor
[410/563    0s] ILPostProcess Library/Bee/artifacts/200b0aE.dag/post-processed/Unity.PerformanceTesting.dll (+pdb)
Processing assembly Library/Bee/artifacts/200b0aE.dag/Unity.PerformanceTesting.dll, with 135 defines and 243 references
processors: Unity.Jobs.CodeGen.JobsILPostProcessor, zzzUnity.Burst.CodeGen.BurstILPostProcessor
running Unity.Jobs.CodeGen.JobsILPostProcessor
running zzzUnity.Burst.CodeGen.BurstILPostProcessor
[411/563    0s] ILPostProcess Library/Bee/artifacts/200b0aE.dag/post-processed/Unity.InternalAPIEngineBridge.004.dll (+pdb)
Processing assembly Library/Bee/artifacts/200b0aE.dag/Unity.InternalAPIEngineBridge.004.dll, with 134 defines and 250 references
processors: Unity.Jobs.CodeGen.JobsILPostProcessor, zzzUnity.Burst.CodeGen.BurstILPostProcessor
running Unity.Jobs.CodeGen.JobsILPostProcessor
running zzzUnity.Burst.CodeGen.BurstILPostProcessor
[412/563    0s] Csc Library/Bee/artifacts/200b0aE.dag/Unity.UnifiedRayTracing.Runtime.dll (+2 others)
[           0s] Csc Library/Bee/artifacts/200b0aE.dag/Unity.UnifiedRayTracing.Runtime.dll (+2 others) [CacheWrite 00000000000000000000000000000005]
[414/563    0s] ILPostProcess Library/Bee/artifacts/200b0aE.dag/post-processed/Unity.Mathematics.dll (+pdb)
Processing assembly Library/Bee/artifacts/200b0aE.dag/Unity.Mathematics.dll, with 134 defines and 250 references
processors: Unity.Jobs.CodeGen.JobsILPostProcessor, zzzUnity.Burst.CodeGen.BurstILPostProcessor
running Unity.Jobs.CodeGen.JobsILPostProcessor
running zzzUnity.Burst.CodeGen.BurstILPostProcessor
[415/563    0s] ILPostProcess Library/Bee/artifacts/200b0aE.dag/post-processed/Piglet.dll (+pdb)
Processing assembly Library/Bee/artifacts/200b0aE.dag/Piglet.dll, with 134 defines and 250 references
processors: Unity.Jobs.CodeGen.JobsILPostProcessor, zzzUnity.Burst.CodeGen.BurstILPostProcessor
running Unity.Jobs.CodeGen.JobsILPostProcessor
running zzzUnity.Burst.CodeGen.BurstILPostProcessor
[416/563    0s] ILPostProcess Library/Bee/artifacts/200b0aE.dag/post-processed/UnityEditor.UI.dll (+pdb)
Processing assembly Library/Bee/artifacts/200b0aE.dag/UnityEditor.UI.dll, with 134 defines and 280 references
processors: Unity.Jobs.CodeGen.JobsILPostProcessor, zzzUnity.Burst.CodeGen.BurstILPostProcessor
running Unity.Jobs.CodeGen.JobsILPostProcessor
running zzzUnity.Burst.CodeGen.BurstILPostProcessor
[417/563    0s] ILPostProcess Library/Bee/artifacts/200b0aE.dag/post-processed/Unity.ShaderGraph.Utilities.dll (+pdb)
Processing assembly Library/Bee/artifacts/200b0aE.dag/Unity.ShaderGraph.Utilities.dll, with 132 defines and 281 references
processors: Unity.Jobs.CodeGen.JobsILPostProcessor, zzzUnity.Burst.CodeGen.BurstILPostProcessor
running Unity.Jobs.CodeGen.JobsILPostProcessor
running zzzUnity.Burst.CodeGen.BurstILPostProcessor
[418/563    0s] ILPostProcess Library/Bee/artifacts/200b0aE.dag/post-processed/Unity.Collections.Editor.dll (+pdb)
Processing assembly Library/Bee/artifacts/200b0aE.dag/Unity.Collections.Editor.dll, with 133 defines and 282 references
processors: Unity.Jobs.CodeGen.JobsILPostProcessor, zzzUnity.Burst.CodeGen.BurstILPostProcessor
running Unity.Jobs.CodeGen.JobsILPostProcessor
running zzzUnity.Burst.CodeGen.BurstILPostProcessor
[419/563    0s] ILPostProcess Library/Bee/artifacts/200b0aE.dag/post-processed/PigletEditor.dll (+pdb)
Processing assembly Library/Bee/artifacts/200b0aE.dag/PigletEditor.dll, with 132 defines and 282 references
processors: Unity.Jobs.CodeGen.JobsILPostProcessor, zzzUnity.Burst.CodeGen.BurstILPostProcessor
running Unity.Jobs.CodeGen.JobsILPostProcessor
running zzzUnity.Burst.CodeGen.BurstILPostProcessor
[420/563    0s] ILPostProcess Library/Bee/artifacts/200b0aE.dag/post-processed/Unity.PerformanceTesting.Editor.dll (+pdb)
Processing assembly Library/Bee/artifacts/200b0aE.dag/Unity.PerformanceTesting.Editor.dll, with 133 defines and 277 references
processors: Unity.Jobs.CodeGen.JobsILPostProcessor, zzzUnity.Burst.CodeGen.BurstILPostProcessor
running Unity.Jobs.CodeGen.JobsILPostProcessor
running zzzUnity.Burst.CodeGen.BurstILPostProcessor
[421/563    0s] ILPostProcess Library/Bee/artifacts/200b0aE.dag/post-processed/Unity.Searcher.Editor.dll (+pdb)
Processing assembly Library/Bee/artifacts/200b0aE.dag/Unity.Searcher.Editor.dll, with 132 defines and 281 references
processors: Unity.Jobs.CodeGen.JobsILPostProcessor, zzzUnity.Burst.CodeGen.BurstILPostProcessor
running Unity.Jobs.CodeGen.JobsILPostProcessor
running zzzUnity.Burst.CodeGen.BurstILPostProcessor
[422/563    0s] ILPostProcess Library/Bee/artifacts/200b0aE.dag/post-processed/Unity.Burst.Editor.dll (+pdb)
Processing assembly Library/Bee/artifacts/200b0aE.dag/Unity.Burst.Editor.dll, with 132 defines and 282 references
processors: Unity.Jobs.CodeGen.JobsILPostProcessor, zzzUnity.Burst.CodeGen.BurstILPostProcessor
running Unity.Jobs.CodeGen.JobsILPostProcessor
running zzzUnity.Burst.CodeGen.BurstILPostProcessor
[423/563    0s] ILPostProcess Library/Bee/artifacts/200b0aE.dag/post-processed/Unity.UnifiedRayTracing.Runtime.dll (+pdb)
Processing assembly Library/Bee/artifacts/200b0aE.dag/Unity.UnifiedRayTracing.Runtime.dll, with 135 defines and 253 references
processors: Unity.Jobs.CodeGen.JobsILPostProcessor, zzzUnity.Burst.CodeGen.BurstILPostProcessor
running Unity.Jobs.CodeGen.JobsILPostProcessor
running zzzUnity.Burst.CodeGen.BurstILPostProcessor
[424/563    0s] CopyFiles Library/ScriptAssemblies/Piglet.dll
[425/563    0s] CopyFiles Library/ScriptAssemblies/Unity.Mathematics.dll
[426/563    0s] CopyFiles Library/ScriptAssemblies/Unity.InternalAPIEngineBridge.004.dll
[427/563    0s] CopyFiles Library/ScriptAssemblies/Unity.PerformanceTesting.dll
[428/563    0s] CopyFiles Library/ScriptAssemblies/Unity.RenderPipelines.Core.ShaderLibrary.dll
[429/563    0s] CopyFiles Library/ScriptAssemblies/Unity.RenderPipelines.Universal.Shaders.dll
[430/563    0s] CopyFiles Library/ScriptAssemblies/UnityEngine.UI.dll
[431/563    0s] CopyFiles Library/ScriptAssemblies/Unity.TextMeshPro.dll
[432/563    0s] CopyFiles Library/ScriptAssemblies/Unity.RenderPipelines.ShaderGraph.ShaderGraphLibrary.dll
[433/563    0s] CopyFiles Library/ScriptAssemblies/Unity.Searcher.Editor.dll
[434/563    0s] CopyFiles Library/ScriptAssemblies/Unity.Searcher.Editor.pdb
[435/563    0s] CopyFiles Library/ScriptAssemblies/Unity.PerformanceTesting.Editor.pdb
[436/563    0s] CopyFiles Library/ScriptAssemblies/Unity.PerformanceTesting.Editor.dll
[437/563    0s] CopyFiles Library/ScriptAssemblies/PigletEditor.dll
[438/563    0s] CopyFiles Library/ScriptAssemblies/PigletEditor.pdb
[439/563    0s] CopyFiles Library/ScriptAssemblies/Unity.Collections.Editor.dll
[440/563    0s] CopyFiles Library/ScriptAssemblies/Unity.Collections.Editor.pdb
[441/563    0s] CopyFiles Library/ScriptAssemblies/Unity.ShaderGraph.Utilities.dll
[442/563    0s] CopyFiles Library/ScriptAssemblies/Unity.ShaderGraph.Utilities.pdb
[443/563    0s] CopyFiles Library/ScriptAssemblies/UnityEditor.UI.pdb
[444/563    0s] CopyFiles Library/ScriptAssemblies/UnityEditor.UI.dll
[445/563    0s] CopyFiles Library/ScriptAssemblies/Piglet.pdb
[446/563    0s] CopyFiles Library/ScriptAssemblies/Unity.Mathematics.pdb
[447/563    0s] CopyFiles Library/ScriptAssemblies/Unity.InternalAPIEngineBridge.004.pdb
[448/563    0s] CopyFiles Library/ScriptAssemblies/Unity.PerformanceTesting.pdb
[449/563    0s] CopyFiles Library/ScriptAssemblies/Unity.RenderPipelines.Core.ShaderLibrary.pdb
[450/563    0s] CopyFiles Library/ScriptAssemblies/Unity.RenderPipelines.Universal.Shaders.pdb
[451/563    0s] CopyFiles Library/ScriptAssemblies/UnityEngine.UI.pdb
[452/563    0s] CopyFiles Library/ScriptAssemblies/Unity.TextMeshPro.pdb
[453/563    0s] CopyFiles Library/ScriptAssemblies/Unity.RenderPipelines.ShaderGraph.ShaderGraphLibrary.pdb
[454/563    0s] CopyFiles Library/ScriptAssemblies/Unity.Burst.Editor.pdb
[455/563    0s] CopyFiles Library/ScriptAssemblies/Unity.Burst.Editor.dll
[456/563    0s] CopyFiles Library/ScriptAssemblies/Unity.UnifiedRayTracing.Runtime.dll
[457/563    0s] CopyFiles Library/ScriptAssemblies/Unity.UnifiedRayTracing.Runtime.pdb
[458/563    0s] ILPostProcess Library/Bee/artifacts/200b0aE.dag/post-processed/Unity.Rendering.LightTransport.Editor.dll (+pdb)
Processing assembly Library/Bee/artifacts/200b0aE.dag/Unity.Rendering.LightTransport.Editor.dll, with 132 defines and 281 references
processors: Unity.Jobs.CodeGen.JobsILPostProcessor, zzzUnity.Burst.CodeGen.BurstILPostProcessor
running Unity.Jobs.CodeGen.JobsILPostProcessor
running zzzUnity.Burst.CodeGen.BurstILPostProcessor
[459/563    0s] CopyFiles Library/ScriptAssemblies/Unity.Rendering.LightTransport.Editor.dll
[460/563    0s] CopyFiles Library/ScriptAssemblies/Unity.Rendering.LightTransport.Editor.pdb
[461/563    0s] ILPostProcess Library/Bee/artifacts/200b0aE.dag/post-processed/PigletEditorTest.dll (+pdb)
Processing assembly Library/Bee/artifacts/200b0aE.dag/PigletEditorTest.dll, with 132 defines and 277 references
processors: Unity.Jobs.CodeGen.JobsILPostProcessor, zzzUnity.Burst.CodeGen.BurstILPostProcessor
running Unity.Jobs.CodeGen.JobsILPostProcessor
running zzzUnity.Burst.CodeGen.BurstILPostProcessor
[462/563    0s] CopyFiles Library/ScriptAssemblies/PigletEditorTest.dll
[463/563    0s] CopyFiles Library/ScriptAssemblies/PigletEditorTest.pdb
[464/563    0s] ILPostProcess Library/Bee/artifacts/200b0aE.dag/post-processed/UnityEditor.UI.Analytics.dll (+pdb)
Processing assembly Library/Bee/artifacts/200b0aE.dag/UnityEditor.UI.Analytics.dll, with 132 defines and 282 references
processors: Unity.Jobs.CodeGen.JobsILPostProcessor, zzzUnity.Burst.CodeGen.BurstILPostProcessor
running Unity.Jobs.CodeGen.JobsILPostProcessor
running zzzUnity.Burst.CodeGen.BurstILPostProcessor
[465/563    0s] ILPostProcess Library/Bee/artifacts/200b0aE.dag/post-processed/Unity.Mathematics.Editor.dll (+pdb)
Processing assembly Library/Bee/artifacts/200b0aE.dag/Unity.Mathematics.Editor.dll, with 132 defines and 282 references
processors: Unity.Jobs.CodeGen.JobsILPostProcessor, zzzUnity.Burst.CodeGen.BurstILPostProcessor
running Unity.Jobs.CodeGen.JobsILPostProcessor
running zzzUnity.Burst.CodeGen.BurstILPostProcessor
[466/563    0s] CopyFiles Library/ScriptAssemblies/UnityEditor.UI.Analytics.pdb
[467/563    0s] CopyFiles Library/ScriptAssemblies/Unity.Mathematics.Editor.dll
[468/563    0s] CopyFiles Library/ScriptAssemblies/UnityEditor.UI.Analytics.dll
[469/563    0s] CopyFiles Library/ScriptAssemblies/Unity.Mathematics.Editor.pdb
[470/563    1s] Csc Library/Bee/artifacts/200b0aE.dag/Unity.RenderPipelines.Core.Runtime.dll (+2 others)
[471/563    0s] ILPostProcess Library/Bee/artifacts/200b0aE.dag/post-processed/Unity.Burst.dll (+pdb)
Processing assembly Library/Bee/artifacts/200b0aE.dag/Unity.Burst.dll, with 134 defines and 246 references
processors: Unity.Jobs.CodeGen.JobsILPostProcessor, zzzUnity.Burst.CodeGen.BurstILPostProcessor
running Unity.Jobs.CodeGen.JobsILPostProcessor
running zzzUnity.Burst.CodeGen.BurstILPostProcessor
[472/563    1s] ILPostProcess Library/Bee/artifacts/200b0aE.dag/post-processed/Unity.Collections.dll (+pdb)
Processing assembly Library/Bee/artifacts/200b0aE.dag/Unity.Collections.dll, with 136 defines and 252 references
processors: Unity.Jobs.CodeGen.JobsILPostProcessor, zzzUnity.Burst.CodeGen.BurstILPostProcessor
running Unity.Jobs.CodeGen.JobsILPostProcessor
running zzzUnity.Burst.CodeGen.BurstILPostProcessor
[           0s] Csc Library/Bee/artifacts/200b0aE.dag/Unity.RenderPipelines.Core.Runtime.dll (+2 others) [CacheWrite 00000000000000000000000000000005]
[475/563    0s] CopyFiles Library/ScriptAssemblies/Unity.Burst.pdb
[476/563    0s] CopyFiles Library/ScriptAssemblies/Unity.Burst.dll
[479/563    0s] CopyFiles Library/ScriptAssemblies/Unity.Collections.pdb
[480/563    0s] CopyFiles Library/ScriptAssemblies/Unity.Collections.dll
[481/563    0s] MovedFromExtractor-Combine Library/Bee/artifacts/200b0aE.dag/Unity.RenderPipelines.Core.Runtime.Shared.dll.mvfrm
[482/563    0s] MovedFromExtractor-Combine Library/Bee/artifacts/200b0aE.dag/Unity.RenderPipelines.GPUDriven.Runtime.dll.mvfrm
[483/563    0s] MovedFromExtractor-Combine Library/Bee/artifacts/200b0aE.dag/Unity.RenderPipeline.Universal.ShaderLibrary.dll.mvfrm
[484/563    0s] MovedFromExtractor-Combine Library/Bee/artifacts/200b0aE.dag/Unity.RenderPipelines.Universal.Config.Runtime.dll.mvfrm
[485/563    0s] ILPostProcess Library/Bee/artifacts/200b0aE.dag/post-processed/Unity.TextMeshPro.Editor.dll (+pdb)
Processing assembly Library/Bee/artifacts/200b0aE.dag/Unity.TextMeshPro.Editor.dll, with 132 defines and 283 references
processors: Unity.Jobs.CodeGen.JobsILPostProcessor, zzzUnity.Burst.CodeGen.BurstILPostProcessor
running Unity.Jobs.CodeGen.JobsILPostProcessor
running zzzUnity.Burst.CodeGen.BurstILPostProcessor
[486/563    0s] CopyFiles Library/ScriptAssemblies/Unity.TextMeshPro.Editor.dll
[487/563    0s] CopyFiles Library/ScriptAssemblies/Unity.TextMeshPro.Editor.pdb
[488/563    0s] Csc Library/Bee/artifacts/200b0aE.dag/Unity.RenderPipelines.Core.Runtime.Shared.dll (+2 others)
[           0s] Csc Library/Bee/artifacts/200b0aE.dag/Unity.RenderPipelines.Core.Runtime.Shared.dll (+2 others) [CacheWrite 00000000000000000000000000000005]
[490/563    0s] ILPostProcess Library/Bee/artifacts/200b0aE.dag/post-processed/Unity.RenderPipelines.Core.Runtime.dll (+pdb)
Processing assembly Library/Bee/artifacts/200b0aE.dag/Unity.RenderPipelines.Core.Runtime.dll, with 134 defines and 253 references
processors: Unity.Jobs.CodeGen.JobsILPostProcessor, zzzUnity.Burst.CodeGen.BurstILPostProcessor
running Unity.Jobs.CodeGen.JobsILPostProcessor
running zzzUnity.Burst.CodeGen.BurstILPostProcessor
[491/563    0s] CopyFiles Library/ScriptAssemblies/Unity.RenderPipelines.Core.Runtime.pdb
[492/563    0s] CopyFiles Library/ScriptAssemblies/Unity.RenderPipelines.Core.Runtime.dll
[493/563    0s] Csc Library/Bee/artifacts/200b0aE.dag/Unity.RenderPipelines.Universal.Config.Runtime.dll (+2 others)
[           0s] Csc Library/Bee/artifacts/200b0aE.dag/Unity.RenderPipelines.Universal.Config.Runtime.dll (+2 others) [CacheWrite 00000000000000000000000000000005]
[495/563    0s] Csc Library/Bee/artifacts/200b0aE.dag/Unity.RenderPipeline.Universal.ShaderLibrary.dll (+2 others)
[496/563    0s] Csc Library/Bee/artifacts/200b0aE.dag/Unity.RenderPipelines.GPUDriven.Runtime.dll (+2 others)
[497/563    0s] ILPostProcess Library/Bee/artifacts/200b0aE.dag/post-processed/Unity.RenderPipelines.Core.Runtime.Shared.dll (+pdb)
Processing assembly Library/Bee/artifacts/200b0aE.dag/Unity.RenderPipelines.Core.Runtime.Shared.dll, with 134 defines and 251 references
processors: Unity.Jobs.CodeGen.JobsILPostProcessor, zzzUnity.Burst.CodeGen.BurstILPostProcessor
running Unity.Jobs.CodeGen.JobsILPostProcessor
running zzzUnity.Burst.CodeGen.BurstILPostProcessor
[498/563    0s] CopyFiles Library/ScriptAssemblies/Unity.RenderPipelines.Core.Runtime.Shared.dll
[499/563    0s] CopyFiles Library/ScriptAssemblies/Unity.RenderPipelines.Core.Runtime.Shared.pdb
[           0s] Csc Library/Bee/artifacts/200b0aE.dag/Unity.RenderPipeline.Universal.ShaderLibrary.dll (+2 others) [CacheWrite 00000000000000000000000000000005]
[           0s] Csc Library/Bee/artifacts/200b0aE.dag/Unity.RenderPipelines.GPUDriven.Runtime.dll (+2 others) [CacheWrite 00000000000000000000000000000005]
[511/563    0s] MovedFromExtractor-Combine Library/Bee/artifacts/200b0aE.dag/Unity.RenderPipelines.Universal.Runtime.dll.mvfrm
[512/563    0s] ILPostProcess Library/Bee/artifacts/200b0aE.dag/post-processed/Unity.RenderPipelines.Universal.Config.Runtime.dll (+pdb)
Processing assembly Library/Bee/artifacts/200b0aE.dag/Unity.RenderPipelines.Universal.Config.Runtime.dll, with 134 defines and 251 references
processors: Unity.Jobs.CodeGen.JobsILPostProcessor, zzzUnity.Burst.CodeGen.BurstILPostProcessor
running Unity.Jobs.CodeGen.JobsILPostProcessor
running zzzUnity.Burst.CodeGen.BurstILPostProcessor
[513/563    0s] CopyFiles Library/ScriptAssemblies/Unity.RenderPipelines.Universal.Config.Runtime.dll
[514/563    0s] CopyFiles Library/ScriptAssemblies/Unity.RenderPipelines.Universal.Config.Runtime.pdb
[515/563    0s] ILPostProcess Library/Bee/artifacts/200b0aE.dag/post-processed/Unity.RenderPipelines.Core.Editor.Shared.dll (+pdb)
Processing assembly Library/Bee/artifacts/200b0aE.dag/Unity.RenderPipelines.Core.Editor.Shared.dll, with 132 defines and 282 references
processors: Unity.Jobs.CodeGen.JobsILPostProcessor, zzzUnity.Burst.CodeGen.BurstILPostProcessor
running Unity.Jobs.CodeGen.JobsILPostProcessor
running zzzUnity.Burst.CodeGen.BurstILPostProcessor
[516/563    0s] CopyFiles Library/ScriptAssemblies/Unity.RenderPipelines.Core.Editor.Shared.pdb
[517/563    0s] CopyFiles Library/ScriptAssemblies/Unity.RenderPipelines.Core.Editor.Shared.dll
[518/563    0s] ILPostProcess Library/Bee/artifacts/200b0aE.dag/post-processed/Unity.ShaderGraph.Editor.dll (+pdb)
Processing assembly Library/Bee/artifacts/200b0aE.dag/Unity.ShaderGraph.Editor.dll, with 132 defines and 285 references
processors: Unity.Jobs.CodeGen.JobsILPostProcessor, zzzUnity.Burst.CodeGen.BurstILPostProcessor
running Unity.Jobs.CodeGen.JobsILPostProcessor
running zzzUnity.Burst.CodeGen.BurstILPostProcessor
[519/563    0s] CopyFiles Library/ScriptAssemblies/Unity.ShaderGraph.Editor.pdb
[520/563    0s] CopyFiles Library/ScriptAssemblies/Unity.ShaderGraph.Editor.dll
[521/563    0s] ILPostProcess Library/Bee/artifacts/200b0aE.dag/post-processed/Unity.RenderPipelines.Core.Editor.dll (+pdb)
Processing assembly Library/Bee/artifacts/200b0aE.dag/Unity.RenderPipelines.Core.Editor.dll, with 133 defines and 287 references
processors: Unity.Jobs.CodeGen.JobsILPostProcessor, zzzUnity.Burst.CodeGen.BurstILPostProcessor
running Unity.Jobs.CodeGen.JobsILPostProcessor
running zzzUnity.Burst.CodeGen.BurstILPostProcessor
[522/563    0s] CopyFiles Library/ScriptAssemblies/Unity.RenderPipelines.Core.Editor.pdb
[523/563    0s] CopyFiles Library/ScriptAssemblies/Unity.RenderPipelines.Core.Editor.dll
[524/563    0s] ILPostProcess Library/Bee/artifacts/200b0aE.dag/post-processed/Unity.RenderPipeline.Universal.ShaderLibrary.dll (+pdb)
Processing assembly Library/Bee/artifacts/200b0aE.dag/Unity.RenderPipeline.Universal.ShaderLibrary.dll, with 134 defines and 251 references
processors: Unity.Jobs.CodeGen.JobsILPostProcessor, zzzUnity.Burst.CodeGen.BurstILPostProcessor
running Unity.Jobs.CodeGen.JobsILPostProcessor
running zzzUnity.Burst.CodeGen.BurstILPostProcessor
[525/563    0s] ILPostProcess Library/Bee/artifacts/200b0aE.dag/post-processed/Unity.RenderPipelines.GPUDriven.Runtime.dll (+pdb)
Processing assembly Library/Bee/artifacts/200b0aE.dag/Unity.RenderPipelines.GPUDriven.Runtime.dll, with 134 defines and 254 references
processors: Unity.Jobs.CodeGen.JobsILPostProcessor, zzzUnity.Burst.CodeGen.BurstILPostProcessor
running Unity.Jobs.CodeGen.JobsILPostProcessor
running zzzUnity.Burst.CodeGen.BurstILPostProcessor
[526/563    0s] CopyFiles Library/ScriptAssemblies/Unity.RenderPipeline.Universal.ShaderLibrary.dll
[527/563    0s] CopyFiles Library/ScriptAssemblies/Unity.RenderPipeline.Universal.ShaderLibrary.pdb
[528/563    0s] CopyFiles Library/ScriptAssemblies/Unity.RenderPipelines.GPUDriven.Runtime.dll
[529/563    0s] CopyFiles Library/ScriptAssemblies/Unity.RenderPipelines.GPUDriven.Runtime.pdb
[530/563    0s] Csc Library/Bee/artifacts/200b0aE.dag/Unity.RenderPipelines.Universal.Runtime.dll (+2 others)
[           0s] Csc Library/Bee/artifacts/200b0aE.dag/Unity.RenderPipelines.Universal.Runtime.dll (+2 others) [CacheWrite 00000000000000000000000000000005]
[532/563    0s] MovedFromExtractor-Combine Library/Bee/artifacts/200b0aE.dag/Unity.RenderPipelines.Universal.2D.Runtime.dll.mvfrm
[533/563    0s] ILPostProcess Library/Bee/artifacts/200b0aE.dag/post-processed/Unity.RenderPipelines.Universal.Runtime.dll (+pdb)
Processing assembly Library/Bee/artifacts/200b0aE.dag/Unity.RenderPipelines.Universal.Runtime.dll, with 136 defines and 258 references
processors: Unity.Jobs.CodeGen.JobsILPostProcessor, zzzUnity.Burst.CodeGen.BurstILPostProcessor
running Unity.Jobs.CodeGen.JobsILPostProcessor
running zzzUnity.Burst.CodeGen.BurstILPostProcessor
[534/563    0s] CopyFiles Library/ScriptAssemblies/Unity.RenderPipelines.Universal.Runtime.dll
[535/563    0s] CopyFiles Library/ScriptAssemblies/Unity.RenderPipelines.Universal.Runtime.pdb
[536/563    0s] Csc Library/Bee/artifacts/200b0aE.dag/Unity.RenderPipelines.Universal.2D.Runtime.dll (+2 others)
[           0s] Csc Library/Bee/artifacts/200b0aE.dag/Unity.RenderPipelines.Universal.2D.Runtime.dll (+2 others) [CacheWrite 00000000000000000000000000000005]
[547/563    0s] ILPostProcess Library/Bee/artifacts/200b0aE.dag/post-processed/Unity.RenderPipelines.Universal.2D.Editor.Overrides.dll (+pdb)
Processing assembly Library/Bee/artifacts/200b0aE.dag/Unity.RenderPipelines.Universal.2D.Editor.Overrides.dll, with 132 defines and 291 references
processors: Unity.Jobs.CodeGen.JobsILPostProcessor, zzzUnity.Burst.CodeGen.BurstILPostProcessor
running Unity.Jobs.CodeGen.JobsILPostProcessor
running zzzUnity.Burst.CodeGen.BurstILPostProcessor
[548/563    0s] CopyFiles Library/ScriptAssemblies/Unity.RenderPipelines.Universal.2D.Editor.Overrides.pdb
[549/563    0s] CopyFiles Library/ScriptAssemblies/Unity.RenderPipelines.Universal.2D.Editor.Overrides.dll
[550/563    0s] ILPostProcess Library/Bee/artifacts/200b0aE.dag/post-processed/PPv2URPConverters.dll (+pdb)
Processing assembly Library/Bee/artifacts/200b0aE.dag/PPv2URPConverters.dll, with 132 defines and 285 references
processors: Unity.Jobs.CodeGen.JobsILPostProcessor, zzzUnity.Burst.CodeGen.BurstILPostProcessor
running Unity.Jobs.CodeGen.JobsILPostProcessor
running zzzUnity.Burst.CodeGen.BurstILPostProcessor
[551/563    0s] ILPostProcess Library/Bee/artifacts/200b0aE.dag/post-processed/Unity.RenderPipelines.Universal.Editor.dll (+pdb)
Processing assembly Library/Bee/artifacts/200b0aE.dag/Unity.RenderPipelines.Universal.Editor.dll, with 132 defines and 291 references
processors: Unity.Jobs.CodeGen.JobsILPostProcessor, zzzUnity.Burst.CodeGen.BurstILPostProcessor
running Unity.Jobs.CodeGen.JobsILPostProcessor
running zzzUnity.Burst.CodeGen.BurstILPostProcessor
[552/563    0s] CopyFiles Library/ScriptAssemblies/PPv2URPConverters.pdb
[553/563    0s] CopyFiles Library/ScriptAssemblies/PPv2URPConverters.dll
[554/563    0s] CopyFiles Library/ScriptAssemblies/Unity.RenderPipelines.Universal.Editor.pdb
[555/563    0s] CopyFiles Library/ScriptAssemblies/Unity.RenderPipelines.Universal.Editor.dll
[556/563    0s] Csc Library/Bee/artifacts/200b0aE.dag/Assembly-CSharp-Editor.dll (+2 others)
[557/563    0s] ILPostProcess Library/Bee/artifacts/200b0aE.dag/post-processed/Unity.RenderPipelines.Universal.2D.Runtime.dll (+pdb)
Processing assembly Library/Bee/artifacts/200b0aE.dag/Unity.RenderPipelines.Universal.2D.Runtime.dll, with 134 defines and 255 references
processors: Unity.Jobs.CodeGen.JobsILPostProcessor, zzzUnity.Burst.CodeGen.BurstILPostProcessor
running Unity.Jobs.CodeGen.JobsILPostProcessor
running zzzUnity.Burst.CodeGen.BurstILPostProcessor
[558/563    0s] CopyFiles Library/ScriptAssemblies/Unity.RenderPipelines.Universal.2D.Runtime.pdb
[559/563    0s] CopyFiles Library/ScriptAssemblies/Unity.RenderPipelines.Universal.2D.Runtime.dll
[560/563    0s] ILPostProcess Library/Bee/artifacts/200b0aE.dag/post-processed/Assembly-CSharp-Editor.dll (+pdb)
Processing assembly Library/Bee/artifacts/200b0aE.dag/Assembly-CSharp-Editor.dll, with 132 defines and 312 references
processors: Unity.Jobs.CodeGen.JobsILPostProcessor, zzzUnity.Burst.CodeGen.BurstILPostProcessor
running Unity.Jobs.CodeGen.JobsILPostProcessor
running zzzUnity.Burst.CodeGen.BurstILPostProcessor
[561/563    0s] CopyFiles Library/ScriptAssemblies/Assembly-CSharp-Editor.dll
[562/563    0s] CopyFiles Library/ScriptAssemblies/Assembly-CSharp-Editor.pdb
*** Tundra build success (6.46 seconds), 200 items updated, 563 evaluated
Assets/Piglet/Scripts/Util/SingletonBehaviour.cs(38,41): warning CS0618: 'Object.FindObjectOfType(Type)' is obsolete: 'Object.FindObjectOfType has been deprecated. Use Object.FindFirstObjectByType instead or if finding any instance is acceptable the faster Object.FindAnyObjectByType'
AssetDatabase: script compilation time: 9.428005s
Begin MonoManager ReloadAssembly
<CFData 0xc3f56c2d0 [0x1fd15b380]>{length = 6, capacity = 6, bytes = 0xf4d4885d8530}
- Loaded All Assemblies, in  0.528 seconds
Start importing Assets using Guid(00000000000000001000000000000000) (DefaultImporter) -> (artifact id: '4b55c7cb15071bfc086d0e52a7664a41') in 0.015195917 seconds
Start importing ProjectSettings/InputManager.asset using Guid(00000000000000002000000000000000) (LibraryAssetImporter) -> (artifact id: '3d278bdfa729973ecf92c670ca181c88') in 0.001181042 seconds
Start importing ProjectSettings/TagManager.asset using Guid(00000000000000003000000000000000) (LibraryAssetImporter) -> (artifact id: '4aa03ef27a83f311e598313a3ec2fbc3') in 0.000605666 seconds
Start importing ProjectSettings/ProjectSettings.asset using Guid(00000000000000004000000000000000) (LibraryAssetImporter) -> (artifact id: 'f52fc8bed24743bbece57028fec7e160') in 0.000469583 seconds
Start importing ProjectSettings/AudioManager.asset using Guid(00000000000000006000000000000000) (LibraryAssetImporter) -> (artifact id: '7bb8de31f311db17f0fefe3abfd595f1') in 0.00038 seconds
Start importing ProjectSettings/TimeManager.asset using Guid(00000000000000007000000000000000) (LibraryAssetImporter) -> (artifact id: '52c307e924e96ceef905bcc2cea85a00') in 0.000698459 seconds
Start importing ProjectSettings/DynamicsManager.asset using Guid(00000000000000008000000000000000) (LibraryAssetImporter) -> (artifact id: '913ceedd18932e74f6c2ac19d4bebe5c') in 0.000407833 seconds
Start importing ProjectSettings/QualitySettings.asset using Guid(00000000000000009000000000000000) (LibraryAssetImporter) -> (artifact id: '3d22d777d340243128ed3ffa349fb55a') in 0.000422 seconds
Start importing ProjectSettings/EditorBuildSettings.asset using Guid(0000000000000000b000000000000000) (LibraryAssetImporter) -> (artifact id: '1923232d45cb936aef47cec131f33975') in 0.000334416 seconds
Start importing ProjectSettings/EditorSettings.asset using Guid(0000000000000000c000000000000000) (LibraryAssetImporter) -> (artifact id: '88a81b0cd41f2e6791b296dbea0c2761') in 0.000350375 seconds
Start importing ProjectSettings/NavMeshAreas.asset using Guid(00000000000000004100000000000000) (LibraryAssetImporter) -> (artifact id: '4ba0a6bb5cc18b1619eb3b3f4ce570d1') in 0.000311541 seconds
Start importing ProjectSettings/Physics2DSettings.asset using Guid(00000000000000005100000000000000) (LibraryAssetImporter) -> (artifact id: 'bb8ce7f5b2d944741959db20200075a7') in 0.000338584 seconds
Start importing ProjectSettings/GraphicsSettings.asset using Guid(00000000000000006100000000000000) (LibraryAssetImporter) -> (artifact id: 'b7a369a9c0780e3bb2635b3b3f88ffe1') in 0.000390166 seconds
Start importing ProjectSettings/ClusterInputManager.asset using Guid(00000000000000007100000000000000) (LibraryAssetImporter) -> (artifact id: '5a028a71a6163b7bc9a46219c48662ec') in 0.000374417 seconds
Start importing ProjectSettings/UnityConnectSettings.asset using Guid(0000000000000000a100000000000000) (LibraryAssetImporter) -> (artifact id: '5a6e69f8200d884ded3f19f546ea756a') in 0.0003175 seconds
Start importing ProjectSettings/PresetManager.asset using Guid(0000000000000000b100000000000000) (LibraryAssetImporter) -> (artifact id: '669bd2cb5cdf99ef516d1350fa42393e') in 0.000306625 seconds
Start importing ProjectSettings/VFXManager.asset using Guid(0000000000000000c100000000000000) (LibraryAssetImporter) -> (artifact id: 'dd6732d958402095937fd19a0cecb735') in 0.000604042 seconds
Start importing ProjectSettings/VersionControlSettings.asset using Guid(0000000000000000d100000000000000) (LibraryAssetImporter) -> (artifact id: 'b89f810c452b248c014f182ae5caa680') in 0.000418458 seconds
Start importing ProjectSettings/MemorySettings.asset using Guid(0000000000000000f100000000000000) (LibraryAssetImporter) -> (artifact id: '19f032dc933bd79e61da5c81f7ddd1ac') in 0.00035325 seconds
Start importing ProjectSettings/MultiplayerManager.asset using Guid(00000000000000000200000000000000) (LibraryAssetImporter) -> (artifact id: 'f060d13f2990d90fc35c577bb4111c66') in 0.000328666 seconds
Start importing Library/BuildInstructions using Guid(00000000000000002300000000000000) (DefaultImporter) -> (artifact id: 'ade3aeda13ad9960ede0e143cb33502a') in 0.000177834 seconds
Start importing Packages/com.unity.nuget.mono-cecil using Guid(90ed072269172012fcebb3cd57b5a869) (DefaultImporter) -> (artifact id: '0d539c5c27d9466d76fd1fba9c65233b') in 0.000154167 seconds
Start importing Packages/com.unity.modules.imgui using Guid(c060426bfd6e82575228df6656368eaa) (DefaultImporter) -> (artifact id: '7d484ab5933192f91b6a2fb9f7498a1e') in 0.000135833 seconds
Start importing Packages/com.unity.modules.animation using Guid(1158e311a3101950348dcecb1bebc42d) (DefaultImporter) -> (artifact id: 'ad15220686cb46a8486da5a82128437e') in 0.000126916 seconds
Start importing Packages/com.unity.ugui using Guid(613f95849fea65b15f0a014bab7a9f93) (DefaultImporter) -> (artifact id: '1217c713edf38fb67bf15a7c50d4ad68') in 0.000129792 seconds
Start importing Packages/com.unity.modules.assetbundle using Guid(b219c86ce508e478367c0a46e1aa9fe4) (DefaultImporter) -> (artifact id: 'bc1ccff54e0e81e719a299f618cbc700') in 0.000135458 seconds
Start importing Packages/com.unity.test-framework using Guid(33265d99cc03f644590814fd7c9d9012) (DefaultImporter) -> (artifact id: 'bb6c38ffcf6f38ac724d9ac027ca0c21') in 0.000127167 seconds
Start importing Packages/com.unity.test-framework.performance using Guid(93963ca519b768cbd41ce8514a1fa148) (DefaultImporter) -> (artifact id: '40d5c72f8c722b0c922a3be50a2aa72e') in 0.000129833 seconds
Start importing Packages/com.unity.mathematics using Guid(45c97f030cad27ef8667e2ac80bf5783) (DefaultImporter) -> (artifact id: '9c29a0dd1dcdc096ec0904a229682a15') in 0.000132083 seconds
Start importing Packages/com.unity.modules.imageconversion using Guid(850c54ee0b9e1aa740b1c67792eb1f26) (DefaultImporter) -> (artifact id: '77f78b27bd9bac81a00a007ef6f28867') in 0.000137416 seconds
Start importing Packages/com.unity.modules.unitywebrequest using Guid(c522a644a29fcab2eaf63298c118a65b) (DefaultImporter) -> (artifact id: 'd98f38a0b0a3a6ad84b730beb63727de') in 0.000139791 seconds
Start importing Packages/com.unity.modules.unitywebrequestassetbundle using Guid(d5f0b0adc6826e9dd3b72e292e8438be) (DefaultImporter) -> (artifact id: '4efb6f2729456c035f8d2599b921b1ba') in 0.000126458 seconds
Start importing Packages/com.unity.shadergraph using Guid(c6aa89ee2878cddbf457dc0a0af673e9) (DefaultImporter) -> (artifact id: '729582c114ec9a868126d8ac07c94be7') in 0.000131375 seconds
Start importing Packages/com.unity.modules.physics using Guid(d6db7caf2e852b75ebb9c6098418179c) (DefaultImporter) -> (artifact id: 'b562405fb5bd1c9305c356f8cfe7a672') in 0.000136 seconds
Start importing Assets/Editor using Guid(e6e60c537468c429ab09f84a9fccb1c2) (DefaultImporter) -> (artifact id: '65802c6e88d5dfc08ec616a88d38cda2') in 0.000741708 seconds
Start importing Packages/com.unity.modules.unitywebrequestaudio using Guid(38e3a8976f0b9c586b6dfbcef4e4066c) (DefaultImporter) -> (artifact id: 'd22a0a5dce520265216aede629a15820') in 0.000201417 seconds
Start importing Packages/com.unity.render-pipelines.core using Guid(58ac5736480f01c600466e7d0197c157) (DefaultImporter) -> (artifact id: '9fa86d8321aa2f715c5599541dacc06c') in 0.000150459 seconds
Start importing Assets/PoliceStationMobile using Guid(98490faea5fa1427e898e8ebd3d2935d) (DefaultImporter) -> (artifact id: '79f8d1f60faa4ab1a4bfd889034ae1f8') in 0.000669125 seconds
Start importing Packages/com.unity.modules.ui using Guid(39728903e57c60021f80449a8bbc0096) (DefaultImporter) -> (artifact id: '9ba448b29b75a8a1f5c4c31201266424') in 0.000154541 seconds
Start importing Packages/com.unity.modules.androidjni using Guid(995c08a3305ff9f0dab5e86f340bd9a7) (DefaultImporter) -> (artifact id: 'cb17bea8d2250c1b95c120c742c59ba3') in 0.00012975 seconds
Start importing Assets/Piglet using Guid(e9ed6b70c4484417bb6e560d1de4fca0) (DefaultImporter) -> (artifact id: '44c5c96adde570b5cec9e24730c5d70e') in 0.00065675 seconds
Start importing Packages/com.unity.ext.nunit using Guid(aa43149513e0d0ab612ac9968c8a459c) (DefaultImporter) -> (artifact id: 'ee13436749111590db54b58b9cfcf583') in 0.000244542 seconds
Start importing Packages/com.unity.searcher using Guid(ea58f993824deb409b8a2d0be84ccb35) (DefaultImporter) -> (artifact id: '9cf34679960e87ae9aa22ea301be1878') in 0.0001605 seconds
Start importing Packages/com.unity.render-pipelines.universal using Guid(7bc33e127be45e4f524d0cf331425912) (DefaultImporter) -> (artifact id: '71f1212d7febdac8a1b69cd47f141252') in 0.000146041 seconds
Start importing Packages/com.unity.modules.jsonserialize using Guid(fc3a810351931f5e6183e16b9beb5563) (DefaultImporter) -> (artifact id: 'ae149b8f46567b37c6b77b16bb572fe8') in 0.000143917 seconds
Start importing Packages/com.unity.burst using Guid(2db9b03aaf3d8754fea6aa2648512f8c) (DefaultImporter) -> (artifact id: '0d05881254e7fd3570cb6c5b2a1df5ba') in 0.000139834 seconds
Start importing Packages/com.unity.modules.audio using Guid(2d6ba5cbe47e6ad3c87474c56174d4e0) (DefaultImporter) -> (artifact id: '2ad5535b0c9fde796c0a268a703c42c8') in 0.000127792 seconds
Start importing Packages/com.unity.collections using Guid(6ea2c6f3763d4b5a29419bcb653c9df5) (DefaultImporter) -> (artifact id: '3083acc48391fbb878c60189f22d6001') in 0.000130958 seconds
Start importing Packages/com.unity.modules.terrain using Guid(6e1c8b97ec8aa0464e92506ffe099558) (DefaultImporter) -> (artifact id: 'd262e4fb78f6fff54404eb87b88b9ac4') in 0.000130917 seconds
Start importing Packages/com.unity.render-pipelines.universal-config using Guid(9ebba4de0bc7f6a8d93a6a7ce368a4c7) (DefaultImporter) -> (artifact id: '3ecc0c7de9779d9030bf92f747830dd7') in 0.000128042 seconds
Start importing Packages/com.unity.modules.unitywebrequesttexture using Guid(6f1c7ebc8ac78cb951be24c238cbd3ba) (DefaultImporter) -> (artifact id: '590a54cd80ec2a1da1d11f7ee409e01f') in 0.000121083 seconds
Start importing Packages/com.unity.burst/Unity.Burst.CodeGen using Guid(0025085fa936303aa05b328e44651f9c) (DefaultImporter) -> (artifact id: 'da87d48daf8566acca1fe2c6c85e70c9') in 0.000420875 seconds
Start importing Packages/com.unity.collections/Unity.Collections.BurstCompatibilityGen using Guid(00a9bcd29d03e5043aad0c9a7e6185f3) (DefaultImporter) -> (artifact id: '3dd9924ad498f25718ce4d4d035f87b7') in 0.00032925 seconds
Start importing Assets/Piglet/Documentation using Guid(302ecaa534ba4b24a8ca78345f5b0bc2) (DefaultImporter) -> (artifact id: 'c5e07dd775a262c5d243f43827b2c6ea') in 0.000354583 seconds
Start importing Packages/com.unity.render-pipelines.core/Editor-PrivateShared using Guid(50e0a64c6fdb90f48a1dbcfa7af69056) (DefaultImporter) -> (artifact id: '0b0f24df30bbdcd12549289cd8d34204') in 0.000361 seconds
Start importing Packages/com.unity.render-pipelines.universal/Tests using Guid(90821e75f62bb9e4ea9d6111201e1d90) (DefaultImporter) -> (artifact id: 'a8b2f01a50cf4982779995b3da55b294') in 0.000312208 seconds
Start importing Assets/Piglet/Plugins using Guid(81ccab426d97c0440a5314a8ec31dc76) (DefaultImporter) -> (artifact id: 'a37ae6303cc5713e7d924c8e8085eb31') in 0.000341167 seconds
Start importing Assets/Piglet/Extras using Guid(a1b7f0824925c154987121407cae99be) (DefaultImporter) -> (artifact id: '6fbcb6d74b8876c4dfdbce4e5475699d') in 0.000401709 seconds
Start importing Packages/com.unity.render-pipelines.universal-config/Tests using Guid(b16c0985df25c08458c254464b931122) (DefaultImporter) -> (artifact id: '72c712d894e0ede789678c40f748a38a') in 0.000363291 seconds
Start importing Packages/com.unity.shadergraph/ShaderGraphLibrary using Guid(c1bc9b92d5eaa40f8a85c1f48ba87de9) (DefaultImporter) -> (artifact id: 'be7b64766ee5b69eb7ec498c0dbae152') in 0.000282542 seconds
Start importing Packages/com.unity.ugui/Editor Resources using Guid(d1a0a27327b54c3bac52a08929c33f81) (DefaultImporter) -> (artifact id: '89d4bdf381a63d2d738dcc151e624513') in 0.000437625 seconds
Start importing Packages/com.unity.collections/Unity.Collections.Editor using Guid(d1e9e4c1f536d9246ac795d9abc62342) (DefaultImporter) -> (artifact id: '7eaed701002a9747ad365e4801cbfde1') in 0.000372208 seconds
Start importing Packages/com.unity.burst/Runtime using Guid(e1700f0d2aa03c568eaedb3efe6720f0) (DefaultImporter) -> (artifact id: '8b92d21c9a23dbc0f6bf20116309d43e') in 0.000601125 seconds
Start importing Assets/Piglet/Editor using Guid(0262ababf1bfc8643b30ff29db3fa5f0) (DefaultImporter) -> (artifact id: '5e2b26acfd454c7ef6865c459670a3cf') in 0.000345708 seconds
Start importing Packages/com.unity.searcher/Editor using Guid(03d97a496f60a574f8955a1258f8f956) (DefaultImporter) -> (artifact id: '3c911fbef8c9e67f646a9f7b85a35006') in 0.00033325 seconds
Start importing Packages/com.unity.render-pipelines.universal/Editor using Guid(53c20613ce8ac478dba8507359e02516) (DefaultImporter) -> (artifact id: '1b7596313ce94b29aab40270d50652d8') in 0.000284417 seconds
Start importing Packages/com.unity.render-pipelines.core/ShaderLibrary using Guid(534c3b565c7ef4248a10594dbdf4faf1) (DefaultImporter) -> (artifact id: '2fbf526cc6816413d66c6fe72f697787') in 0.000270375 seconds
Start importing Packages/com.unity.collections/Unity.Collections.LowLevel.ILSupport using Guid(6353acf8df7d746d98d65f640d39ea47) (DefaultImporter) -> (artifact id: '3bfe95cb61b3a0d592374497b51a9e59') in 0.000323917 seconds
Start importing Packages/com.unity.mathematics/Unity.Mathematics using Guid(b3be5912975a74cc0b42e9039d91daf1) (DefaultImporter) -> (artifact id: 'db7e4658d6f4167db080f5d152bddf79') in 0.000381375 seconds
Start importing Packages/com.unity.mathematics/Tests using Guid(e3503cbca3a6645cb8298d5cecf03cec) (DefaultImporter) -> (artifact id: '7a7efa4be2c2bba6f2efc8aff051210e') in 0.000399916 seconds
Start importing Packages/com.unity.render-pipelines.universal/Shaders using Guid(248877dd7078443d6b51abf21ee7d52a) (DefaultImporter) -> (artifact id: '564022fb5e58e1dc030736cf0c6b7619') in 0.000312583 seconds
Start importing Packages/com.unity.render-pipelines.core/Editor using Guid(74ae8146f4a01491ba1306f3db78139d) (DefaultImporter) -> (artifact id: 'bcce6bcb588ab2ebe4cd0f763d9b1c21') in 0.000298708 seconds
Start importing Packages/com.unity.collections/Unity.Collections.CodeGen using Guid(d44454e6d25878e46a8495f8a720d7c0) (DefaultImporter) -> (artifact id: 'dc5b6330d6bcd6bbb34157022b1e02b9') in 0.0002615 seconds
Start importing Packages/com.unity.test-framework/UnityEngine.TestRunner using Guid(950890083f4907541a6ed06d70959e49) (DefaultImporter) -> (artifact id: 'b2380b0eb08023ce063c7b7396ba8e5e') in 0.000261209 seconds
Start importing Packages/com.unity.test-framework/UnityEditor.TestRunner using Guid(95cdf27b47eb82747ba9e51f41e72a35) (DefaultImporter) -> (artifact id: '77f76be7513a4e9a3b3e2eeeb0b13cad') in 0.000259584 seconds
Start importing Packages/com.unity.collections/Unity.Collections using Guid(b5713c21e3bf34803880e60596ab7e69) (DefaultImporter) -> (artifact id: 'cfed2240ead5e584460a4650f86e225a') in 0.000530542 seconds
Start importing Assets/Piglet/Examples using Guid(d5a6a0ec8d07ca24da796a85ef73cfc4) (DefaultImporter) -> (artifact id: '05948b36d92d6b648e11d4e0a6484797') in 0.00035875 seconds
Start importing Packages/com.unity.nuget.mono-cecil/Tests using Guid(0600146fb26ea4138a2f66b89faa9e86) (DefaultImporter) -> (artifact id: '471bb5efc522ca1d3dc593d9c7594c0a') in 0.000340042 seconds
Start importing Packages/com.unity.burst/Editor using Guid(a6ca3ceb44ad3b13ad15d2de0caf14d0) (DefaultImporter) -> (artifact id: 'b77eb78338e9f974f17eb7df60d7cd81') in 0.000529167 seconds
Start importing Packages/com.unity.shadergraph/Tests using Guid(b67edcfd84add6e4a97f27f155b61a7b) (DefaultImporter) -> (artifact id: '8d392ba38630bc1cd2405718685f9616') in 0.000377833 seconds
Start importing Packages/com.unity.render-pipelines.universal-config/Runtime using Guid(670b80493e242394ba4eda64f09253ac) (DefaultImporter) -> (artifact id: '969fcf6c60ced85ee128f24c2e4f49ba') in 0.000333291 seconds
Start importing Assets/Piglet/Resources using Guid(a7d2ff174fe5b8a41928211ffe12be9a) (DefaultImporter) -> (artifact id: 'b9ae109d18d8ade3f0c9db56e48bd173') in 0.000293333 seconds
Start importing Packages/com.unity.test-framework/Tests using Guid(b70e28337c9001e4390442151ea5542c) (DefaultImporter) -> (artifact id: '88dd20ad2c23d64332e901fda31c7692') in 0.000477292 seconds
Start importing Packages/com.unity.test-framework.performance/Editor using Guid(0855336f89ed65c45a15c56d2269fffd) (DefaultImporter) -> (artifact id: 'e2a496ca2a54bc21997c75cf10ea96b9') in 0.000457583 seconds
Start importing Packages/com.unity.ugui/Tests using Guid(d850db319a63d2546932ff76fe55a498) (DefaultImporter) -> (artifact id: '87ed2bbc25b91c58b304abd09ed3aaba') in 0.000446583 seconds
Start importing Packages/com.unity.render-pipelines.core/Shaders using Guid(1966e5ee4a6d00344b701c86ac98a770) (DefaultImporter) -> (artifact id: 'a76a0467b16d8ab2206ade82af08c20f') in 0.000442125 seconds
Start importing Packages/com.unity.render-pipelines.universal/Textures using Guid(6970e3730c799f44ab472c8aa6c4b431) (DefaultImporter) -> (artifact id: 'bf7de6916e6788a6ccf01880f1701369') in 0.000477583 seconds
Start importing Packages/com.unity.render-pipelines.universal/Runtime using Guid(79e8584360be43649ad60cb0f180e904) (DefaultImporter) -> (artifact id: '982b85db3ea9db95dfe6f54103330194') in 0.000318542 seconds
Start importing Packages/com.unity.render-pipelines.core/Runtime using Guid(89c766a6aa0579c4b9f01bbbe5a45dfd) (DefaultImporter) -> (artifact id: 'f8fc9448182db0343cb00dae7a6184e4') in 0.000500542 seconds
Start importing Packages/com.unity.ugui/Runtime using Guid(aa14b70e6a58c5b4fa6663623e3dca91) (DefaultImporter) -> (artifact id: 'fa7aa1d533b272bf79afdbd5404453cd') in 0.0003025 seconds
Start importing Packages/com.unity.shadergraph/GraphTemplates using Guid(ba49d6ca56964cc28bd1278524ad02a1) (DefaultImporter) -> (artifact id: '1db1c4bf1700b8661fc26a18a25a98d8') in 0.000323292 seconds
Start importing Packages/com.unity.collections/Unity.Collections.Tests.Playmode using Guid(1bc474d6c48563e48bf377774df23cb1) (DefaultImporter) -> (artifact id: '00df3bec1f22919a9dfe00e1760c2354') in 0.000375125 seconds
Start importing Packages/com.unity.render-pipelines.core/Runtime-PrivateShared using Guid(3bc3c7fe1d0033c4aaa7cd04fe5ba574) (DefaultImporter) -> (artifact id: 'e069b3d81777c5587acb66dc67ef292c') in 0.000263541 seconds
Start importing Packages/com.unity.searcher/Tests using Guid(4b666628832cadb45b2a56d441fc8220) (DefaultImporter) -> (artifact id: 'feb63d593cfd52f4f481a22bb42033fd') in 0.000268833 seconds
Start importing Packages/com.unity.collections/Unity.Collections.PerformanceTests using Guid(4c3b5584c2c4c483b9816878d89d3793) (DefaultImporter) -> (artifact id: '1ec40f0db75de92f464c23a2e6f73533') in 0.000295125 seconds
Start importing Packages/com.unity.collections/Unity.Collections.Tests using Guid(5c67b9b0b7cb745ff9944601a5b65149) (DefaultImporter) -> (artifact id: '74fa25095f66dc387ef11e14b714dc4d') in 0.000290625 seconds
Start importing Packages/com.unity.render-pipelines.core/Tests using Guid(6c67acbbc1ebd5a479b3bef04c939d02) (DefaultImporter) -> (artifact id: '7334d2748cec619bf95b7956addd5ff1') in 0.000274333 seconds
Start importing Assets/Piglet/Dependencies using Guid(1d836fe6cc7b7354f978a2274e242cfb) (DefaultImporter) -> (artifact id: '36a9f28a2a4a44e1a73b96c60460fb1e') in 0.000295833 seconds
Start importing Packages/com.unity.render-pipelines.universal/ShaderLibrary using Guid(2de5b472450204ae2853db2cb6a2540a) (DefaultImporter) -> (artifact id: 'd34fd82b23d644112ff05e85decdabfe') in 0.000376209 seconds
Start importing Packages/com.unity.collections/DocCodeSamples.Tests using Guid(ed2c1c145cb193d4d8987d3886bc12b4) (DefaultImporter) -> (artifact id: '26636d22e55ca5da8c3e23d89b25fa92') in 0.000499292 seconds
Start importing Packages/com.unity.mathematics/Unity.Mathematics.Editor using Guid(ed3cf288b647446a1a4040049eb363d7) (DefaultImporter) -> (artifact id: 'd3eca6a996482eb62a5232eb96f5fb32') in 0.000261333 seconds
Start importing Packages/com.unity.ugui/Package Resources using Guid(5ec95f4d5b2d1f14e9ff8682562553f9) (DefaultImporter) -> (artifact id: '20161e53e484de6465e75d382f9dbde6') in 0.00037975 seconds
Start importing Packages/com.unity.test-framework.performance/Runtime using Guid(6edbafb3b8c712640ae66bb69eabb0a8) (DefaultImporter) -> (artifact id: 'e87c74f33b2b99dd5ff05c90cdbea71a') in 0.000442917 seconds
Start importing Packages/com.unity.ugui/Editor using Guid(bee384ad5b4d1a843a018082e7db53cd) (DefaultImporter) -> (artifact id: 'cc2ff2381a5068f9e19e880ea4d9c9b1') in 0.000321042 seconds
Start importing Packages/com.unity.collections/Unity.Collections.PerformanceTests.Internal using Guid(ee3c6001d6f4bbf409631328fb4cd463) (DefaultImporter) -> (artifact id: 'c249378977d3bb66d7182029bc57efbf') in 0.000367458 seconds
Start importing Assets/Piglet/Scripts using Guid(0faf5851801e63348872fd915d1bb68b) (DefaultImporter) -> (artifact id: 'ed9ea1a6a32b5fc348d6d36f96c779ce') in 0.000441125 seconds
Start importing Packages/com.unity.shadergraph/Editor using Guid(af35822cb60c9a44cba3e3f0317ac0ac) (DefaultImporter) -> (artifact id: '7261d79a32e2d81e40b6ce40e175d685') in 0.000373333 seconds
Start importing Packages/com.unity.ext.nunit/net40 using Guid(af19581c6078849139e0671f575e4b7c) (DefaultImporter) -> (artifact id: '7cfa80f12945c74956f086b3610c7a51') in 0.000281167 seconds
Start importing Packages/com.unity.render-pipelines.core/Runtime/Settings using Guid(00a116691603d1943905c38f0640a134) (DefaultImporter) -> (artifact id: '71cdd0fd3619dac82c43ddf098391e87') in 0.000322208 seconds
Start importing Packages/com.unity.render-pipelines.universal/Editor/BuildProcessors using Guid(00b78da5a2abda548bce3022822ebb7f) (DefaultImporter) -> (artifact id: '17b04a667c6324d4842128cb417b9dc8') in 0.000289833 seconds
Start importing Packages/com.unity.ugui/Editor/TMP using Guid(10d1425d9e87841d9a9deafe9e93a6f2) (DefaultImporter) -> (artifact id: 'b78a297ad64c4d78728ae683af3e5658') in 0.0003105 seconds
Start importing Assets/Piglet/Scripts/RenderPipeline using Guid(3049da0c9921a804ea7b2baef3cc447d) (DefaultImporter) -> (artifact id: '312cbff1090f590723a2a6b7855062d1') in 0.000316333 seconds
Start importing Packages/com.unity.test-framework.performance/Editor/TestReportGraph using Guid(30bb01dc09cb89b4faf344490fee76a7) (DefaultImporter) -> (artifact id: 'c056d2cc8d67d2551a8b28858fc6c1f5') in 0.000383292 seconds
Start importing Assets/Piglet/Plugins/WebGL using Guid(607266aa02bbf424298f8fb68d28cc6d) (DefaultImporter) -> (artifact id: 'b1845142b03cac479247e9fb837d8345') in 0.000311834 seconds
Start importing Assets/Piglet/Dependencies/UnityGLTF using Guid(606df4f76e842b143a2ff9c580ab7799) (DefaultImporter) -> (artifact id: '96d87cc9ff37ff28027f5344e5fcf8df') in 0.000331167 seconds
Start importing Packages/com.unity.render-pipelines.universal/Editor/AssetPostProcessors using Guid(80a17677e8c9b3040a01d400cf19819f) (DefaultImporter) -> (artifact id: '888f321c84e356bfb3319529276d7267') in 0.0003 seconds
Start importing Packages/com.unity.render-pipelines.core/Editor/Properties using Guid(80eb240eb8f49794ea98245f43a29de6) (DefaultImporter) -> (artifact id: 'f1cbee2d0f1121fcbdeee7f1a0559a41') in 0.000493666 seconds
Start importing Packages/com.unity.render-pipelines.core/Editor/UXML using Guid(a05d5395a414809438a369bcd59aa8d0) (DefaultImporter) -> (artifact id: 'dbd2f74a563c48e2929158308bbf1db2') in 0.000368709 seconds
Start importing Packages/com.unity.test-framework.performance/Runtime/Measurements using Guid(c0c170ab616b34944bcd5e75cfcb9d06) (DefaultImporter) -> (artifact id: '1d464c796009f8842937b83aa02f7d7a') in 0.000353166 seconds
Start importing Packages/com.unity.ext.nunit/net40/unity-custom using Guid(c0673f99c7a5d42e081a6f88c5a37862) (DefaultImporter) -> (artifact id: 'f4fcd55258eeff1a5f459a9ca176b6e0') in 0.000308167 seconds
Start importing Packages/com.unity.render-pipelines.core/Runtime/Debug using Guid(c09a0a5d80ce97c43b5ad0099fdc8bca) (DefaultImporter) -> (artifact id: '3e421762bdc735d372c0719bee1c0c46') in 0.000267458 seconds
Start importing Packages/com.unity.shadergraph/Editor/ShaderGUI using Guid(c03d0f7d344c4c0a877eea9f1a0168fd) (DefaultImporter) -> (artifact id: '5458946980227493f80136b1555a48e2') in 0.00030225 seconds
Start importing Packages/com.unity.shadergraph/Editor/Utilities using Guid(f09c1bd643b38480bba505d3a9023457) (DefaultImporter) -> (artifact id: '36f24709c8aa53207503157df67777aa') in 0.000408833 seconds
Start importing Packages/com.unity.render-pipelines.core/Runtime/Volume using Guid(1189cbf559a12c64e92584c52d17a4a0) (DefaultImporter) -> (artifact id: '53b6479165a7b813c8748aebd76c13be') in 0.000282291 seconds
Start importing Assets/Piglet/Documentation/pandoc-filters using Guid(110ec272d38215847b68c70c3681c4b1) (DefaultImporter) -> (artifact id: '6617e23ccbd9271d7a4eab172fad3a38') in 0.000266083 seconds
Start importing Packages/com.unity.render-pipelines.universal/Runtime/Decal using Guid(219911eb3a3b7d54e8218af5aca772dd) (DefaultImporter) -> (artifact id: 'e740b194dad2c3486d8cb30954c27bed') in 0.000280292 seconds
Start importing Assets/Piglet/Plugins/Android using Guid(6178949683314c8468348b397a37766f) (DefaultImporter) -> (artifact id: '237496dea6e5177d56719bfda86bef4d') in 0.000187042 seconds
Start importing Packages/com.unity.ugui/Runtime/TMP using Guid(619aadd8f276341ca84d7ad5a9c6db21) (DefaultImporter) -> (artifact id: '5308cedcd74d43682790fc7238a9d1e2') in 0.000295834 seconds
Start importing Packages/com.unity.render-pipelines.core/Editor/ShaderStripping using Guid(61ff35fb502752843acbefd0946f06f6) (DefaultImporter) -> (artifact id: '4750eb5caf7eb9c959580594c1bba763') in 0.000301417 seconds
Start importing Packages/com.unity.render-pipelines.universal/Editor/Tools using Guid(715d10cee9082354a92701de6d5f6527) (DefaultImporter) -> (artifact id: '1672004ddfc0d3b744b6f8d12df65f51') in 0.000387875 seconds
Start importing Packages/com.unity.render-pipelines.universal/Textures/SMAA using Guid(8175402ae6bf2a84f929602544c44007) (DefaultImporter) -> (artifact id: '6f93c121ce3744458896cfe94235a7d6') in 0.000530958 seconds
Start importing Packages/com.unity.mathematics/Unity.Mathematics/Geometry using Guid(8179f9b7bb3904f5ba86140bea0a128b) (DefaultImporter) -> (artifact id: 'c49907dbfdabccf49117d4ea50ab372d') in 0.000327875 seconds
Start importing Assets/Piglet/Dependencies/Json.NET using Guid(91fc3de11ca048a4cac616dfda5b050e) (DefaultImporter) -> (artifact id: '426110397a76bfd1392740a3e3b10d2c') in 0.000271417 seconds
Start importing Packages/com.unity.render-pipelines.universal/Runtime/Debug using Guid(91be52194fd414eefb9f1bc39b89292e) (DefaultImporter) -> (artifact id: '22a7aa4a1783cebe5eed9b965704bcf3') in 0.000271458 seconds
Start importing Packages/com.unity.shadergraph/Editor/Importers using Guid(a1485bce8acd0428fae1525629b9ed8b) (DefaultImporter) -> (artifact id: 'ffbfeb695b117171855aba615cf49e01') in 0.000266833 seconds
Start importing Packages/com.unity.render-pipelines.core/Tests/Runtime using Guid(a189334a4e37b1247af4cfcedc20802c) (DefaultImporter) -> (artifact id: '5d0715f6352ce69bd8fb3242a68e058e') in 0.00036825 seconds
Start importing Packages/com.unity.render-pipelines.core/Editor/RenderGraph using Guid(e13f2d6c38d76c24fb156d9537c72359) (DefaultImporter) -> (artifact id: 'c3f2d2e665379b76ac58e092f6c2a4e0') in 0.0003845 seconds
Start importing Assets/Piglet/Editor/Test using Guid(12515ddb0ef8468cb77b2e5e01706a8d) (DefaultImporter) -> (artifact id: '1cf05465ab05508272f46a98b56357fd') in 0.000279334 seconds
Start importing Packages/com.unity.render-pipelines.universal/Textures/BlueNoise64 using Guid(2213abb41e048da4ca7f2acee56cf116) (DefaultImporter) -> (artifact id: '4c576888a046efa726e1f507707435f1') in 0.000306167 seconds
Start importing Packages/com.unity.render-pipelines.universal/Editor/SceneTemplates using Guid(32bf03fc07b2a4f00adb3eaf74edcdf3) (DefaultImporter) -> (artifact id: 'fd3d9e3bbca758bbe3cfbb679fc9a493') in 0.000293041 seconds
Start importing Packages/com.unity.shadergraph/Editor/Drawing using Guid(628a36608983fbe49bd5b01cc799f525) (DefaultImporter) -> (artifact id: '83c71d4c4fb5be23ca8e872ac75a2792') in 0.000299375 seconds
Start importing Packages/com.unity.render-pipelines.core/Editor/Lighting using Guid(a20277bec4b2cc14dbfbc6e401f1f8f1) (DefaultImporter) -> (artifact id: 'b046047c1773b5cff587b8c266b0206a') in 0.000292375 seconds
Start importing Packages/com.unity.render-pipelines.core/Runtime/CommandBuffers using Guid(b28b41cdfaae53042830c0db923255d7) (DefaultImporter) -> (artifact id: '262fd67d935333fca60aa9b9fba7c22d') in 0.000293875 seconds
Start importing Packages/com.unity.render-pipelines.universal/Runtime/Passes using Guid(c2a16f045b3148e4f9d0d62614a81a61) (DefaultImporter) -> (artifact id: '2c33f2c7e98ebcfcb18a4f97958b2d5b') in 0.00029275 seconds
Start importing Packages/com.unity.render-pipelines.core/Editor/Icons using Guid(d282282bdd9a39349a3f4642751d8e2b) (DefaultImporter) -> (artifact id: '4b3dfa858da787b5b2b47c8e9a1f999e') in 0.000294416 seconds
Start importing Packages/com.unity.render-pipelines.core/Editor-PrivateShared/AssetCallbacks using Guid(d2b6d2a66db8e07418eae9d75a2ebb55) (DefaultImporter) -> (artifact id: '0f331240f6fa70c492d72b0a4a532e35') in 0.000259041 seconds
Start importing Packages/com.unity.test-framework.performance/Runtime/Attributes using Guid(d2bd35c14da30b94c81ec15c7db30136) (DefaultImporter) -> (artifact id: '2686fafd4fe31f00916d69115d66d98c') in 0.000260875 seconds
Start importing Packages/com.unity.render-pipelines.universal/Editor/ShaderGUI using Guid(e2eccaf646dce46a69c0224eb55c61a2) (DefaultImporter) -> (artifact id: '59405a9be535d2e9720149365de02558') in 0.000475083 seconds
Start importing Packages/com.unity.render-pipelines.core/Runtime/ShaderLibrary using Guid(f259e8e6a245f82429441223b86481b7) (DefaultImporter) -> (artifact id: '94068eed1fa26ea6fca6ca33a0f922af') in 0.000298792 seconds
Start importing Packages/com.unity.test-framework.performance/Runtime/Data using Guid(0369bc643b4a11246a869e582c0f275a) (DefaultImporter) -> (artifact id: '92fd8c6c39ee2a0b810ba93c1dbcf93d') in 0.000299333 seconds
Start importing Packages/com.unity.render-pipelines.core/Editor/Settings using Guid(130ba52451e62e4419a846fc6cd89ab3) (DefaultImporter) -> (artifact id: '5cc4ab05d97f7eac50924879580caad4') in 0.000351083 seconds
Start importing Packages/com.unity.render-pipelines.core/Editor/Volume using Guid(138c0b127ef07fd428612196694d782f) (DefaultImporter) -> (artifact id: 'b94fd6be057f8848d5e9d4fedbbb5380') in 0.000533584 seconds
Start importing Packages/com.unity.render-pipelines.core/Editor/Camera using Guid(234fa6c8645c73d4e8857414e1823942) (DefaultImporter) -> (artifact id: '44ae56467bd0e900a5d45659904b071a') in 0.000565291 seconds
Start importing Packages/com.unity.collections/Unity.Collections.PerformanceTests/Unity.PerformanceTesting.Benchmark using Guid(336c58ff186c3f245a1e3353bd539093) (DefaultImporter) -> (artifact id: '568ca3ef0c7f2999c4ad967636184c1d') in 0.000465209 seconds
Start importing Packages/com.unity.render-pipelines.core/Runtime/RenderGraph using Guid(43d913b927fc7e84db1f869b3aa27324) (DefaultImporter) -> (artifact id: '78abf442aa70eb28da92b53d5582ea3a') in 0.000348041 seconds
Start importing Packages/com.unity.render-pipelines.universal/Shaders/Debug using Guid(83e12e3399064822abd3e69798ce3053) (DefaultImporter) -> (artifact id: '7fc5ebf51e3fce3c7894b877f2d19f5a') in 0.000436333 seconds
Start importing Packages/com.unity.ugui/Tests/Editor using Guid(936bea4b2545c4a4fad2e623b0f6371f) (DefaultImporter) -> (artifact id: '75f26d3f4c8aedba3eb80398ab395bd8') in 0.000308125 seconds
Start importing Packages/com.unity.test-framework/UnityEditor.TestRunner/UnityTestProtocol using Guid(936c6340f3468444ebb1785b4c311126) (DefaultImporter) -> (artifact id: '483d26fa6f42e15acd6790bf9c72ba8c') in 0.000296666 seconds
Start importing Assets/Piglet/Editor/Resources using Guid(b3c87f4990ce95c409178fdbe1f4305e) (DefaultImporter) -> (artifact id: '6aca29238d3baf2e29cd0318748248f0') in 0.00028175 seconds
Start importing Packages/com.unity.render-pipelines.universal/Editor/2D using Guid(b3fb8b56aca55544ca9b8d53bc19e031) (DefaultImporter) -> (artifact id: 'f13e7f5b099b5adb2088dc40a1b3bd14') in 0.000283583 seconds
Start importing Packages/com.unity.mathematics/Unity.Mathematics/Properties using Guid(d3e017d9ad3f00a4c9e234b0236911b7) (DefaultImporter) -> (artifact id: 'b01fd5d2b1f671ec0cf32c26fb4e248e') in 0.000430667 seconds
Start importing Packages/com.unity.render-pipelines.universal-config/Tests/Editor using Guid(e3c6a2f8ffe72de4bb4f45bbe266aff8) (DefaultImporter) -> (artifact id: 'eab632cf043eb9ea3084bc94d8596616') in 0.000370875 seconds
Start importing Packages/com.unity.render-pipelines.universal/Shaders/XR using Guid(e3ddeb98d5e10214c9be71d26faa6a3d) (DefaultImporter) -> (artifact id: '51fe14c1f4edc68fbb1b3c9b8e1a0045') in 0.000317792 seconds
Start importing Packages/com.unity.render-pipelines.core/Runtime/RenderPipelineResources using Guid(04761276653403a4eabf75af352fea54) (DefaultImporter) -> (artifact id: '13e22077a3c65e9b1f212a9bbb19acc9') in 0.000327584 seconds
Start importing Packages/com.unity.render-pipelines.core/ShaderLibrary/Sampling using Guid(14115a7568c4882499f59039a0585e3b) (DefaultImporter) -> (artifact id: '929c43f7605fef7204381429549df66c') in 0.0003295 seconds
Start importing Packages/com.unity.render-pipelines.core/Runtime/Utilities using Guid(143a724c7d97a19439bac5e37bfbba35) (DefaultImporter) -> (artifact id: 'c3d0357b8d8d45185084b70af49151d2') in 0.000365833 seconds
Start importing Packages/com.unity.render-pipelines.universal/Tests/Runtime using Guid(144dd1c434d67bc40adbcae6c42e6e6c) (DefaultImporter) -> (artifact id: '6b5a726ae312f096b20c5f066d4f7ee8') in 0.000297291 seconds
Start importing Packages/com.unity.searcher/Tests/Editor using Guid(34555e4b3f5c96648900053f19531c68) (DefaultImporter) -> (artifact id: '8b036b715cecc5dcafae477fc66b9e4c') in 0.000291375 seconds
Start importing Packages/com.unity.render-pipelines.universal/Editor/VFXGraph using Guid(44a46d70e436db941b2b861eaebed089) (DefaultImporter) -> (artifact id: '92dfaa43f5042775707ca3ad657d7ca2') in 0.000279417 seconds
Start importing Packages/com.unity.shadergraph/Editor/Resources using Guid(64c9c5df0004c44f0896e816c69c7aa1) (DefaultImporter) -> (artifact id: 'e8af06982c7c66e9403baf3ad48e9d19') in 0.000295041 seconds
Start importing Packages/com.unity.render-pipelines.core/Editor/STP using Guid(645a313df7299734ea75e87c37e6addb) (DefaultImporter) -> (artifact id: 'b40905f63465408f48e481c384cc2daa') in 0.000303584 seconds
Start importing Packages/com.unity.render-pipelines.universal/Tests/Editor using Guid(64cd425d88561ea488dfaf36cceaac01) (DefaultImporter) -> (artifact id: 'bf7614af4279cbf808c4213ea914b9cd') in 0.000409834 seconds
Start importing Packages/com.unity.mathematics/Tests/Properties using Guid(749a3b666b115be46b00490e7232fb1b) (DefaultImporter) -> (artifact id: '09da078a34e113d21562f7936e5f2473') in 0.000412167 seconds
Start importing Packages/com.unity.shadergraph/Tests/Editor using Guid(8453a00e344fd7e408223e92fc924cc2) (DefaultImporter) -> (artifact id: '052966781480ac10fb68eaad3af58ef1') in 0.000318583 seconds
Start importing Assets/Piglet/Editor/ProjectBrowser using Guid(94ee72d30cd04fd4980f8c0dceeb6eba) (DefaultImporter) -> (artifact id: '203fd624b58e670c1993b933e93d8ac6') in 0.000318667 seconds
Start importing Packages/com.unity.test-framework/UnityEditor.TestRunner/CommandLineTest using Guid(b477d1f29b65a674e9d5cdab4eb72b01) (DefaultImporter) -> (artifact id: 'd7abe359a1b05afd93dcd5b5d76cf33e') in 0.00028225 seconds
Start importing Packages/com.unity.burst/Runtime/Editor using Guid(c433e85ffb033bc99961d95aba84d010) (DefaultImporter) -> (artifact id: '5eb0c2ed7bac43c0b79310451cd8e81e') in 0.0002895 seconds
Start importing Packages/com.unity.shadergraph/Editor/Serialization using Guid(c495761f69a84f0fba9c9bd2b9cbdf86) (DefaultImporter) -> (artifact id: '9526714e877b7551b243bb717b662a34') in 0.000269083 seconds
Start importing Packages/com.unity.shadergraph/Editor/Util using Guid(e45006b8ac3b76f4aa0df05ea8514cbe) (DefaultImporter) -> (artifact id: 'cbd62b08dd41dc0e33b4c10d1c54abbc') in 0.000346084 seconds
Start importing Assets/Piglet/Examples/RuntimeImport using Guid(e45d886a24f32ac4997d28f987ec7962) (DefaultImporter) -> (artifact id: '70aaa80f3591728604f48c1cbdf25cc7') in 0.000364334 seconds
Start importing Packages/com.unity.render-pipelines.universal/Runtime/XR using Guid(0550ca8fecc5a38488e598126238413d) (DefaultImporter) -> (artifact id: '0929fa18d1855143a9ff6aa9455507ae') in 0.000389083 seconds
Start importing Assets/Piglet/Scripts/Util using Guid(05545902fc0312841a09ceaf59ae27b5) (DefaultImporter) -> (artifact id: '9ccca71588d0c978603fbbc5d9a434ff') in 0.000375333 seconds
Start importing Packages/com.unity.collections/Unity.Collections.Tests/Jobs using Guid(15816ede41b819e439cb53115efc62b0) (DefaultImporter) -> (artifact id: '1a08485c28cefb119264fdd980af9c78') in 0.000323417 seconds
Start importing Packages/com.unity.shadergraph/GraphTemplates/Cross Pipeline using Guid(15b418f3a4e2a7f40ac71211fd58d4ec) (DefaultImporter) -> (artifact id: 'b8e0aad76e7d69a421400bce20a5a073') in 0.000306875 seconds
Start importing Packages/com.unity.render-pipelines.universal/Textures/FilmGrain using Guid(35e7db2dee6acee439714675bb2193f9) (DefaultImporter) -> (artifact id: '3f88fa4c5b15bdff5975704c71b5d152') in 0.000328708 seconds
Start importing Packages/com.unity.render-pipelines.core/Runtime/ShaderGenerator using Guid(4545c8d908390cb4da76ded2ad888b12) (DefaultImporter) -> (artifact id: '6246639d9b65e4bc309465d9ed472b08') in 0.000419417 seconds
Start importing Packages/com.unity.nuget.mono-cecil/Tests/Editor using Guid(45ad7246e4741472187b3dbd3cfff518) (DefaultImporter) -> (artifact id: '801dfbd8c224532ed73112e7c1e41051') in 0.000309667 seconds
Start importing Packages/com.unity.test-framework/UnityEditor.TestRunner/TestSettings using Guid(95b719082a664ea45bb56759eed1f271) (DefaultImporter) -> (artifact id: '4d0b04fada6b6a6a34a84bcd27e10c97') in 0.000293 seconds
Start importing Assets/Piglet/Scripts/ProgressLog using Guid(c522e79c0e353d94aa7a98fe18879dcb) (DefaultImporter) -> (artifact id: 'c8b37397f5ed33c06b28b80bef4dd6de') in 0.000278 seconds
Start importing Packages/com.unity.ugui/Tests/Runtime using Guid(c545241cf2e56ec4997d7677f01ef43d) (DefaultImporter) -> (artifact id: '88e2b3e1f7bbb56cb1f91f83f053765b') in 0.000257666 seconds
Start importing Packages/com.unity.ugui/Editor/Analytics using Guid(c52726d811a9f66459355df6b0c3977b) (DefaultImporter) -> (artifact id: '4154f772d9b7cf6fccdb594f4e326893') in 0.000272375 seconds
Start importing Packages/com.unity.render-pipelines.core/Runtime/GPUDriven using Guid(c54d18b06b9c0f64db431a9751e89877) (DefaultImporter) -> (artifact id: 'a1f5951fcafc929eebff96d43263e772') in 0.000266834 seconds
Start importing Packages/com.unity.burst/Runtime/CompilerServices using Guid(d549366794d73f618193482d7f40ae75) (DefaultImporter) -> (artifact id: '464ae15b57cadd431d480396f133d94a') in 0.000274667 seconds
Start importing Packages/com.unity.render-pipelines.core/ShaderLibrary/Shadow using Guid(d52d6e1ad3dca474ebd73d054d17fb2e) (DefaultImporter) -> (artifact id: '3acced90f34cc2dc6004f5ab63ea103b') in 0.000565083 seconds
Start importing Packages/com.unity.render-pipelines.core/Editor/Analytics using Guid(d51fac0e1a1a7074ab4397427e551ea5) (DefaultImporter) -> (artifact id: '94895059012818e74f236ed5a5869bc8') in 0.000319083 seconds
Start importing Packages/com.unity.render-pipelines.universal/Runtime/Data using Guid(d59f1663563e245fabce035da7cecd75) (DefaultImporter) -> (artifact id: '3ec27e02d64b7de4e93a6ca1fc5f258f') in 0.000268666 seconds
Start importing Packages/com.unity.shadergraph/Editor/Generation using Guid(e51156e26e632ae4faebae701a3bff82) (DefaultImporter) -> (artifact id: '34bdca27e9d0d24b89427f99e2300b13') in 0.000262709 seconds
Start importing Packages/com.unity.render-pipelines.core/Editor/Resources using Guid(e528aa751bf6fe44398a1f70eaac287c) (DefaultImporter) -> (artifact id: '73b67bafb434752125980f8cb7ea3a61') in 0.000358958 seconds
Start importing Packages/com.unity.render-pipelines.core/Runtime/Common using Guid(e58bd4f13d26cde488393d3a2e9bf9cd) (DefaultImporter) -> (artifact id: '906e170ac82ef94cd5d669f66cbfd953') in 0.000312625 seconds
Start importing Packages/com.unity.render-pipelines.core/Editor/CustomRenderTexture using Guid(f5415ef8821c020469ee7e810da8b3ff) (DefaultImporter) -> (artifact id: '87e31899cf21e0df324967007ab7dfec') in 0.000316167 seconds
Start importing Packages/com.unity.render-pipelines.universal/Editor/Gizmos using Guid(f5e37a0064cfb07429ae6ca5b82debc2) (DefaultImporter) -> (artifact id: '94ba2c3f1a879dd5c35d5e9a9d88879f') in 0.000425792 seconds
Start importing Packages/com.unity.shadergraph/Editor/Data using Guid(f56929b05da66c942ad2e3fe376346fa) (DefaultImporter) -> (artifact id: '2734f35c57be9c456f4e50c2c2902fbb') in 0.00028625 seconds
Start importing Packages/com.unity.shadergraph/Editor/Extensions using Guid(f57abe45f65794ead8ea70a427e17eb7) (DefaultImporter) -> (artifact id: 'e8093d8c33a7f145411a30993d8fa7e4') in 0.000322792 seconds
Start importing Packages/com.unity.render-pipelines.universal/Editor/DefaultScene using Guid(0660d0bf211d87048b02c8eca725dee2) (DefaultImporter) -> (artifact id: '42474b480308485b24a60a64c652077f') in 0.000305875 seconds
Start importing Packages/com.unity.test-framework/UnityEditor.TestRunner/CommandLineParser using Guid(7602252bdb82b8d45ae3483c3a00d3e1) (DefaultImporter) -> (artifact id: '7f4042be8b266d41f83337d8fd3e2897') in 0.000313375 seconds
Start importing Assets/Piglet/Resources/Shaders using Guid(8621b96b5b676234192158fee183ade0) (DefaultImporter) -> (artifact id: '67e35d2807ed171ff6db633ef604e690') in 0.000186 seconds
Start importing Packages/com.unity.render-pipelines.core/Editor/ScriptTemplates using Guid(863f1a3fb862346d7a3344bcb3024f1b) (DefaultImporter) -> (artifact id: '84d146d14a25428129291aaaaa02bba3') in 0.000283917 seconds
Start importing Packages/com.unity.render-pipelines.universal/Editor/Decal using Guid(9637be18b7c929f40911e6e4371a8218) (DefaultImporter) -> (artifact id: '899266810718809210502d121968c7d9') in 0.000286417 seconds
Start importing Packages/com.unity.render-pipelines.universal/ShaderLibrary/LightCookie using Guid(a648b46fb6b4749f589f22d9ef6e441a) (DefaultImporter) -> (artifact id: '3f8a7d4751f33d64db7c69b5854ce206') in 0.000409916 seconds
Start importing Packages/com.unity.test-framework.performance/Editor/UIElements using Guid(b6a3ada20a8c4030907eb96c0cb331bc) (DefaultImporter) -> (artifact id: 'c46ea75de8e5e013900ef621f2aac268') in 0.000296875 seconds
Start importing Packages/com.unity.render-pipelines.core/Runtime/Sampling using Guid(b6ee28fd674c77340a2b3b8f7a32e0da) (DefaultImporter) -> (artifact id: '9ea33f3c0c8b876805aea0b78fd8cb8b') in 0.000287041 seconds
Start importing Packages/com.unity.test-framework/UnityEditor.TestRunner/TestLaunchers using Guid(d64d92e4f04a13e4b99ea8d48e9e8ae9) (DefaultImporter) -> (artifact id: '3292843884b5f7b4874453a902cfa1e0') in 0.000244 seconds
Start importing Packages/com.unity.render-pipelines.universal/Shaders/2D using Guid(e674d0c2643d94245b5da6cc11dfe0ec) (DefaultImporter) -> (artifact id: 'e2a3c458848601ac6d02b2d5975b7d6f') in 0.000296917 seconds
Start importing Packages/com.unity.render-pipelines.universal/Editor/Converter using Guid(e61c6cfe2da40854885b4e4d96829a88) (DefaultImporter) -> (artifact id: 'a099443ba6ad04ff08885f9ced396c00') in 0.00030025 seconds
Start importing Packages/com.unity.render-pipelines.core/Tests/Editor using Guid(278a7d565ddb1e840ac57ad1bb121e56) (DefaultImporter) -> (artifact id: '63cb56d0490d0b0be5b19753a6993a23') in 0.000286125 seconds
Start importing Packages/com.unity.ugui/Editor/UGUI using Guid(278b6073a5bdd4362acd72ca43ff9e0d) (DefaultImporter) -> (artifact id: 'abf9fbf9f7c10d2af702b2e8085d3ed6') in 0.000461584 seconds
Start importing Packages/com.unity.test-framework/UnityEditor.TestRunner/TestRun using Guid(8721cb2237d4a564a94a51f56243bdac) (DefaultImporter) -> (artifact id: '878b6064979e1990108a77cb392d64d1') in 0.000497833 seconds
Start importing Packages/com.unity.render-pipelines.universal/Shaders/PostProcessing using Guid(a7a16c0caf8b8a84592e5c6591db2513) (DefaultImporter) -> (artifact id: '42125684f84245f885c0e84a3f6e0756') in 0.000611875 seconds
Start importing Packages/com.unity.render-pipelines.core/Editor/ShaderGenerator using Guid(a7ecca2f74946b44494f07937e31b793) (DefaultImporter) -> (artifact id: '05395b83c27884a1d28bd45f0c431a89') in 0.000324 seconds
Start importing Packages/com.unity.collections/Unity.Collections/Jobs using Guid(f778b3b3948af5542847d94f90157bd6) (DefaultImporter) -> (artifact id: '1e680dfe29ba0556259bdc36ca1fb87d') in 0.000319959 seconds
Start importing Packages/com.unity.shadergraph/Editor/Interface using Guid(f7cd1e478bcba4d0f9570597921367a0) (DefaultImporter) -> (artifact id: '15a417b5ad1117392ec083fa0debf3ad') in 0.000187542 seconds
Start importing Packages/com.unity.test-framework.performance/Runtime/Statistics using Guid(18966f2a7fc5d4073a425a1a3d564494) (DefaultImporter) -> (artifact id: '27acf056631915be7ed5699c314826ed') in 0.000389208 seconds
Start importing Packages/com.unity.ugui/Runtime/UGUI using Guid(1817d28a5343b4ec19b4ec7903730e2c) (DefaultImporter) -> (artifact id: 'd27c003f26a5bcc4ae0be188e216ff3a') in 0.000290334 seconds
Start importing Packages/com.unity.render-pipelines.core/Runtime/RenderPipeline using Guid(18ccf971905222545a09cfda33385c7c) (DefaultImporter) -> (artifact id: '2e3657b1339ea0913357ddceff965c1c') in 0.000305125 seconds
Start importing Assets/Piglet/Scripts/Exceptions using Guid(388ca5e1f8cd1f841a125cdb28842b7f) (DefaultImporter) -> (artifact id: 'cbf33fa6f727508ed702a9beb0099201') in 0.000282375 seconds
Start importing Packages/com.unity.render-pipelines.core/Runtime/Debugging using Guid(58a02e8711d94134393b2a8ac22b96ca) (DefaultImporter) -> (artifact id: '29d3e4bab3e49d7d8be4ad30a3e222f8') in 0.000289667 seconds
Start importing Packages/com.unity.render-pipelines.universal/Editor/Settings using Guid(88ecf69fcba30494db90ac4b8ef6bdcd) (DefaultImporter) -> (artifact id: 'aebb20d30736a7499be6dc03186e61bb') in 0.000316542 seconds
Start importing Packages/com.unity.render-pipelines.core/Editor/Tools using Guid(983c27c4e607ff143aea413ddb18548f) (DefaultImporter) -> (artifact id: '3cf0b39c7d64dd3403c8e03a8e6df482') in 0.000252542 seconds
Start importing Packages/com.unity.render-pipelines.universal/Editor/Volume using Guid(a8fcc623db3029743a32fbab14c8dcbf) (DefaultImporter) -> (artifact id: '219c452a30f229e4b2dcc730c5d09ef6') in 0.000271 seconds
Start importing Packages/com.unity.render-pipelines.core/Runtime/Lighting using Guid(c804d8f2c0c70d7409c1167fa78284f3) (DefaultImporter) -> (artifact id: 'f03b473f0cdaad644e519a6a71a3869e') in 0.000296083 seconds
Start importing Packages/com.unity.render-pipelines.core/Editor/BuildProcessors using Guid(d846ae44708583940a0e44aa66cff1c9) (DefaultImporter) -> (artifact id: '572b9e88d7d002e50ed03ee8ccda0da4') in 0.000291375 seconds
Start importing Packages/com.unity.render-pipelines.universal/Runtime/RenderPipelineResources using Guid(d86f66a14510ebf4f84c0ffa4837791d) (DefaultImporter) -> (artifact id: 'c57cd0b0084168f3e6f2c8fe0c221b40') in 0.000293 seconds
Start importing Assets/Piglet/Scripts/WebGL using Guid(e8141e16545938d4386333f6cade2555) (DefaultImporter) -> (artifact id: '7e95590d61bfe61ce53213fc4aedadf2') in 0.000285416 seconds
Start importing Packages/com.unity.ugui/Editor Resources/Textures using Guid(f8e6a2d47aba4c6c9b3c5a72d9f48da5) (DefaultImporter) -> (artifact id: '41714146c3f223570fca541b52f7c091') in 0.000397625 seconds
Start importing Packages/com.unity.test-framework/UnityEngine.TestRunner/UnityTestProtocol using Guid(19e1940646874613a076c6b01d1f3404) (DefaultImporter) -> (artifact id: 'e62a4d5776733de3dd284c7bda3e08bd') in 0.000347708 seconds
Start importing Packages/com.unity.render-pipelines.core/Editor/Controls using Guid(19a8f70f36adc46b8a4ebd0954643553) (DefaultImporter) -> (artifact id: '6e2b07e649c336143eedbadcedc622cf') in 0.000318208 seconds
Start importing Packages/com.unity.test-framework.performance/Runtime/Meters using Guid(29eafdd9eaae4d7995048ee61cd0b7d2) (DefaultImporter) -> (artifact id: '2f89c701976b193e80308ee4400360c3') in 0.000401333 seconds
Start importing Assets/Piglet/Editor/PigletOptionsWindow using Guid(3925903b505e9f54cb33925bb0b50d93) (DefaultImporter) -> (artifact id: 'e46e1b3f7a6cdde129c4add421c03930') in 0.000486375 seconds
Start importing Packages/com.unity.render-pipelines.universal/Runtime/Tiling using Guid(3965194a1cbe24ce9847254cc9fd0c26) (DefaultImporter) -> (artifact id: '09509915c3d8d60253202dcb404f86bc') in 0.000386583 seconds
Start importing Packages/com.unity.test-framework/UnityEditor.TestRunner/TestRunner using Guid(49d4c2ab7ff0f4442af256bad7c9d57c) (DefaultImporter) -> (artifact id: '2c2a8c762103d2c2092be30ecefdc9a7') in 0.000328458 seconds
Start importing Packages/com.unity.render-pipelines.universal/Runtime/RendererFeatures using Guid(59f4a1dd196fd452b987160cea576038) (DefaultImporter) -> (artifact id: 'fee4354e7f4962a4cdc9d8082496f0d2') in 0.0003035 seconds
Start importing Packages/com.unity.render-pipelines.universal/Shaders/Utils using Guid(593842fd4bfffcc41877fd07df639f3c) (DefaultImporter) -> (artifact id: '9956d0bce239ff6e7b4a6bab527183ce') in 0.000255541 seconds
Start importing Packages/com.unity.render-pipelines.universal/Editor/UniversalRenderPipelineAsset using Guid(69998121730154f4d925490a4548e342) (DefaultImporter) -> (artifact id: 'b541ee4cbe04beafd8a68e756cdd70a6') in 0.00028725 seconds
Start importing Packages/com.unity.render-pipelines.core/Runtime/Textures using Guid(89be4d313c8b0fa4c8d2449dbbbf13f0) (DefaultImporter) -> (artifact id: 'e6202a649ac22bf85ccdeb7315e0c241') in 0.000350833 seconds
Start importing Packages/com.unity.render-pipelines.universal/Editor/RendererFeatures using Guid(99a2417e5e722410f9df44751ab0de8a) (DefaultImporter) -> (artifact id: 'd39bca604158330b99c98a93fcdec984') in 0.000279583 seconds
Start importing Packages/com.unity.render-pipelines.core/Runtime/Camera using Guid(e99921594db38ce4cbb616f0ca87148d) (DefaultImporter) -> (artifact id: 'e6f8ae9e8cff7a49de2a6c610b35f1bb') in 0.00031125 seconds
Start importing Packages/com.unity.ugui/Editor Resources/Gizmos using Guid(e93ec7eb6de342aabd156833e253f838) (DefaultImporter) -> (artifact id: 'e3065312f331f86c187a2c34400b2ab5') in 0.00032 seconds
Start importing Packages/com.unity.render-pipelines.core/Editor/UnifiedRayTracing using Guid(0ababd4155f586548894b3dc7e2fd321) (DefaultImporter) -> (artifact id: 'f41cb4ec8914d277bc00886dfd882793') in 0.000259875 seconds
Start importing Packages/com.unity.render-pipelines.universal/Runtime/RenderGraph using Guid(1af1ea941365745b49edfb5efd32cf05) (DefaultImporter) -> (artifact id: 'ed83564b77b05c2da81f124b20ca74c1') in 0.000328083 seconds
Start importing Assets/Piglet/Examples/RuntimeAnimation using Guid(1a75fea55ba7f394fa2b499f3904da25) (DefaultImporter) -> (artifact id: 'dfe1b90905b54057a7a5ef1eddc1b258') in 0.000358334 seconds
Start importing Packages/com.unity.test-framework/UnityEngine.TestRunner/Assertions using Guid(1ad55f5ad04d1d045a1f287409c650dd) (DefaultImporter) -> (artifact id: '6bdaa59d84691a380c3ba7c1d8bfa849') in 0.000377167 seconds
Start importing Assets/Piglet/Dependencies/SharpZipLib using Guid(1a2f3eabed6493d49bfcb71ac8faae1d) (DefaultImporter) -> (artifact id: '04410409ae035de77bf0efd61a4f145c') in 0.000210084 seconds
Start importing Packages/com.unity.render-pipelines.universal/Textures/2D using Guid(2ae61866cb0cccf4f820e4c006da6c91) (DefaultImporter) -> (artifact id: '4cb87a55242c0f6810fbf3f1e1dadb75') in 0.000273 seconds
Start importing Packages/com.unity.render-pipelines.core/Runtime/UnifiedRayTracing using Guid(5a08d29969661ca449888ba98a48f214) (DefaultImporter) -> (artifact id: '05240bb2e64c413763a81ddc08629692') in 0.000283917 seconds
Start importing Packages/com.unity.render-pipelines.universal/Shaders/Particles using Guid(7aa17bb9699a0ee4282141a28d9fb8ea) (DefaultImporter) -> (artifact id: 'fab76e225adb639a99c9591a03329285') in 0.000372 seconds
Start importing Packages/com.unity.render-pipelines.core/Runtime/Lights using Guid(7a8d83d0230a4974a88b7be5ab87c6c3) (DefaultImporter) -> (artifact id: '7f7f67e825649277d30a7a43911e3849') in 0.000268083 seconds
Start importing Assets/Piglet/Documentation/images using Guid(8ac102b9cec4244449819cc60e530128) (DefaultImporter) -> (artifact id: '3a761f01a15eccaa1d833d138c81b7bd') in 0.000187417 seconds
Start importing Packages/com.unity.ugui/Runtime/InternalBridge using Guid(bab3a29ab4f214742a44add41efffb7d) (DefaultImporter) -> (artifact id: 'b8ae5a4142d7b3ff7433a144e13442a5') in 0.000253625 seconds
Start importing Packages/com.unity.test-framework/Tests/TestNewCustomAssembly using Guid(ca0e5e7973267894ca8e1dceb2210ee5) (DefaultImporter) -> (artifact id: 'ec9729808b7dd6604b68694c1a94e68b') in 0.000389208 seconds
Start importing Packages/com.unity.shadergraph/GraphTemplates/BuiltIn using Guid(daf0394f2eba458409f27dd213abede2) (DefaultImporter) -> (artifact id: 'b841e0da06b4c9eb67ee495297a4df57') in 0.00034 seconds
Start importing Packages/com.unity.render-pipelines.core/Runtime/Upscaling using Guid(eaa9f70ff0dbb864181af13946980fad) (DefaultImporter) -> (artifact id: 'a377b49433e8c4be236e2e81bcef4d74') in 0.000286 seconds
Start importing Packages/com.unity.test-framework/UnityEditor.TestRunner/Api using Guid(fa423365b1ce06a4dbdc6fb4a8597bfa) (DefaultImporter) -> (artifact id: '4f9583793d5edc94661340236f21f4e3') in 0.00030775 seconds
Start importing Packages/com.unity.render-pipelines.core/Runtime/LookDev using Guid(fa0af16f5dba2d8439e1211f262257a8) (DefaultImporter) -> (artifact id: '07e1cbe4c3a6a4fccc3a2e3b9d9b5c25') in 0.000290375 seconds
Start importing Packages/com.unity.searcher/Editor/Searcher using Guid(4b1180a47f4e54c43af13ef6a4a06621) (DefaultImporter) -> (artifact id: 'fe685cb44f7ffc7727ab0862bfe24e2c') in 0.000299542 seconds
Start importing Packages/com.unity.render-pipelines.core/Editor/SampleDependencyImportSystem using Guid(6bdd8b5283cb4f24fbd34738bc35e74c) (DefaultImporter) -> (artifact id: '32c7d9965db4a3eae3dc1543ce086cae') in 0.000266542 seconds
Start importing Packages/com.unity.render-pipelines.core/Runtime/Inputs using Guid(ab163df5559af4efdb19baea5917049c) (DefaultImporter) -> (artifact id: 'b95f962eb4763e9556726fb3a6ee3fef') in 0.0003155 seconds
Start importing Packages/com.unity.mathematics/Unity.Mathematics/Noise using Guid(abc6c021d7cd541b3956a3969c8c3ccb) (DefaultImporter) -> (artifact id: '003a8a6c85eb7df80ed47a48cbdb725f') in 0.00063875 seconds
Start importing Packages/com.unity.test-framework/UnityEngine.TestRunner/Utils using Guid(bb32bccaf32a6db448d1c0cc99c78688) (DefaultImporter) -> (artifact id: 'b9ac2eaa7c139997734a4cfd1edbf73e') in 0.000419459 seconds
Start importing Packages/com.unity.render-pipelines.universal/Textures/BlueNoise16 using Guid(bbde6b5e0eaaff14c98c49626833992e) (DefaultImporter) -> (artifact id: 'fb7ad4257c7e133e1a18eb24c4185783') in 0.000470125 seconds
Start importing Packages/com.unity.render-pipelines.universal/Runtime/Memory using Guid(db16a3790436426e8ea186e7918ea4cc) (DefaultImporter) -> (artifact id: 'f72630475be8d2cd3c36a741dc1bd399') in 0.000432708 seconds
Start importing Packages/com.unity.render-pipelines.core/Editor/Material using Guid(eb290baa39b761244b157cbd10673e0c) (DefaultImporter) -> (artifact id: 'f652417ca71921ad1316874d21cdeb4e') in 0.000363208 seconds
Start importing Packages/com.unity.render-pipelines.universal/Editor/ScriptTemplates using Guid(3c76ead915a5d4c3190e62adcb063092) (DefaultImporter) -> (artifact id: '002663f192f9e028b939713967199a6d') in 0.000382375 seconds
Start importing Packages/com.unity.shadergraph/ShaderGraphLibrary/Nature using Guid(4cc7da0ede79c9248a9e2e96a546813d) (DefaultImporter) -> (artifact id: '2f4bfb4d2b150f22df2807ad380ea85a') in 0.000313458 seconds
Start importing Packages/com.unity.render-pipelines.universal/Shaders/Nature using Guid(4cbffddcbed277c40a97feee7c42e857) (DefaultImporter) -> (artifact id: '4703b0663c9acb01d588b4ca883531fa') in 0.000381084 seconds
Start importing Packages/com.unity.render-pipelines.universal/Runtime/FrameData using Guid(6c79cfa3e6744da6a1beee27a0d73155) (DefaultImporter) -> (artifact id: '7175d1eb794d80e149d8556c5f3eaa52') in 0.000282541 seconds
Start importing Packages/com.unity.render-pipelines.core/Runtime/XR using Guid(8c62d11ee7af4f54abf48d79f70aee4d) (DefaultImporter) -> (artifact id: 'e09ee925a7251ef36a4c3981773f8b22') in 0.000266125 seconds
Start importing Packages/com.unity.render-pipelines.core/Editor/Gizmo using Guid(bce47e7c42ffde449812bbbf027555d7) (DefaultImporter) -> (artifact id: '5d944becefc2ccab1914dbfc8c341859') in 0.000263084 seconds
Start importing Packages/com.unity.render-pipelines.universal/Runtime/VFXGraph using Guid(bc46ee9abc42d1e4ca5b5c7c8af9ebed) (DefaultImporter) -> (artifact id: '258602c17a37b680a34637da0ba44c12') in 0.000273875 seconds
Start importing Packages/com.unity.mathematics/Tests/Tests using Guid(bccfda2dc5ad3b84eb3a644147ea0010) (DefaultImporter) -> (artifact id: '8cce2a408292c161b8aead17cb931b57') in 0.000900166 seconds
Start importing Packages/com.unity.render-pipelines.core/Runtime/Vrs using Guid(cc1099d95a4ee3849a01da5826056b1f) (DefaultImporter) -> (artifact id: '43826746c09a0aee556fbdd1bc31c356') in 0.000496875 seconds
Start importing Packages/com.unity.render-pipelines.core/Editor/Debugging using Guid(dca094a63ee8e4df7b043d29c2c100e4) (DefaultImporter) -> (artifact id: '8b9b7b4a58b630055d4b53b82e2c647c') in 0.000370833 seconds
Start importing Assets/Piglet/Documentation/css using Guid(dca8c8fcfa704724b85a58e078debbda) (DefaultImporter) -> (artifact id: 'f645f4ba1a25cd0a905909130205ab40') in 0.000319416 seconds
Start importing Packages/com.unity.render-pipelines.core/Editor/StyleSheets using Guid(fcf236256e326ca478a79ea0558da45d) (DefaultImporter) -> (artifact id: 'c88b02a36877102c5235dc97381b2f5a') in 0.000322333 seconds
Start importing Packages/com.unity.render-pipelines.universal/Editor/Terrain using Guid(fc44513cb116d68479a07038666952cc) (DefaultImporter) -> (artifact id: '43d3522999fc18bb7baca6240d5d2e46') in 0.000274792 seconds
Start importing Packages/com.unity.render-pipelines.universal/Textures/BlueNoise256 using Guid(0da884cc73355482f99f2f3bf86511e5) (DefaultImporter) -> (artifact id: 'b6378910f5f22f69cba0e48e84ecbaa0') in 0.000284 seconds
Start importing Packages/com.unity.test-framework/UnityEngine.TestRunner/TestRunner using Guid(1ddb9e1c877ea80479d1eab4ddaa5d0d) (DefaultImporter) -> (artifact id: '6a7e2bf038898dc9a9d8427c931ca44c') in 0.000286792 seconds
Start importing Packages/com.unity.render-pipelines.universal/Runtime/Overrides using Guid(1d7cd03b402219345ac6dedb815bfdeb) (DefaultImporter) -> (artifact id: 'dd04238ea4dbd25ee1e5d4628d69d491') in 0.000293917 seconds
Start importing Packages/com.unity.ugui/Editor Resources/Shaders using Guid(2da27f5fe80a3a549ac7331d9f52f5f0) (DefaultImporter) -> (artifact id: '8ba95b6473bead211c52ddc79ac818a9') in 0.000301583 seconds
Start importing Packages/com.unity.render-pipelines.core/Editor/LookDev using Guid(2d4bb8a5c15072e4baaabe7e161d42b6) (DefaultImporter) -> (artifact id: 'fc119023d6b9b9b251664ef633e2c2eb') in 0.000289583 seconds
Start importing Packages/com.unity.render-pipelines.core/Runtime/Stripping using Guid(3d8692e58294538438ee83cf7fcd08c1) (DefaultImporter) -> (artifact id: '51223f517673659fb34a718e1eb844a8') in 0.000306375 seconds
Start importing Assets/Piglet/Scripts/Android using Guid(4d3033868ff97c14089aa024d60408aa) (DefaultImporter) -> (artifact id: '17b822a7fe20344066161a4719128043') in 0.000262833 seconds
Start importing Packages/com.unity.shadergraph/Editor/AssetCallbacks using Guid(4d0b60652dca71b49a137663137e38ea) (DefaultImporter) -> (artifact id: '2df397367178a902c0d177926a354354') in 0.000353209 seconds
Start importing Packages/com.unity.render-pipelines.core/Runtime/STP using Guid(5d86e2182c6227d4e924cc530d4ffc62) (DefaultImporter) -> (artifact id: 'c9b90ea02a5b5e1f6ed4cba7fe0d7bd0') in 0.000426708 seconds
Start importing Packages/com.unity.render-pipelines.universal/Editor/Overrides using Guid(ad2bd79f2c9e81640b75c0a7edbe7970) (DefaultImporter) -> (artifact id: '9f79a2c0733b3ecbb5e9218c420ce8ca') in 0.000310625 seconds
Start importing Packages/com.unity.test-framework/UnityEngine.TestRunner/NUnitExtensions using Guid(3e8d6af343b383544ba5743d119f4062) (DefaultImporter) -> (artifact id: '3f6e2ec14976a9de8c44a24fd5a1df3a') in 0.000360375 seconds
Start importing Packages/com.unity.test-framework/UnityEditor.TestRunner/GUI using Guid(7e609b27ad2caa14c83dd9951b6c13c6) (DefaultImporter) -> (artifact id: '112f12c0c6681ccaea11688622ebb526') in 0.000409208 seconds
Start importing Packages/com.unity.render-pipelines.core/Runtime/PostProcessing using Guid(9e73364bb6949f24d93418df2ba0c1b1) (DefaultImporter) -> (artifact id: '218efc2a8ca480b0628b5c2f137755d4') in 0.000370958 seconds
Start importing Packages/com.unity.render-pipelines.universal/Editor/ShaderGraph using Guid(ae1e56b12b01f3b4d9c9bb9d7154d97f) (DefaultImporter) -> (artifact id: '9942a48caef877124beabb6276af027e') in 0.000330708 seconds
Start importing Assets/Piglet/Scripts/Animation using Guid(ce197069ec2243d4683c2a7940e281b2) (DefaultImporter) -> (artifact id: '702ea82c51f4c07621f7b2066d45fcf7') in 0.000255334 seconds
Start importing Packages/com.unity.render-pipelines.core/Editor/Utilities using Guid(0fadbd5093ea0234aa59965fd9d77815) (DefaultImporter) -> (artifact id: '1016261bfec7ba859a66a69278ea8321') in 0.000249542 seconds
Start importing Assets/Piglet/Scripts/Importer using Guid(2fc062cb397738040a2bdc99a0f28995) (DefaultImporter) -> (artifact id: '0213d6a3a3a4e4d94c71b61c85437b77') in 0.000263416 seconds
Start importing Assets/Piglet/Scripts/Extensions using Guid(2f42f44d99c961648815c738950977af) (DefaultImporter) -> (artifact id: 'e06a4953c441af135ca288652a387fc4') in 0.000248917 seconds
Start importing Packages/com.unity.test-framework/UnityEditor.TestRunner/NUnitExtension using Guid(3f9202a39620f51418046c7754f215f0) (DefaultImporter) -> (artifact id: 'ab112e9ad4c0d836ad3545dea28bc266') in 0.000248208 seconds
Start importing Packages/com.unity.render-pipelines.core/Editor/PostProcessing using Guid(3f1ba847a8ffd4746a56b6b3a2177aed) (DefaultImporter) -> (artifact id: 'ec9ab153623a45a50b89a38f212b15b5') in 0.000276083 seconds
Start importing Packages/com.unity.render-pipelines.universal/Runtime/2D using Guid(5fbe43a4058e69f4ca1ac77ea6e1bda6) (DefaultImporter) -> (artifact id: 'bb668a671a7e851f8585bee4774f7e9f') in 0.000287541 seconds
Start importing Packages/com.unity.render-pipelines.core/Editor/PropertyDrawers using Guid(5f6f204246726d84a87fac671dba9b53) (DefaultImporter) -> (artifact id: 'd12f49137b8dcf717cfffbde4bcdc637') in 0.000269917 seconds
Start importing Packages/com.unity.render-pipelines.universal/Editor/Camera using Guid(6f5387037edf18a478a9701e9ddf3fcc) (DefaultImporter) -> (artifact id: '6da74ea79c077888d1984f04378d2bd5') in 0.000278125 seconds
Start importing Packages/com.unity.render-pipelines.core/ShaderLibrary/API using Guid(6fa64bbd0ffaf8843b041c6e42bb5f82) (DefaultImporter) -> (artifact id: '53387ff39bd29cc125ff4e1a9a4bfbb4') in 0.00046925 seconds
Start importing Packages/com.unity.burst/Runtime/Intrinsics using Guid(6fbd9c5e397237e28650cb957742c782) (DefaultImporter) -> (artifact id: 'dc5081b0ab226f1cc403e8e01bf95e97') in 0.000488291 seconds
Start importing Packages/com.unity.render-pipelines.universal/Runtime/Materials using Guid(7f10efc5458aa44a2928a72c38807544) (DefaultImporter) -> (artifact id: 'c38c4ee848c79accce07d55679ed9d1b') in 0.000339959 seconds
Start importing Packages/com.unity.render-pipelines.universal/Editor/Analytics using Guid(7f30cfcca642c3443b4ccd31e9a872ca) (DefaultImporter) -> (artifact id: '6c58bd62ac60c3e1db89fa62f24ada90') in 0.00024725 seconds
Start importing Packages/com.unity.shadergraph/GraphTemplates/Subgraphs using Guid(7fa316c2b2d37184081f460e04bbdcc5) (DefaultImporter) -> (artifact id: '780c9896e2319ea5c4e2a5a69dcdc8d7') in 0.000315208 seconds
Start importing Packages/com.unity.render-pipelines.universal/Runtime/History using Guid(7fa8531ba890645b5ada88ae8af5f77a) (DefaultImporter) -> (artifact id: '914fea73e53104891659d8a96155b76c') in 0.00032075 seconds
Start importing Packages/com.unity.render-pipelines.universal/ShaderLibrary/Debug using Guid(9f4aa226a5594efa99614cb0158c2f59) (DefaultImporter) -> (artifact id: 'f93cb9b399904b4bf4b55009ef66c97b') in 0.000325125 seconds
Start importing Packages/com.unity.render-pipelines.universal/Runtime/Settings using Guid(cf708f4598ecacb4986659e317747510) (DefaultImporter) -> (artifact id: '498938747606615fba4762850c06fe6d') in 0.000307875 seconds
Start importing Packages/com.unity.render-pipelines.universal/Shaders/Terrain using Guid(cf2defa266cfe43e59a7230ff55c6107) (DefaultImporter) -> (artifact id: 'e9c17b40b8f3dbba27d66ff9961f63e4') in 0.000272292 seconds
Start importing Packages/com.unity.render-pipelines.core/Editor/Upscaling using Guid(dfe03cc61c27c974ab28f8691b3f8c0f) (DefaultImporter) -> (artifact id: '090f3aac23b4cdd0b46a0959a8e9d03b') in 0.000388083 seconds
Start importing Packages/com.unity.searcher/Editor/Resources using Guid(efa7753b2a14da748b0e7802b6ac3c5f) (DefaultImporter) -> (artifact id: '678e3e34833ccf4081a93bbc469fef01') in 0.000494792 seconds
Start importing Packages/com.unity.render-pipelines.core/Editor/CommandBuffers using Guid(ef6e93ebaf391ed43a0bdcc1aa77ee74) (DefaultImporter) -> (artifact id: 'c69cbd10c14df4065f15f4619e5bc3b8') in 0.000457125 seconds
Start importing Packages/com.unity.render-pipelines.universal/Editor/Lighting using Guid(ff90f20bb510bed48ba1a9ebbc61ffa4) (DefaultImporter) -> (artifact id: 'ee20c3149f0e707d380aa96107bc7c4b') in 0.000342708 seconds
Start importing Packages/com.unity.render-pipelines.universal/Shaders/AutodeskInteractive using Guid(ffac7c69f2faf9345b5b32ae0580e2e9) (DefaultImporter) -> (artifact id: 'ab649f9792d275d2d2b31f12d46089b2') in 0.000342334 seconds
Start importing Packages/com.unity.shadergraph/Editor/Data/Nodes using Guid(0082d52fe349b94449238a3d0db01df0) (DefaultImporter) -> (artifact id: '09f4a7464d3e25305c65151d08ad4079') in 0.000307166 seconds
Start importing Packages/com.unity.render-pipelines.universal/Editor/SceneTemplates/Indoors using Guid(10b199c2bead9fb42b482877b182e8c2) (DefaultImporter) -> (artifact id: 'a3dbf72ee1440e37b730071a0e3c470a') in 0.000296833 seconds
Start importing Packages/com.unity.render-pipelines.universal/Tests/Editor/Tools using Guid(30adb98416985a445bf000ceb696941f) (DefaultImporter) -> (artifact id: 'abf4be17a82d50475ad8f04f5d4bf869') in 0.0003635 seconds
Start importing Packages/com.unity.render-pipelines.core/Editor/Tools/MaterialUpgrader using Guid(50a860756cfb850468867cc0b3e55a5a) (DefaultImporter) -> (artifact id: 'de93c0bc3ef9799643b1c9970a0c38bc') in 0.000351709 seconds
Start importing Packages/com.unity.render-pipelines.core/Editor/PostProcessing/LensFlareResource using Guid(60a1717848495ca41888e02864f0f645) (DefaultImporter) -> (artifact id: '2b9f999407d1543164d596e24289e361') in 0.000329375 seconds
Start importing Packages/com.unity.render-pipelines.universal/Editor/ShaderGraph/GraphTemplates using Guid(60b56e270d26a0c4fbc0e33fe32113ae) (DefaultImporter) -> (artifact id: '77ad9231e2a4b232df9410fe55618a7a') in 0.000471625 seconds
Start importing Packages/com.unity.render-pipelines.universal/Runtime/Materials/PhysicalMaterial3DsMax using Guid(6008daaf28fd58349b70105e46e2a92b) (DefaultImporter) -> (artifact id: '62c5f56b50631846a6cb6746093d155c') in 0.000377834 seconds
Start importing Packages/com.unity.shadergraph/Editor/Data/SubGraph using Guid(605eb5c5a280c014fa0952cd022f2579) (DefaultImporter) -> (artifact id: '57a39bbc0b15ad434b819c73f2bf683a') in 0.000339833 seconds
Start importing Packages/com.unity.shadergraph/Editor/Resources/GraphView using Guid(80f811e405d64564b1c671c9813ea9a9) (DefaultImporter) -> (artifact id: '1b32eed5f524b3c800529a38081db13a') in 0.00021275 seconds
Start importing Packages/com.unity.render-pipelines.core/Editor/BuildProcessors/ShaderStrippers using Guid(b0efad93b2507274daeaf8cc7306a312) (DefaultImporter) -> (artifact id: '334144efc9e65e03ff0d31cba58ab598') in 0.000387542 seconds
Start importing Packages/com.unity.shadergraph/Editor/Generation/Enumerations using Guid(d0cb1fc17ee65684592babcd1dba61b9) (DefaultImporter) -> (artifact id: 'c61260644ff489c4716223a55a736695') in 0.0003665 seconds
Start importing Packages/com.unity.render-pipelines.core/Runtime/GPUDriven/Debug using Guid(e06600b8901fc6741a0d7f96ca9d7f0f) (DefaultImporter) -> (artifact id: 'cb6f8fa2663131a76ebfb2e6bd128e2f') in 0.000397625 seconds
Start importing Packages/com.unity.render-pipelines.universal/Runtime/2D/Data using Guid(e0c762e8dad9af640925a542761eb35a) (DefaultImporter) -> (artifact id: '96afbf212f4760be75c5f029273aa7fa') in 0.000361042 seconds
Start importing Packages/com.unity.shadergraph/Editor/Generation/Targets using Guid(219feb550e92ac54ebc24e3fd8d5240a) (DefaultImporter) -> (artifact id: 'be0c2b7f5528870c388e6fd11acb19e1') in 0.000307875 seconds
Start importing Packages/com.unity.test-framework/UnityEngine.TestRunner/Utils/AssemblyProvider using Guid(51557afa652635743b264a309f0a5c60) (DefaultImporter) -> (artifact id: '8a639915519a692529fdf384c74138af') in 0.000291459 seconds
Start importing Packages/com.unity.test-framework/UnityEngine.TestRunner/TestRunner/Callbacks using Guid(61e236e8570a95e4eb754fb291e102e0) (DefaultImporter) -> (artifact id: 'd55b575d8e5d473cc2e43dbbdeaeff7c') in 0.000290083 seconds
Start importing Packages/com.unity.test-framework/UnityEngine.TestRunner/TestRunner/RemoteHelpers using Guid(91c20d2c22b8b3a4cb6c816bd225591a) (DefaultImporter) -> (artifact id: '30fb2d9dd2eecdb696675b50955e4ebc') in 0.000263167 seconds
Start importing Packages/com.unity.ugui/Tests/Runtime/TMP using Guid(914613548ded44a43a59eb9852503f18) (DefaultImporter) -> (artifact id: '477b4938addb883f7857c7245a542f61') in 0.000284917 seconds
Start importing Packages/com.unity.render-pipelines.universal/Shaders/2D/Include using Guid(b1e0c8a42c5ad194389231f7780e158d) (DefaultImporter) -> (artifact id: '89c2cc3a9170d97be16f5dc5a432e00a') in 0.000262875 seconds
Start importing Packages/com.unity.shadergraph/Editor/Drawing/Controllers using Guid(b1b1a4fb9c392ef49acffada0059f01e) (DefaultImporter) -> (artifact id: '257383b5e5dc8c779b47db3705a91a9f') in 0.000394292 seconds
Start importing Packages/com.unity.test-framework/UnityEngine.TestRunner/Assertions/LogScope using Guid(b1d8465ba1376b148bdab58965101f47) (DefaultImporter) -> (artifact id: 'aac2509859303379c698e7a61b119125') in 0.000428667 seconds
Start importing Assets/Piglet/Examples/RuntimeImport/Scenes using Guid(c1d8157a92be4b64e8f7aa36027400dd) (DefaultImporter) -> (artifact id: '12afe432336d6a4f4607f6f48c6dcfb3') in 0.0003995 seconds
Start importing Packages/com.unity.shadergraph/Editor/Resources/UXML using Guid(e14441797a82fb84fb4e43064342bcb5) (DefaultImporter) -> (artifact id: '6aa9ada540b08c68d9480af29db5c0b3') in 0.0002385 seconds
Start importing Packages/com.unity.render-pipelines.core/Runtime/RenderGraph/Compiler using Guid(126062fea1dcb7f478883bc50375b95f) (DefaultImporter) -> (artifact id: '2f703c82238632a6be272734a606f6d6') in 0.000298334 seconds
Start importing Packages/com.unity.ugui/Runtime/UGUI/Properties using Guid(32e2186f4598cff489784aae586f2215) (DefaultImporter) -> (artifact id: 'd945312145ac0c9dd7a3598fc5b82f23') in 0.000355584 seconds
Start importing Packages/com.unity.shadergraph/Editor/Data/Util using Guid(32e29ba6d98ba0140a774b7804b02a28) (DefaultImporter) -> (artifact id: '658cd436f18a377686bcfcd32e6628e8') in 0.000282875 seconds
Start importing Packages/com.unity.render-pipelines.universal/Runtime/VFXGraph/Shaders using Guid(424d16c89244f3e4685b81926e90cb4b) (DefaultImporter) -> (artifact id: 'c8e9829102df3d0c4f35d7825fef057e') in 0.000326916 seconds
Start importing Packages/com.unity.shadergraph/Editor/Generation/Templates using Guid(52f964a4069524b47bd98441cad69cd3) (DefaultImporter) -> (artifact id: '79f623838a4e0705f7f9fe00ae0aab93') in 0.00021275 seconds
Start importing Packages/com.unity.shadergraph/Editor/Data/Legacy using Guid(624f34d4e59649fd80163f3590d97d73) (DefaultImporter) -> (artifact id: '00faf816d1d84ce7ae4abc313474683e') in 0.000295291 seconds
Start importing Packages/com.unity.render-pipelines.universal/Editor/Settings/PropertyDrawers using Guid(82c1f210baa2e8041bb6347e6278e365) (DefaultImporter) -> (artifact id: 'f1766ef047e3b80e86323208ef5ea930') in 0.000290292 seconds
Start importing Packages/com.unity.test-framework/UnityEditor.TestRunner/GUI/TestAssets using Guid(92e3104769da143888a712cdea27d950) (DefaultImporter) -> (artifact id: '1c339984e4f7b537284cfc59f8240800') in 0.000305708 seconds
Start importing Packages/com.unity.render-pipelines.universal/Editor/ShaderGUI/ShadingModels using Guid(a22c22fb536604167866c59ce9a780d2) (DefaultImporter) -> (artifact id: '387159ba31b0c72bbc94d7275dc65ead') in 0.00029225 seconds
Start importing Packages/com.unity.shadergraph/Editor/Drawing/Views using Guid(a24ff57a99e64e33b4f88b1e81d84e97) (DefaultImporter) -> (artifact id: 'deabab7b6318a13e2dbf3fe9c9e1dfbc') in 0.000190458 seconds
Start importing Packages/com.unity.render-pipelines.core/Editor/Icons/RenderGraphViewer using Guid(b233366b32d45e8489690036aca26e57) (DefaultImporter) -> (artifact id: '9d00aedfc435d3b1115b473d03eccc99') in 0.00028425 seconds
Start importing Packages/com.unity.render-pipelines.core/Runtime/Debugging/Prefabs using Guid(d2160913896effa4aa65b93012ff3465) (DefaultImporter) -> (artifact id: 'c3b0ccffb771d31fb84ef036d77d638b') in 0.000300917 seconds
Start importing Packages/com.unity.render-pipelines.universal/Editor/ShaderGraph/Targets using Guid(d27a56a5783f89e409983f9a35efe7cc) (DefaultImporter) -> (artifact id: '3f194da53cfdf4271073e4826020d7fb') in 0.000289083 seconds
Start importing Packages/com.unity.render-pipelines.universal/Runtime/RendererFeatures/SurfaceCacheGI using Guid(e25bb11ca8db4cf4c8c43aa44f544dc1) (DefaultImporter) -> (artifact id: '0556e66f2d14819c9ef390f12efc857a') in 0.000301166 seconds
Start importing Packages/com.unity.render-pipelines.universal/Editor/2D/Converter using Guid(5361c774211d0234c94d0161651a5407) (DefaultImporter) -> (artifact id: 'f674adef6b7d01fdcdbe74fa6bafcd8e') in 0.000481833 seconds
Start importing Packages/com.unity.render-pipelines.universal/Editor/2D/ShaderGraph using Guid(53926c186e474a85a679dafcc7f45d40) (DefaultImporter) -> (artifact id: 'fa1aaefa6bd589a061439142c61b5901') in 0.000304917 seconds
Start importing Packages/com.unity.ugui/Tests/Runtime/UGUI using Guid(53caebc5909234b4ebe1fcaf3dc913a5) (DefaultImporter) -> (artifact id: '6cea7121aaed435492ec2cc2e4bf06a4') in 0.00029 seconds
Start importing Assets/Piglet/Dependencies/UnityGLTF/GLTFSerialization using Guid(634f1974d540a3a40add63a1231cfea9) (DefaultImporter) -> (artifact id: '866731f99f74a15d35568d1342c5d561') in 0.000199125 seconds
Start importing Packages/com.unity.render-pipelines.core/Runtime/Sampling/Textures using Guid(837c8a5059e05e74f8f9b8cbb40c6fa1) (DefaultImporter) -> (artifact id: '3d85acbb874d2d5d58a2b40e13e0f3bc') in 0.000423708 seconds
Start importing Packages/com.unity.shadergraph/Editor/Data/Implementation using Guid(931ad3a4d181270419aa65ff77b3ec16) (DefaultImporter) -> (artifact id: '5262d891a83110d4d3089e4f09bd6d6a') in 0.00048275 seconds
Start importing Packages/com.unity.render-pipelines.core/Tests/Editor/Volumes using Guid(93ab3f290033d9a48b3cce3d26d93f89) (DefaultImporter) -> (artifact id: 'c8a7c921975a88de0e67649b6bdf040a') in 0.000503541 seconds
Start importing Packages/com.unity.test-framework/UnityEditor.TestRunner/TestLaunchers/Helpers using Guid(a3cb89150b8a4060b89a32725a8e267e) (DefaultImporter) -> (artifact id: '1c6550e824ea391f5fd50f57247dd2be') in 0.000335625 seconds
Start importing Packages/com.unity.test-framework/UnityEngine.TestRunner/NUnitExtensions/Filters using Guid(c3de99f9efc582a48995bc8e8c2df418) (DefaultImporter) -> (artifact id: '6a3e6215aa297c9a4e3c7159efb1015c') in 0.000384375 seconds
Start importing Packages/com.unity.shadergraph/Editor/Data/Graphs using Guid(f329b5b280b7f6f449659f05937ac2f2) (DefaultImporter) -> (artifact id: '7ae39efab1d55fb2a5da36961662dfce') in 0.000351958 seconds
Start importing Packages/com.unity.burst/Runtime/Intrinsics/x86 using Guid(3413d06997203e50844bbf4eca32fce8) (DefaultImporter) -> (artifact id: '080781ea9cc8ae422dd286982a3187b7') in 0.000386792 seconds
Start importing Packages/com.unity.render-pipelines.universal/Editor/ShaderGUI/Shaders using Guid(44979452441cd45d5a88ff530647528f) (DefaultImporter) -> (artifact id: '50e8de7cdf2ed3d2df503aebe5d02ec8') in 0.000331292 seconds
Start importing Packages/com.unity.render-pipelines.universal/Runtime/2D/RendererFeatures using Guid(6410ec30b9d85cf40b53826342e69ac4) (DefaultImporter) -> (artifact id: '9432705dba6b8b4c1176800c10a42fe8') in 0.000303125 seconds
Start importing Packages/com.unity.ugui/Runtime/UGUI/UI using Guid(742654cad2425334696ba6ed4495cfef) (DefaultImporter) -> (artifact id: 'd1046547fc52369f9a3a8f6b662ded51') in 0.000326542 seconds
Start importing Packages/com.unity.shadergraph/GraphTemplates/Subgraphs/Terrain using Guid(843eba6e16ab9034aaacf0d768c274b6) (DefaultImporter) -> (artifact id: '540d8008e3dbbc9491a99696a4fdbe62') in 0.000307667 seconds
Start importing Packages/com.unity.render-pipelines.core/Editor/Lighting/LightUnit using Guid(942737965ad5c034997de550e1c26ff1) (DefaultImporter) -> (artifact id: '6be5281125ad998812c544e8454c881e') in 0.000432833 seconds
Start importing Assets/Piglet/Resources/Shaders/URP using Guid(a453893a2c59d8542a8a9ac0702b7865) (DefaultImporter) -> (artifact id: 'f345738b77f63c8c1eacdd530a7973bd') in 0.000192708 seconds
Start importing Packages/com.unity.shadergraph/Editor/Generation/Processors using Guid(f4a2b3d2dd6f5468a8423947316be163) (DefaultImporter) -> (artifact id: '32ee9de72cc8bd7d062a9f6772ba9e96') in 0.000212166 seconds
Start importing Packages/com.unity.shadergraph/Editor/Resources/Icons using Guid(f4d6d4aaf7f25a14fb15dabc0b24d7ef) (DefaultImporter) -> (artifact id: '561decef2ea012187c421b244ec7bfad') in 0.000260208 seconds
Start importing Packages/com.unity.render-pipelines.core/Runtime/RenderGraph/Debug using Guid(0543e23b6a0f25741b67b1bee0292e70) (DefaultImporter) -> (artifact id: '7771f76bcd0c0d31578ebc83c0551730') in 0.000289459 seconds
Start importing Packages/com.unity.render-pipelines.core/Editor/Icons/MipLevels using Guid(05f6cde15dbb7bb48b377d0310898c96) (DefaultImporter) -> (artifact id: 'cf7f907dcce0608959e6da229069ba7a') in 0.000372375 seconds
Start importing Packages/com.unity.render-pipelines.universal/Editor/2D/Shadows using Guid(15c1d77e1b7aec14b8f1eb5a24156d60) (DefaultImporter) -> (artifact id: '1613f10d823bd689dad44ba4a69ed865') in 0.000398958 seconds
Start importing Packages/com.unity.test-framework/UnityEngine.TestRunner/TestRunner/Messages using Guid(256a0ca37fa972840bce7fca446e75e7) (DefaultImporter) -> (artifact id: '49c9fa09840fad3e17b412376a8dcf2a') in 0.000330167 seconds
Start importing Packages/com.unity.render-pipelines.universal/Editor/Decal/Resources using Guid(3522f385657caf14b8c18df878a3c65b) (DefaultImporter) -> (artifact id: '4f1605886031ae185340d950ae437b3f') in 0.00033775 seconds
Start importing Packages/com.unity.shadergraph/Editor/Generation/TargetResources using Guid(45e29c7fe2bbe4bd199f0029b890f5f5) (DefaultImporter) -> (artifact id: '54650005a37db5f4c42e519cb100081f') in 0.000392 seconds
Start importing Packages/com.unity.shadergraph/Editor/Data/Enumerations using Guid(55b9824914ca013428dfb7a5c38fc2de) (DefaultImporter) -> (artifact id: '953e1292ac457d63f13e9bfa60e5bd1b') in 0.000431833 seconds
Start importing Packages/com.unity.ugui/Editor/UGUI/UI using Guid(853edc343b78a7c4c81cbb3851d48c0a) (DefaultImporter) -> (artifact id: '773a517afa854ab194e9e6794bc9a1cf') in 0.000348709 seconds
Start importing Packages/com.unity.render-pipelines.universal/Editor/2D/Resources using Guid(95000b81b3fc6af4a916987efa80abbc) (DefaultImporter) -> (artifact id: '751f80d600888e5665a44ac9bf31569e') in 0.000302917 seconds
Start importing Packages/com.unity.shadergraph/Editor/Resources/Shaders using Guid(95a0c8e39aaf7f3468cff72de2b7c094) (DefaultImporter) -> (artifact id: '15e9651cb1887799b1e4c863438ffa3d') in 0.000195666 seconds
Start importing Packages/com.unity.shadergraph/Editor/Generation/Attributes using Guid(95d4f3eaeba344017b164174ed877b77) (DefaultImporter) -> (artifact id: '16043190afcd0e7c683f0e29861756ac') in 0.000314 seconds
Start importing Packages/com.unity.render-pipelines.core/Runtime/GPUDriven/InstanceData using Guid(b5f7bf756dcca7044ace748986382c79) (DefaultImporter) -> (artifact id: '001d33bb329cdd31251466ae0546b2bc') in 0.000304833 seconds
Start importing Packages/com.unity.test-framework/UnityEditor.TestRunner/GUI/Views using Guid(c5535d742ea2e4941850b421f9c70a1f) (DefaultImporter) -> (artifact id: 'd8974548c2c7ab5d5ad7599c432a1bc7') in 0.000275375 seconds
Start importing Packages/com.unity.render-pipelines.universal/Editor/Tools/MaterialUpgrader using Guid(d5fa30f043d2e274f9024230be655650) (DefaultImporter) -> (artifact id: 'ee86415133dca45bc85be8fb6c08c561') in 0.000280167 seconds
Start importing Packages/com.unity.render-pipelines.core/Runtime/Utilities/GPUSort using Guid(e5d689573b624639aac8d00ca42bd729) (DefaultImporter) -> (artifact id: '3a8332852c04df7b9dc6feea8d08c161') in 0.000344833 seconds
Start importing Packages/com.unity.shadergraph/Editor/Generation/Descriptors using Guid(e5779cc2c32bb4c90b671ed2e6629e3d) (DefaultImporter) -> (artifact id: 'a81b4a8b55d41faad4cce5358543ec36') in 0.000427 seconds
Start importing Packages/com.unity.ugui/Editor/UGUI/EventSystem using Guid(f525580684527b147b70cf94aaa70dbc) (DefaultImporter) -> (artifact id: '35f8d6adc1fe92d630cb18996309700e') in 0.000437416 seconds
Start importing Packages/com.unity.render-pipelines.core/Tests/Editor/Tools using Guid(167414eb9b5aac148a050554ea60a5cc) (DefaultImporter) -> (artifact id: '98a46cf2ded14f010274e2a8c784870c') in 0.00042125 seconds
Start importing Packages/com.unity.test-framework/UnityEditor.TestRunner/UnityTestProtocol/Data using Guid(3610673068254436ac90019f46e09f01) (DefaultImporter) -> (artifact id: 'edf71b33f3965ea27aa0f561aefe6dce') in 0.000395709 seconds
Start importing Packages/com.unity.shadergraph/Editor/Drawing/Blackboard using Guid(465f456071d65c648a34adddf33057f7) (DefaultImporter) -> (artifact id: 'e19dc96236a709ac12609f83f53b9da4') in 0.000343209 seconds
Start importing Packages/com.unity.render-pipelines.universal/Editor/SceneTemplates/Materials using Guid(7671b37f9da45644d8d1d917a2cf29d4) (DefaultImporter) -> (artifact id: 'f898962d802215974676d69789937981') in 0.000325833 seconds
Start importing Packages/com.unity.render-pipelines.core/Runtime/PostProcessing/Shaders using Guid(86304ecf756376e4b8ecb6f9d6111b89) (DefaultImporter) -> (artifact id: '7a4e6a369bb7a235af716f4f9700c8d3') in 0.000324666 seconds
Start importing Packages/com.unity.test-framework/UnityEditor.TestRunner/NUnitExtension/Attributes using Guid(96c503bf059df984c86eecf572370347) (DefaultImporter) -> (artifact id: '2e346665254194df03f2d47ad0a2e81b') in 0.00046975 seconds
Start importing Packages/com.unity.shadergraph/Editor/Generation/Collections using Guid(d6d4496479c324d29acc5c0d0a40d1b9) (DefaultImporter) -> (artifact id: '4506dbd6ed12beb3e5201ed3099706e5') in 0.000279459 seconds
Start importing Packages/com.unity.shadergraph/Tests/Editor/IntegrationTests using Guid(e636bcaad60bb8e4da48c07cdcb938b5) (DefaultImporter) -> (artifact id: 'aac36f3be3c9da0761b7fd4db954b324') in 0.000298084 seconds
Start importing Packages/com.unity.render-pipelines.universal/Runtime/Decal/DBuffer using Guid(f68d0654b5ceb4a4b92e324b3d1a373c) (DefaultImporter) -> (artifact id: 'b6b31650fc253397ce3e2ff41b751f8e') in 0.00030775 seconds
Start importing Packages/com.unity.test-framework/UnityEditor.TestRunner/GUI/TestListBuilder using Guid(07ea0326ed848fb4489187cb58f96113) (DefaultImporter) -> (artifact id: 'c9ef4e1b8c0b54cbe4a5a11c696e4b78') in 0.000344834 seconds
Start importing Assets/Piglet/Examples/RuntimeImport/Scripts using Guid(17e50370c3c04fb4cbed2945284706c3) (DefaultImporter) -> (artifact id: '857a2ceab05666851dbb9f926e06c940') in 0.000360958 seconds
Start importing Packages/com.unity.render-pipelines.core/Editor/Icons/Processed using Guid(27236dbe91cb3d644991bb5702250e9d) (DefaultImporter) -> (artifact id: '345d7a16e9cfb3cae61ea5ca35842ae4') in 0.000315333 seconds
Start importing Packages/com.unity.render-pipelines.core/Runtime/RenderPipelineResources/GPUDriven using Guid(270b22cf3fe09dc4ea4fe92d629d8bce) (DefaultImporter) -> (artifact id: 'bab1fbca95e3983a9944e52211a8da96') in 0.000425625 seconds
Start importing Packages/com.unity.test-framework/UnityEngine.TestRunner/NUnitExtensions/Runner using Guid(37888acc09d9ee848bf9559f06645c45) (DefaultImporter) -> (artifact id: 'ee1e527b3560111b8f9aa3c43ad7e9a9') in 0.000253291 seconds
Start importing Packages/com.unity.searcher/Editor/Resources/FlatSkin using Guid(67e35e8d446428040b9f0580470b5b5a) (DefaultImporter) -> (artifact id: '2b77b4fbeb58a35245dcff8388fe9aec') in 0.000300417 seconds
Start importing Packages/com.unity.ugui/Editor/Analytics/IAnalytic using Guid(77417b0f4cf6d334f916c64448d24133) (DefaultImporter) -> (artifact id: 'a22d0db8c8eb6d464d1b5bd50a6655ab') in 0.000314125 seconds
Start importing Packages/com.unity.render-pipelines.core/Editor/Lighting/Icons using Guid(77235ff89f4625d44ac5ad118d1913fa) (DefaultImporter) -> (artifact id: '6aa1f03a998f5cbcbea73c1e2c2c1815') in 0.000282333 seconds
Start importing Packages/com.unity.render-pipelines.core/Runtime/Vrs/Shaders using Guid(77658d0b0e15bb342a01e17ef1b2172a) (DefaultImporter) -> (artifact id: 'd665d223b97413405aa3f55398523bec') in 0.000327667 seconds
Start importing Packages/com.unity.render-pipelines.universal/Editor/SceneTemplates/Standard using Guid(9750256f1be9648b4ba73d98e44d225e) (DefaultImporter) -> (artifact id: '8bd5373fb40624d778069dad13d6c6fe') in 0.000288208 seconds
Start importing Packages/com.unity.shadergraph/Editor/Generation/Utils using Guid(a776ae8783d76794ead8bbefa7461cb8) (DefaultImporter) -> (artifact id: 'c6452bed8e3962f8b5e9f778e78d6a2e') in 0.000361166 seconds
Start importing Packages/com.unity.shadergraph/Editor/Generation/Contexts using Guid(e7109562d81c04d45be09c804dc1b8ae) (DefaultImporter) -> (artifact id: '775b5d35f82cc8e690d0cef117b852a3') in 0.000388875 seconds
Start importing Packages/com.unity.render-pipelines.universal/Runtime/2D/Passes using Guid(f74b40ff9aaa99a49a36a3c646ca5917) (DefaultImporter) -> (artifact id: '7c1d4cb45357db06f2e3d9edbaf8fd26') in 0.000455167 seconds
Start importing Packages/com.unity.shadergraph/Editor/Generation/Data using Guid(f78c50a65bb1b22409719a84b48ff794) (DefaultImporter) -> (artifact id: '2b41176d2562fccdf1073a675166e2b7') in 0.000214459 seconds
Start importing Packages/com.unity.shadergraph/Editor/Data/Attributes using Guid(08871a332c049d44d9bf2563943a52c0) (DefaultImporter) -> (artifact id: 'b09de6ccad4ef58db7ed1e416d02beca') in 0.000362167 seconds
Start importing Packages/com.unity.render-pipelines.core/Tests/Editor/GPUDriven using Guid(0829798e3b46e42438b2a90fe5fbe063) (DefaultImporter) -> (artifact id: '1dacfdf94ddbed438dabc2dd2364cdf6') in 0.000562625 seconds
Start importing Packages/com.unity.render-pipelines.universal/Textures/BlueNoise64/L using Guid(185beacae6c1ae444bf82919f9550d1a) (DefaultImporter) -> (artifact id: 'e71797dddb52c2aabce01b3652837d28') in 0.000360166 seconds
Start importing Packages/com.unity.burst/Runtime/Intrinsics/Arm using Guid(2893f6d998ac3104919ec7e11aa597cd) (DefaultImporter) -> (artifact id: '20456fafa43f13a05b05b1d9591955d2') in 0.000418166 seconds
Start importing Packages/com.unity.shadergraph/Editor/Drawing/MaterialEditor using Guid(381bcc6523571fb478a4937355db4c0d) (DefaultImporter) -> (artifact id: '90c1a6c1d83a9d94a935db832c169103') in 0.000302958 seconds
Start importing Packages/com.unity.render-pipelines.universal/Runtime/Decal/ScreenSpace using Guid(5818a14fd27827e48951a0d2ee539d75) (DefaultImporter) -> (artifact id: 'ac4ab97df5c0f8a2877c38d28ad3b174') in 0.000304042 seconds
Start importing Packages/com.unity.shadergraph/Editor/Drawing/Interfaces using Guid(58ecb05b886e4306918caed5d3178020) (DefaultImporter) -> (artifact id: 'bea49cb982c5b5a30a9d131405a3f1b7') in 0.000303958 seconds
Start importing Packages/com.unity.render-pipelines.core/Runtime/Lighting/ProbeVolume using Guid(686bcd471035ed641a36aa69aacb76a9) (DefaultImporter) -> (artifact id: '97272a9502bd9aba89d261b081e2b232') in 0.000411166 seconds
Start importing Packages/com.unity.test-framework/UnityEditor.TestRunner/GUI/TestListTreeView using Guid(68cb547af0187634aad591a09c01cd5b) (DefaultImporter) -> (artifact id: 'bcc7fabbc19415c35b0572cf2f2337a5') in 0.000337125 seconds
Start importing Packages/com.unity.render-pipelines.core/Runtime/RenderPipelineResources/Mesh using Guid(68ed7b91fd1483d40861e1ada55a57bc) (DefaultImporter) -> (artifact id: 'f207b84878a73b87b55f7d75cf48e989') in 0.000414417 seconds
Start importing Packages/com.unity.render-pipelines.universal/Runtime/2D/UTess2D using Guid(78adb7be6764d484eaae877fcfac7bd4) (DefaultImporter) -> (artifact id: 'c78bc55b8adbbe5e1b51fc8993571616') in 0.000220042 seconds
Start importing Packages/com.unity.render-pipelines.core/Tests/Editor/ShaderStripping using Guid(a869f30d596b98e41b8553703937b6e5) (DefaultImporter) -> (artifact id: 'db2dcc91b1e4412e823ed014cce3b769') in 0.000387625 seconds
Start importing Packages/com.unity.render-pipelines.core/Tests/Editor/Debugging using Guid(b8f37e7cf15bcc1419f4622045f6e075) (DefaultImporter) -> (artifact id: '8618fb53a9a20a1d0cf41286604b4c7b') in 0.000288417 seconds
Start importing Assets/Piglet/Examples/RuntimeAnimation/Scenes using Guid(c838532400625d141b54565fa5b27ddb) (DefaultImporter) -> (artifact id: 'fb67404e25c803e68371a4c12fe81186') in 0.000294792 seconds
Start importing Assets/Piglet/Resources/Shaders/Standard using Guid(d8e59973889990c43a367752c4abd331) (DefaultImporter) -> (artifact id: '11e857ac2cd8c65544cdec2e6dca3055') in 0.000297417 seconds
Start importing Packages/com.unity.render-pipelines.core/Tests/Editor/RenderPipeline using Guid(d8bcf5ae67f54a15944eef9b06d8d20d) (DefaultImporter) -> (artifact id: '5f04a804b8c19f25f7220f71b786a029') in 0.000284083 seconds
Start importing Assets/Piglet/Examples/RuntimeAnimation/Scripts using Guid(e8a292554ee35db4187bf51546d932c7) (DefaultImporter) -> (artifact id: '3c1bc43afb35a707df8e4235396e0fa0') in 0.000302166 seconds
Start importing Packages/com.unity.test-framework/UnityEditor.TestRunner/GUI/Controls using Guid(e88eef57957d4440c8a7ff2ef9dd3d97) (DefaultImporter) -> (artifact id: 'c4f64d42392877fbc9299e30e3929089') in 0.00028725 seconds
Start importing Packages/com.unity.shadergraph/Editor/Drawing/Controls using Guid(29309be0e1004fad967256187775c528) (DefaultImporter) -> (artifact id: 'af9300f652828052b1cc17ba0e5fbbc8') in 0.000190709 seconds
Start importing Packages/com.unity.test-framework/UnityEditor.TestRunner/TestRun/Data using Guid(4926c06156894939ba0a2680f1b0aa7a) (DefaultImporter) -> (artifact id: 'e85e5880a8fb926656c64ebb007116bd') in 0.000282291 seconds
Start importing Packages/com.unity.render-pipelines.universal/Editor/ShaderGraph/Nodes using Guid(6979e5ac3dcd9e147be8acbcea517686) (DefaultImporter) -> (artifact id: '6072ef90b925365cb4ffed458af5b0e3') in 0.0002985 seconds
Start importing Packages/com.unity.test-framework/UnityEditor.TestRunner/Api/Analytics using Guid(891bb6b9f5094c36b59c3788e21c8213) (DefaultImporter) -> (artifact id: '7afc1f32db95c3782cc44b8be1b1fdd2') in 0.000273583 seconds
Start importing Packages/com.unity.render-pipelines.core/Runtime/UnifiedRayTracing/Common using Guid(b9f7ba6849814a54bb551f9491377013) (DefaultImporter) -> (artifact id: 'd4d9fcf70fdb369bbcfad92ae8a4c078') in 0.000304708 seconds
Start importing Packages/com.unity.render-pipelines.universal/Editor/2D/Overrides using Guid(c96a8adc325df8544ae548396468a961) (DefaultImporter) -> (artifact id: '5797c951e84841231f5e58d60f865dc5') in 0.0002595 seconds
Start importing Packages/com.unity.test-framework/UnityEditor.TestRunner/TestRunner/Messages using Guid(d9682e749d3efc642af54d789d9090a6) (DefaultImporter) -> (artifact id: '34a2da094325aea95250bbc91b3bacfc') in 0.000252 seconds
Start importing Packages/com.unity.render-pipelines.core/Editor/BuildProcessors/SettingsStrippers using Guid(f9e0abec186274f4f8a49394c1fef24b) (DefaultImporter) -> (artifact id: '28c507c646c61b39d9d919b7ff2b83d5') in 0.000308542 seconds
Start importing Packages/com.unity.render-pipelines.universal/Editor/ShaderGraph/Includes using Guid(f9df817efe7f52045a7cd7ae84fd47ae) (DefaultImporter) -> (artifact id: '06479cd795399b12c4037e15097a4fb6') in 0.000309916 seconds
Start importing Assets/Piglet/Scripts/Importer/Runtime using Guid(0a2e8d35cf399fe44b44ac8c8dfd0c3e) (DefaultImporter) -> (artifact id: '51c8e8539543bc25d1974f99e463fb9c') in 0.000485708 seconds
Start importing Packages/com.unity.shadergraph/Editor/Data/Actions using Guid(9abbc5074e3b457c98f721847723bf2e) (DefaultImporter) -> (artifact id: 'fe7d8305a96034bb30ef6b12dae53088') in 0.000518833 seconds
Start importing Packages/com.unity.render-pipelines.universal/Editor/Converter/PPv2 using Guid(aaea8397f87188a4fb3a7451bf0ea320) (DefaultImporter) -> (artifact id: '4444e57dc1735683e84a4c9241e5c5ab') in 0.000357167 seconds
Start importing Packages/com.unity.render-pipelines.universal/Runtime/Materials/ArnoldStandardSurface using Guid(dadc0db69503dfa4eb1c96a19590f95c) (DefaultImporter) -> (artifact id: 'c4afa0ef24dbf13aad08371995663f40') in 0.000319625 seconds
Start importing Packages/com.unity.render-pipelines.universal/Editor/Overrides/Shaders using Guid(da0f06d1af1e98c48b8ffbe1e6e4df96) (DefaultImporter) -> (artifact id: '77d9edfd77d13472b7f0c72ef9d99487') in 0.000409834 seconds
Start importing Packages/com.unity.ugui/Editor/TMP/PropertyDrawers using Guid(ea7c31b5b377c314db28ad3fabbbd38d) (DefaultImporter) -> (artifact id: 'ebc92ba84e6406c25f912a00cf612866') in 0.000296709 seconds
Start importing Packages/com.unity.ugui/Tests/Editor/UGUI using Guid(fae3ac1997e164d1eba5fa5c417cbefd) (DefaultImporter) -> (artifact id: 'a65f00dcb82f453aab04a0f34c97e4e8') in 0.00026825 seconds
Start importing Packages/com.unity.shadergraph/Editor/Data/Interfaces using Guid(fa6cfee2afcf9584b9e67fe405662d0e) (DefaultImporter) -> (artifact id: '3802db2e58a2263174b47c8549202657') in 0.000283125 seconds
Start importing Packages/com.unity.render-pipelines.core/Tests/Editor/Analytics using Guid(1b3ed7ed96f03fb41af34f1c2e6a1fff) (DefaultImporter) -> (artifact id: 'c23552cd417d1b7c82afe956df223812') in 0.000272459 seconds
Start importing Packages/com.unity.test-framework/UnityEngine.TestRunner/NUnitExtensions/Commands using Guid(6b72875690e0f7343911e06af3145bd5) (DefaultImporter) -> (artifact id: 'f36e7cf57d57bd868768c4d06537389c') in 0.000263208 seconds
Start importing Packages/com.unity.render-pipelines.universal/Runtime/Decal/Entities using Guid(6b3e7dae1e82a6b448b739d1331813f0) (DefaultImporter) -> (artifact id: 'd08d7f6a9b82462fdd806deca3dab5fd') in 0.000311292 seconds
Start importing Packages/com.unity.shadergraph/Editor/Drawing/Manipulators using Guid(abc41fae76b14617ae2f7d38d3ebef3a) (DefaultImporter) -> (artifact id: '66dd8f5d1b713dd8ee8796dd3f9403bf') in 0.00033675 seconds
Start importing Assets/Piglet/Scripts/Importer/Editor using Guid(bbc1d388f4b94234282bd588f971c9b3) (DefaultImporter) -> (artifact id: '32721c2f8dd9c1b916c5679d7d41af0f') in 0.000358708 seconds
Start importing Packages/com.unity.test-framework/UnityEditor.TestRunner/TestLaunchers/PlatformSetup using Guid(ebc4d20cc106cea49b1df1153f0b3b5e) (DefaultImporter) -> (artifact id: 'b557b5aa3ee3c1d394dd361be2918e20') in 0.000277958 seconds
Start importing Packages/com.unity.render-pipelines.core/Tests/Editor/Utilities using Guid(fba05ad04ca734045bd6708fb9c77773) (DefaultImporter) -> (artifact id: 'c5f3e345aeeb53d52d1dd36547c72a35') in 0.000287791 seconds
Start importing Packages/com.unity.render-pipelines.core/Editor/Resources/Gizmos using Guid(fb53178749687244eaaabbe3e2e40653) (DefaultImporter) -> (artifact id: '6f0d36a3781787893ff93972b04838e1') in 0.000381208 seconds
Start importing Packages/com.unity.render-pipelines.universal/Tests/Editor/PostProcessDataTests using Guid(fb0ec4b8bb8f2d34b91204563167f685) (DefaultImporter) -> (artifact id: '9c15077bc3726049828142e4de8d25df') in 0.000376209 seconds
Start importing Packages/com.unity.test-framework/UnityEngine.TestRunner/NUnitExtensions/Attributes using Guid(0cb14878543cf3d4f8472b15f7ecf0e3) (DefaultImporter) -> (artifact id: '75903ed02331572f0967609c7b7f1e1c') in 0.000267917 seconds
Start importing Packages/com.unity.render-pipelines.core/Editor/Lighting/ProbeVolume using Guid(0c3c319c56dba374ba288aab4ee70654) (DefaultImporter) -> (artifact id: 'f925f833811df032e191cae05e436801') in 0.000316 seconds
Start importing Packages/com.unity.render-pipelines.core/Tests/Editor/XR using Guid(6c39937ba9ca4a3d9bfd4613712ac88e) (DefaultImporter) -> (artifact id: '6a2585996ca28b7f26a362a991d8bd79') in 0.000391125 seconds
Start importing Packages/com.unity.render-pipelines.core/Editor/Volume/Drawers using Guid(8c667ca46d23aa3468b6c4243b135b0d) (DefaultImporter) -> (artifact id: 'a4be2ca8b35fa5bd4af12e6409cd444f') in 0.000570875 seconds
Start importing Packages/com.unity.render-pipelines.core/Runtime/GPUDriven/Utilities using Guid(0d54b02a80b94d94a90b9de832436341) (DefaultImporter) -> (artifact id: 'fc86d2d2acac042d7c81cdb4c8699d88') in 0.000420042 seconds
Start importing Packages/com.unity.render-pipelines.universal/Runtime/2D/Rendergraph using Guid(1db62f4f87b95214e98261b68289adba) (DefaultImporter) -> (artifact id: '1117572af99b9df751376dbfffac2c0b') in 0.00026475 seconds
Start importing Packages/com.unity.mathematics/Tests/Tests/Shared using Guid(1d6d62c94d82bf748b95682fa88ef3b9) (DefaultImporter) -> (artifact id: '5089b55838d26600dfb09310e1a12a53') in 0.00031375 seconds
Start importing Packages/com.unity.shadergraph/Editor/Drawing/Inspector using Guid(1d1f4aaa81084a13aaeb78dfaf7d35d7) (DefaultImporter) -> (artifact id: 'c924bf12263d5d6d8af9fe0a2844be00') in 0.000267291 seconds
Start importing Packages/com.unity.render-pipelines.universal/Tests/Editor/URPGlobalSettingsMigrationTests using Guid(2d428e2ad3bcf4344a7b4d4c8a2daa1a) (DefaultImporter) -> (artifact id: '18caa9641a5bcccead458723d3110f24') in 0.00025775 seconds
Start importing Packages/com.unity.ugui/Tests/Editor/TMP using Guid(3ddaad49a7bcb4087b403f2225d54840) (DefaultImporter) -> (artifact id: 'dc3536d35fb2a75d225a6a19a3e6094d') in 0.000257208 seconds
Start importing Packages/com.unity.shadergraph/Editor/Drawing/ViewModels using Guid(4d7c3af94488c9f43bf33aa63a59b2d1) (DefaultImporter) -> (artifact id: '92d9468b9ea212b05848ba33d3248fd9') in 0.000255 seconds
Start importing Packages/com.unity.test-framework/UnityEditor.TestRunner/TestRunner/Callbacks using Guid(5d7f0d6acfced954682a89e7002c04d9) (DefaultImporter) -> (artifact id: '0dec5c1fe4d62597a6f06205aa5984cd') in 0.000289125 seconds
Start importing Packages/com.unity.test-framework/UnityEditor.TestRunner/TestRun/Tasks using Guid(6dba53789da15814387fa5b1445e81e0) (DefaultImporter) -> (artifact id: '72f33cfefcd167ac88b3efeb6da24af6') in 0.000279541 seconds
Start importing Packages/com.unity.render-pipelines.universal/Editor/VFXGraph/Shaders using Guid(7d77ae3715c5eea4ca5de8d2fe3dfa2c) (DefaultImporter) -> (artifact id: 'caec26be157d70c8dc7d2a401e1ad1eb') in 0.000341542 seconds
Start importing Packages/com.unity.render-pipelines.core/Editor/LookDev/Icons using Guid(9d38fc3327537ec418b043933457c849) (DefaultImporter) -> (artifact id: '6290cfb46e81ee43d3958ac11c04be28') in 0.000552542 seconds
Start importing Packages/com.unity.render-pipelines.core/Tests/Runtime/Threading using Guid(cdb007ea9cfd17c49ae406263e8c346d) (DefaultImporter) -> (artifact id: 'ea60e605cd12dcb453d1399c3568fb29') in 0.000504041 seconds
Start importing Packages/com.unity.render-pipelines.universal/Editor/ShaderGraph/Templates using Guid(3efb14e4a7f35d24899cd83aa303d48b) (DefaultImporter) -> (artifact id: '9a3bc1235883858fa36c7b383bb03efd') in 0.000351875 seconds
Start importing Packages/com.unity.render-pipelines.universal/Textures/BlueNoise16/L using Guid(4eb46e164ba847b4396d73b7491c99d3) (DefaultImporter) -> (artifact id: 'd509c32da64ad88b6e8d135930b915bc') in 0.000360958 seconds
Start importing Packages/com.unity.render-pipelines.core/Tests/Editor/UnifiedRayTracing using Guid(4e4c297047ea96a49826f1570cf7db07) (DefaultImporter) -> (artifact id: '144279807019715e886db6ca83b636b5') in 0.000497667 seconds
Start importing Packages/com.unity.render-pipelines.core/Runtime/UnifiedRayTracing/Compute using Guid(4ecd3fe6796a2ca4aa0c3b180133d9d9) (DefaultImporter) -> (artifact id: '956e41868c53e1f2c165d75b91523c05') in 0.00037475 seconds
Start importing Packages/com.unity.test-framework/UnityEditor.TestRunner/UnityTestProtocol/Messages using Guid(9ea154c33fd8466f973f004e5c962df7) (DefaultImporter) -> (artifact id: 'd8ce3e034bebd7e36b2b6ecc121483da') in 0.000345833 seconds
Start importing Packages/com.unity.render-pipelines.core/Editor/CommandBuffers/CommandBufferGenerator using Guid(9ee4775791ff6f8448490ba9f74d2f5b) (DefaultImporter) -> (artifact id: '06bea95265cf41ee62a05e38b8e2673a') in 0.000333417 seconds
Start importing Packages/com.unity.render-pipelines.core/Runtime/ShaderLibrary/Sampling using Guid(bea6ca7ad79287c4b8c525b8ffbd5842) (DefaultImporter) -> (artifact id: 'e754b269e6559bf77e55475f683e10e0') in 0.000412542 seconds
Start importing Packages/com.unity.test-framework/UnityEngine.TestRunner/Utils/MonoBehaviourTest using Guid(ce8da628f68c7594b8b9a597fa52db7b) (DefaultImporter) -> (artifact id: '2d38e1309f0ea79159d19d1fe0eb6c3d') in 0.000392916 seconds
Start importing Packages/com.unity.render-pipelines.universal/Runtime/VFXGraph/Utility using Guid(cebf9c6bb6e199e4db858b1ca6525e5d) (DefaultImporter) -> (artifact id: '027bfd2551e6699379ca269566d3826c') in 0.000300708 seconds
Start importing Packages/com.unity.render-pipelines.universal/Editor/Tools/Converters using Guid(de07e00acee5049188d7f5c776e98c91) (DefaultImporter) -> (artifact id: '96b604e4696e24aa08197b9a01f8d564') in 0.000317958 seconds
Start importing Packages/com.unity.render-pipelines.core/Runtime/UnifiedRayTracing/Hardware using Guid(de0ed5319362ff5418fb5d16977e9463) (DefaultImporter) -> (artifact id: '1cc584649c8745fd87662cdf2f11fab2') in 0.000424416 seconds
Start importing Packages/com.unity.render-pipelines.universal/Editor/ShaderGraph/AssetCallbacks using Guid(eea3e26ee6aecd14d8ab3f9b20ccc5d5) (DefaultImporter) -> (artifact id: '5ab38eb6565d85ecc75b6a3073258f12') in 0.000252459 seconds
Start importing Packages/com.unity.ugui/Editor/TMP/HDRP using Guid(eecc124dc0b994047aac97ccf8c8ed0a) (DefaultImporter) -> (artifact id: '5b5397f7d63b0f449a7a5706eccb0297') in 0.000259583 seconds
Start importing Packages/com.unity.render-pipelines.core/Runtime/Debugging/FrameTiming using Guid(0f240cc177d08124a9694021c19c0dc4) (DefaultImporter) -> (artifact id: '9eb3d9d6c684f05e2c563912d525a8b9') in 0.000274417 seconds
Start importing Packages/com.unity.test-framework/UnityEditor.TestRunner/TestRunner/Utils using Guid(1f5bbb88ca730434483440cbc0278ef6) (DefaultImporter) -> (artifact id: 'd5d79cd3d4288070e6bddcbfc9c58d29') in 0.000280625 seconds
Start importing Packages/com.unity.render-pipelines.universal/Editor/BuildProcessors/GraphicsSettingsStrippers using Guid(2f3616b2dfb87f24b87d934d1c8ea882) (DefaultImporter) -> (artifact id: '410263ae6aae53cbbfc8d9419325a75c') in 0.000269417 seconds
Start importing Packages/com.unity.render-pipelines.core/Runtime/Utilities/GPUPrefixSum using Guid(4fd6fd0a85444385a35a13e9adbcb49d) (DefaultImporter) -> (artifact id: '4c82f68ed4d0dd5e32108f3509262f9a') in 0.000290041 seconds
Start importing Packages/com.unity.render-pipelines.universal/Runtime/2D/Shadows using Guid(5f7294749d1800e4daee980df3e624da) (DefaultImporter) -> (artifact id: 'b29fc61f5e8fc2abaa0b6517d6bfb3e3') in 0.000368375 seconds
Start importing Packages/com.unity.shadergraph/Editor/Resources/Styles using Guid(5f393962fcae179489132b01f969bb6e) (DefaultImporter) -> (artifact id: '5899d66945d3e1d7c619847b31712057') in 0.00027125 seconds
Start importing Packages/com.unity.shadergraph/Tests/Editor/UnitTests using Guid(7f85ac5340a5dff468e347347435cf68) (DefaultImporter) -> (artifact id: 'ebd829df3026ddbc559bdbd4d980e66d') in 0.000333417 seconds
Start importing Packages/com.unity.ugui/Runtime/UGUI/EventSystem using Guid(7f27709c942d91541be1fd6aa5cb3d78) (DefaultImporter) -> (artifact id: 'f0d60c8b7f149f215e5d223617964474') in 0.000286541 seconds
Start importing Packages/com.unity.shadergraph/Editor/Drawing/Colors using Guid(9ff4538fd9b634ffd8b591bd96663d06) (DefaultImporter) -> (artifact id: '9df3cd413671764a252b29141aca6cb9') in 0.000317 seconds
Start importing Packages/com.unity.render-pipelines.core/Editor/Lighting/Shadow using Guid(9f9a42fd802a4b144b2d7b1a4f4a0463) (DefaultImporter) -> (artifact id: '6cb6f35e218b0425a68b89f4429d2dff') in 0.000319208 seconds
Start importing Packages/com.unity.render-pipelines.universal/Editor/2D/LightBatchingDebugger using Guid(bf4452fea996a7a468c7d5443cf2ff2e) (DefaultImporter) -> (artifact id: '2f73634d5185c547a63fa47f3b71b8f3') in 0.000323542 seconds
Start importing Packages/com.unity.render-pipelines.core/Editor/Settings/PropertyDrawers using Guid(cf844af7c1c69cd42b541bd236fe3e8c) (DefaultImporter) -> (artifact id: 'a3a9c707c35d818d350e5c6ee16680c6') in 0.000280625 seconds
Start importing Packages/com.unity.ugui/Editor/UGUI/Properties using Guid(cf97e54bcd5479a46bdbade48da047cc) (DefaultImporter) -> (artifact id: 'bcc5e4cf73302b79631566aee946fa3b') in 0.000309292 seconds
Start importing Packages/com.unity.render-pipelines.core/Runtime/GPUDriven/Components using Guid(efa82a5fd775b99479c361771fb9e6d1) (DefaultImporter) -> (artifact id: '196acaa875c3fc61e57e455359e32c15') in 0.000390083 seconds
Start importing Packages/com.unity.ugui/Tests/Runtime/UGUI/Image using Guid(1091bc2ad06e3234aac2b2fa2841c09d) (DefaultImporter) -> (artifact id: '94034d6d07fdc201b83d5943f5af1dca') in 0.000400875 seconds
Start importing Packages/com.unity.shadergraph/Editor/Data/Interfaces/Graph using Guid(20d63795c62940409089af61496db945) (DefaultImporter) -> (artifact id: 'b7e459f513c543a440200c40c9a0a869') in 0.00040875 seconds
Start importing Packages/com.unity.render-pipelines.universal/Editor/ShaderGraph/GraphTemplates/2D using Guid(30d55c1054874cd45b0415318bf60fca) (DefaultImporter) -> (artifact id: '6cb9d9ac47cb27e46c7303a42ca575c7') in 0.000496625 seconds
Start importing Packages/com.unity.ugui/Tests/Editor/UGUI/RectMask2D using Guid(305ca32be1aa5504aa182f583895dfe4) (DefaultImporter) -> (artifact id: '5feb8431e6a2647400681c0df4eb4982') in 0.0003515 seconds
Start importing Packages/com.unity.render-pipelines.core/Editor/Lighting/ProbeVolume/RenderingLayerMask using Guid(6043c984fc486f646b6686af5208025b) (DefaultImporter) -> (artifact id: 'dc9388f1826af9613dbc4ea94e220dea') in 0.00043575 seconds
Start importing Packages/com.unity.render-pipelines.universal/Editor/2D/ShaderGraph/AssetCallbacks using Guid(702cc9b492bf4f6da778b0f5c996b7ad) (DefaultImporter) -> (artifact id: '4db58d58660a86a23d1e027ea4c31d1e') in 0.000599375 seconds
Start importing Packages/com.unity.render-pipelines.universal/Editor/2D/ShaderGraph/Includes using Guid(b0e1457667cf4865bf50a0f8567c4d29) (DefaultImporter) -> (artifact id: 'b434d7ededfa3f369652d468342b9122') in 0.0003745 seconds
Start importing Packages/com.unity.shadergraph/Editor/Generation/Targets/Fullscreen using Guid(b08719eeefb3f464f9c08fa512667b40) (DefaultImporter) -> (artifact id: '652ca7eba1540594fbb60e74af57f149') in 0.000339 seconds
Start importing Packages/com.unity.render-pipelines.universal/Editor/Tools/Converters/ReadonlyMaterialConverter using Guid(d0cbb8c1758af77469e1b602c122282c) (DefaultImporter) -> (artifact id: '743cb320c1d8aa4351a46fae71a18d60') in 0.0002705 seconds
Start importing Packages/com.unity.searcher/Editor/Resources/FlatSkin/Font using Guid(d0feff57b6f6c594f86fff295ec0fe3f) (DefaultImporter) -> (artifact id: '6c049e1145c9a0f080cdd5f6d6d4749c') in 0.00029425 seconds
Start importing Packages/com.unity.shadergraph/Editor/Generation/Targets/Terrain using Guid(81ea4f1a846f43919f95844124702750) (DefaultImporter) -> (artifact id: '110122d97145aa830b6ef32ccc0180a9') in 0.000287875 seconds
Start importing Packages/com.unity.render-pipelines.core/Runtime/Debugging/Prefabs/Fonts using Guid(a11be56b627f5034bbca389c76bd3964) (DefaultImporter) -> (artifact id: '404359462f825bc72bbf4d29b080c2d1') in 0.00037775 seconds
Start importing Packages/com.unity.ugui/Tests/Editor/UGUI/InputField using Guid(c16c54fe03afb5740bcc0a2a295cb79d) (DefaultImporter) -> (artifact id: 'f2549288d5f830259850c3bed852b8b1') in 0.000434417 seconds
Start importing Packages/com.unity.render-pipelines.universal/Editor/2D/Resources/InspectorIcons using Guid(02ab4512457271c48afa84879f6d3848) (DefaultImporter) -> (artifact id: '63aa20489b34e854211cfca017e2d8fa') in 0.0004025 seconds
Start importing Packages/com.unity.ugui/Runtime/UGUI/UI/Core using Guid(12c42068351bb084abde965d725b9887) (DefaultImporter) -> (artifact id: 'cacc7f0504c10a89d30473ce3cb13775') in 0.000241 seconds
Start importing Packages/com.unity.render-pipelines.universal/Editor/2D/ShaderGraph/Targets using Guid(6235450d5ad64142aeb12e4f3cac5f72) (DefaultImporter) -> (artifact id: '3995a54594652c481b876e43d5b39d33') in 0.000290917 seconds
Start importing Packages/com.unity.render-pipelines.universal/Runtime/RendererFeatures/SurfaceCacheGI/SurfaceCacheCore using Guid(a2edb5f961ad3b341b5045c3e6ffd4b5) (DefaultImporter) -> (artifact id: '8d6b68b655dc44c19e62c264862b89f0') in 0.000416333 seconds
Start importing Packages/com.unity.ugui/Tests/Runtime/UGUI/Toggle using Guid(e210c8bf2e9c6514d90a1bd77586af1f) (DefaultImporter) -> (artifact id: 'dbc3a78b1232d980c5eec42316701d59') in 0.000395542 seconds
Start importing Packages/com.unity.render-pipelines.universal/Editor/2D/ShaderGraph/Nodes using Guid(f270bf32cbff4c02ae07004a815c5632) (DefaultImporter) -> (artifact id: 'cde2fd73e298a8aec7c3588d55a6726c') in 0.000304209 seconds
Start importing Packages/com.unity.render-pipelines.universal/Editor/Converter/PPv2/EffectConverters using Guid(036db18d0922d53419a5d769fe345bec) (DefaultImporter) -> (artifact id: 'c094d8ee8dd7fc8a907360b6ab915f43') in 0.000281625 seconds
Start importing Packages/com.unity.ugui/Tests/Runtime/UGUI/Button using Guid(239dd6edc8e5cd14585c03e09e86a747) (DefaultImporter) -> (artifact id: 'ac27d701a2faade0a9eb1621f0aeec9d') in 0.000263 seconds
Start importing Packages/com.unity.ugui/Tests/Runtime/UGUI/ScrollBar using Guid(43b1467da3d29ae4597a733828cdd84a) (DefaultImporter) -> (artifact id: '9d24d5339ee40185803e2696afc4766b') in 0.000284959 seconds
Start importing Packages/com.unity.ugui/Tests/Runtime/UGUI/Graphic using Guid(8313ea704470a264295ec9e09aec6ebc) (DefaultImporter) -> (artifact id: '08e82deac7b1e19a2c784e9398edc209') in 0.0002895 seconds
Start importing Packages/com.unity.render-pipelines.core/Runtime/Debugging/Prefabs/Scripts using Guid(9383aa19796d6e84e8031655b9ac912f) (DefaultImporter) -> (artifact id: '34039360b4a452cef7ead8f56e3d0091') in 0.000323708 seconds
Start importing Packages/com.unity.ugui/Tests/Runtime/UGUI/TextEditor using Guid(93effba7cf7f3824ab0bd048a27a9c02) (DefaultImporter) -> (artifact id: '8eef0647cc6fb4855db6a46795a64f66') in 0.000406584 seconds
Start importing Assets/Piglet/Dependencies/UnityGLTF/GLTFSerialization/Properties using Guid(b3606a259da7ad8469593b4ba52ede59) (DefaultImporter) -> (artifact id: 'bfa94f25156cb41806187be5d83faf91') in 0.000344 seconds
Start importing Packages/com.unity.ugui/Runtime/UGUI/EventSystem/EventData using Guid(b3cdabf2f1e76854d8aab5930305d70d) (DefaultImporter) -> (artifact id: '8277f8c996e87ca284549912a55a6cd9') in 0.000315667 seconds
Start importing Packages/com.unity.shadergraph/Editor/Data/Nodes/Utility using Guid(f3d12703f494d7147b7874aabe94ab18) (DefaultImporter) -> (artifact id: '4a11bdc14abc2ac128a280f2a7d53412') in 0.00026575 seconds
Start importing Packages/com.unity.shadergraph/Editor/Generation/Targets/BuiltIn using Guid(24f978237d7204d78b8266e4b1fd1248) (DefaultImporter) -> (artifact id: '4afcc482731945facb7310e82c006c99') in 0.000279875 seconds
Start importing Packages/com.unity.ugui/Runtime/UGUI/UI/Animation using Guid(5472815444de2ce45bf2053a4af04b9d) (DefaultImporter) -> (artifact id: '41463e8550df76b3752941ecf4af4827') in 0.00064225 seconds
Start importing Packages/com.unity.shadergraph/Editor/Drawing/Inspector/PropertyDrawers using Guid(8488c4add4764941a2d903bf014329b9) (DefaultImporter) -> (artifact id: '161e29b17067a67d7d32c2e9e88261c4') in 0.000339625 seconds
Start importing Packages/com.unity.test-framework/UnityEditor.TestRunner/TestRun/Tasks/Player using Guid(94a6220ee1a442249702c9df66e0fe1b) (DefaultImporter) -> (artifact id: 'f827ae25f95ca0b2387aab13d0de9e87') in 0.000321625 seconds
Start importing Packages/com.unity.shadergraph/Editor/Resources/Styles/Controls using Guid(e4de09b690b402c4bab6110751305df5) (DefaultImporter) -> (artifact id: '8f05c52587442b18fd9d01ca3168c0e1') in 0.000395041 seconds
Start importing Packages/com.unity.render-pipelines.universal/Editor/ShaderGraph/Includes/Terrain using Guid(f4e1f16cd720fd149b53725287d528da) (DefaultImporter) -> (artifact id: '4f525d1043642aebc8d5f5629c1ce652') in 0.0003845 seconds
Start importing Packages/com.unity.render-pipelines.core/Editor/Icons/MipLevels/RenderGraphViewer using Guid(5536d79734dc8e44e90ec12c771b50cc) (DefaultImporter) -> (artifact id: '8fa99d91f16349a3bb8fb8406d6d4861') in 0.000287167 seconds
Start importing Packages/com.unity.shadergraph/Editor/Data/Nodes/MeshDeformation using Guid(756acc907fa7dec429bae437fab8df69) (DefaultImporter) -> (artifact id: '2fcdeffa818a05167d31a8f5537d06e0') in 0.000287375 seconds
Start importing Packages/com.unity.ugui/Tests/Runtime/UGUI/Slider using Guid(850af9f3bf6d14143baf2ecfbf25db52) (DefaultImporter) -> (artifact id: '437630b46a69623334e22a1b4d23d60a') in 0.000288292 seconds
Start importing Packages/com.unity.render-pipelines.universal/Editor/2D/Resources/SceneViewIcons using Guid(e5f7648dfb00c83428a633efe7759b19) (DefaultImporter) -> (artifact id: '7ad227dc23e833fc459010f71279998b') in 0.000294084 seconds
Start importing Packages/com.unity.render-pipelines.core/Tests/Editor/ShaderStripping/Results using Guid(f5a8b36b9689f8a428381e6fd79a2278) (DefaultImporter) -> (artifact id: 'bb07269894405b815202e84dac73db1d') in 0.000402959 seconds
Start importing Packages/com.unity.ugui/Runtime/UGUI/EventSystem/Raycasters using Guid(46646a5562f14984690c85ee7b946bc9) (DefaultImporter) -> (artifact id: 'e72938d8295fecfa581dc14542b5af2f') in 0.000291458 seconds
Start importing Packages/com.unity.shadergraph/Editor/Drawing/Views/Slots using Guid(56e544af973b458ea7e8051cd0848d24) (DefaultImporter) -> (artifact id: 'feb08fdcdd66d6ea49567259d202ffb3') in 0.000192083 seconds
Start importing Packages/com.unity.ugui/Tests/Runtime/UGUI/CanvasRenderer using Guid(a69b08936f9f74179ae333a4bebe7c54) (DefaultImporter) -> (artifact id: '7671a1463691e0f5dc1af47c30eb63be') in 0.000293834 seconds
Start importing Packages/com.unity.shadergraph/Editor/Data/Nodes/Math using Guid(e63f07e66d070412bb6e9582ca1eba72) (DefaultImporter) -> (artifact id: 'abf9d15501716e51f07c1cc290ddf207') in 0.000363959 seconds
Start importing Packages/com.unity.render-pipelines.core/Runtime/Debugging/Prefabs/Resources using Guid(3774a3e29f7c59445ba79c15769126fd) (DefaultImporter) -> (artifact id: 'c67bc76dfe62718d12a9982f1ef7a7b0') in 0.00039575 seconds
Start importing Packages/com.unity.ugui/Tests/Editor/UGUI/UI using Guid(e7689eda3a8b1a847a8b197dbe90d9a6) (DefaultImporter) -> (artifact id: '5d2bcf29f5611fa4f2365298e1243e46') in 0.000428417 seconds
Start importing Packages/com.unity.shadergraph/Editor/Data/Nodes/Procedural using Guid(e74e11761cab2b446b96ce63e2d657b3) (DefaultImporter) -> (artifact id: 'c47ca26a69d9e44ec0aac1aaea9e48d6') in 0.000342584 seconds
Start importing Packages/com.unity.render-pipelines.core/Editor/Lighting/Icons/LightUnitIcons using Guid(f7397e6cb98a9fe449a00fd3a1175bdc) (DefaultImporter) -> (artifact id: 'e09dd373379ca7f15c70f70c95437429') in 0.00028125 seconds
Start importing Assets/Piglet/Dependencies/UnityGLTF/GLTFSerialization/Extensions using Guid(88b09f07a0fdf0b41be28bef537916aa) (DefaultImporter) -> (artifact id: 'a940c6fa3e7722bea4e57ad073a00c4a') in 0.000276833 seconds
Start importing Packages/com.unity.ugui/Tests/Editor/UGUI/EventSystem using Guid(98d14ab1acf42df4f88a0561822ac807) (DefaultImporter) -> (artifact id: 'bcce928e3f5b35dd22455a42941bc8ae') in 0.000292 seconds
Start importing Packages/com.unity.ugui/Tests/Editor/UGUI/Canvas using Guid(b86b117346968ac4d9cc63e4385becb7) (DefaultImporter) -> (artifact id: '62133acf800fdf2d38044a65fa104ffd') in 0.000302042 seconds
Start importing Packages/com.unity.render-pipelines.core/Editor/Lighting/ProbeVolume/DynamicGI using Guid(c83b9f91aab04264395c477f5f573380) (DefaultImporter) -> (artifact id: '66a10bba0bc17a242918cca192270f5a') in 0.000430917 seconds
Start importing Packages/com.unity.render-pipelines.core/Runtime/UnifiedRayTracing/Common/Utilities using Guid(d87eae04416aa5b4faeeb9dc46c9c6b6) (DefaultImporter) -> (artifact id: '0393125f8a530dc95a2b784f92811548') in 0.000328041 seconds
Start importing Packages/com.unity.render-pipelines.universal/Runtime/2D/Passes/Utility using Guid(f895f2b1dbb2da84e82eedb22e2620f7) (DefaultImporter) -> (artifact id: '0ee1eba51737275c06afeb2c975af3bb') in 0.000294 seconds
Start importing Packages/com.unity.test-framework/UnityEditor.TestRunner/TestRun/Tasks/Scene using Guid(692476ac695e7b74a8d9eabd48862009) (DefaultImporter) -> (artifact id: 'c93fad50921024025a405a0a862090ff') in 0.000299291 seconds
Start importing Packages/com.unity.shadergraph/Editor/Data/Nodes/Terrain using Guid(695f632629ada094ebf7ce1c301ad9c9) (DefaultImporter) -> (artifact id: '227c0c645f33a28cdae9b1f623c02140') in 0.0002965 seconds
Start importing Packages/com.unity.render-pipelines.core/Runtime/UnifiedRayTracing/Common/GeometryPool using Guid(c92be10cd223d054b8314f7445705554) (DefaultImporter) -> (artifact id: '1379f9fcf6ccb6a0aea64f33b6501ea9') in 0.00031775 seconds
Start importing Packages/com.unity.test-framework/UnityEditor.TestRunner/TestRun/Tasks/Platform using Guid(d973b7805df545bdae3986ab72a6c2e8) (DefaultImporter) -> (artifact id: '20a6de28fd8aedef407457a6ca2d05cd') in 0.000316708 seconds
Start importing Packages/com.unity.ugui/Tests/Editor/UGUI/UnityEvent using Guid(e90cc37a5ccf4a44dbecc5b7172ec512) (DefaultImporter) -> (artifact id: 'a0ce3d4c23b3d1b988cb587e10b1d85e') in 0.000243083 seconds
Start importing Packages/com.unity.shadergraph/Editor/Data/Nodes/UV using Guid(f9c248f478f706147ba7b8a660035472) (DefaultImporter) -> (artifact id: '4b698197e03f9ebb8a2ea045cda85f9d') in 0.000279541 seconds
Start importing Packages/com.unity.shadergraph/Editor/Data/Nodes/Input using Guid(0ab9e53346965db4a8ee81a2b978dca5) (DefaultImporter) -> (artifact id: '1852d79028f67411c56ce0c6b0cf4af6') in 0.000286542 seconds
Start importing Packages/com.unity.render-pipelines.core/Tests/Editor/RenderPipeline/SettingsStrippingResults using Guid(1acfae9965174d74086850609850b577) (DefaultImporter) -> (artifact id: '7cbb911163c5dfda8b5311d2caa54b23') in 0.000320875 seconds
Start importing Packages/com.unity.ugui/Tests/Runtime/UGUI/InputField using Guid(2a28c2fab6b1bb745a844ef6b908e7ee) (DefaultImporter) -> (artifact id: '9dad4aba2acb736bb41bd9f498f4a598') in 0.000270542 seconds
Start importing Packages/com.unity.ugui/Tests/Runtime/UGUI/Canvas using Guid(9a3557da07c729b4eb774b8e30e157a4) (DefaultImporter) -> (artifact id: '81331dc77753752598b07804ea4cff62') in 0.000264458 seconds
Start importing Packages/com.unity.render-pipelines.core/Tests/Editor/Tools/MaterialUpgrader using Guid(aa8ba3d47aaac7e4b830b55e85d7d679) (DefaultImporter) -> (artifact id: '36a744a1cf0bed1fdd9300d026f085c9') in 0.00038375 seconds
Start importing Packages/com.unity.ugui/Tests/Runtime/UGUI/Dropdown using Guid(bae197be297529d4fa735fbe7c91828d) (DefaultImporter) -> (artifact id: '2aa66bb1fd732c209bdffd9958207bc3') in 0.000360084 seconds
Start importing Packages/com.unity.shadergraph/Editor/Generation/Targets/Canvas using Guid(ba9455849cd06164791e7dde58b74d24) (DefaultImporter) -> (artifact id: 'be724e98f85efbc042ce7b5b1fc6c440') in 0.000246875 seconds
Start importing Packages/com.unity.render-pipelines.core/Runtime/PostProcessing/Shaders/ffx using Guid(badda61a05436ff46bc63d5e3182a197) (DefaultImporter) -> (artifact id: '7626eaf7046bbcbf733df6c5eadc9349') in 0.00029025 seconds
Start importing Packages/com.unity.shadergraph/Editor/Resources/UXML/Blackboard using Guid(faa5d782c77ec7b41a65542649dbcc98) (DefaultImporter) -> (artifact id: '2ad354ba296131097266772848008ca5') in 0.000550834 seconds
Start importing Packages/com.unity.ugui/Tests/Runtime/UGUI/MaskClipping using Guid(2bc8a181dfd9de24388de89bb8db7713) (DefaultImporter) -> (artifact id: '0a0c449a5ca7d42ce0c9a97eda0d4d04') in 0.000427834 seconds
Start importing Packages/com.unity.shadergraph/Editor/Generation/Targets/UITK using Guid(3b0363be720b24507aba82d7f4d3a3fb) (DefaultImporter) -> (artifact id: 'e061046d9525a28beb8ba469fc057c14') in 0.000331 seconds
Start importing Packages/com.unity.render-pipelines.universal/Tests/Editor/Tools/Converters using Guid(4b117ddec9feb0445a5b1ff958fd1399) (DefaultImporter) -> (artifact id: '115a02b484cdfc5849ca2b564465747b') in 0.000310209 seconds
Start importing Packages/com.unity.render-pipelines.core/Runtime/Debugging/Prefabs/Widgets using Guid(4b0ba40f636c768488950e485bd520cb) (DefaultImporter) -> (artifact id: '909ba5a1a3645f211f487d808cecb546') in 0.000295666 seconds
Start importing Packages/com.unity.ugui/Tests/Runtime/UGUI/ScrollRect using Guid(9bedab6f9886aee42b33e424bffdb640) (DefaultImporter) -> (artifact id: 'a0e08ced210bbca101c3d35c258f23e3') in 0.000256459 seconds
Start importing Packages/com.unity.ugui/Tests/Runtime/UGUI/EventSystem using Guid(ab93e1a81defc3243a6e9cd0df3cb443) (DefaultImporter) -> (artifact id: '642b7155e0374f42426082344e328a0f') in 0.000309834 seconds
Start importing Packages/com.unity.render-pipelines.core/Runtime/Debugging/Prefabs/Textures using Guid(dbf7c066574f12a439bf604f2214a450) (DefaultImporter) -> (artifact id: '70d22414b9becb1760b44adf133d75cb') in 0.000307167 seconds
Start importing Packages/com.unity.shadergraph/Editor/Data/Nodes/UI using Guid(4c661c25ff9f470d903fa0d14171193f) (DefaultImporter) -> (artifact id: '1d8392672b63d797c3aa278bd0966db2') in 0.000292042 seconds
Start importing Packages/com.unity.ugui/Tests/Editor/UGUI/Slider using Guid(4cfe5ade9a1375e40aed87618b92bd12) (DefaultImporter) -> (artifact id: '91a2980309d6499d37b364770f3dc35d') in 0.000343458 seconds
Start importing Packages/com.unity.render-pipelines.core/Runtime/Sampling/Textures/SobolBlueNoise using Guid(5cd9d26d95a75804d8f849a19ab998e7) (DefaultImporter) -> (artifact id: '5f8b2146581bbde127facdae2ca832b1') in 0.000360916 seconds
Start importing Packages/com.unity.render-pipelines.core/Runtime/UnifiedRayTracing/Compute/RadeonRays using Guid(bc373571d8c974b4c8b11bbc194651eb) (DefaultImporter) -> (artifact id: '80dc1284311fc538b0c1a4edf5f0574a') in 0.000322417 seconds
Start importing Packages/com.unity.ugui/Editor/UGUI/UI/PropertyDrawers using Guid(bc9aa6d5a7945f34882c442e9e201537) (DefaultImporter) -> (artifact id: '270b585cc009643c70718bcb5358bab0') in 0.000387625 seconds
Start importing Packages/com.unity.ugui/Tests/Runtime/UGUI/Layout using Guid(cc313cc004395df4a9884390556690a5) (DefaultImporter) -> (artifact id: '563d44d617bb73e3ce0b9367beb9f7f6') in 0.000409083 seconds
Start importing Packages/com.unity.test-framework/UnityEditor.TestRunner/TestRun/Tasks/Events using Guid(cca5935142d6c754f9ecdce1294f7079) (DefaultImporter) -> (artifact id: '1f81049cc8c4f238fec5f2b1ea887709') in 0.000367041 seconds
Start importing Packages/com.unity.ugui/Tests/Runtime/UGUI/LayoutGroup using Guid(2d9b6ff056b6f484ba6500aa8e06bcf3) (DefaultImporter) -> (artifact id: '1c3147b292d515aadba03fbf6013744b') in 0.000320042 seconds
Start importing Packages/com.unity.ugui/Runtime/UGUI/EventSystem/UIElements using Guid(5dc64c943466a44498be3b620c743b45) (DefaultImporter) -> (artifact id: '96c94b86d87620112b8e860f107d8e93') in 0.000316208 seconds
Start importing Packages/com.unity.shadergraph/Editor/Generation/Targets/CustomRenderTexture using Guid(6d5720fee1395a0469d470106d06823e) (DefaultImporter) -> (artifact id: '91650c26b789902fa4b53cd71c7bb238') in 0.000365875 seconds
Start importing Assets/Piglet/Dependencies/UnityGLTF/GLTFSerialization/Schema using Guid(7d9434a8ab0b1e246a4096357ebd3a90) (DefaultImporter) -> (artifact id: '339a4cc549f6609ac9ee6105e502cc80') in 0.000333041 seconds
Start importing Packages/com.unity.shadergraph/Editor/Resources/GraphView/Nodes using Guid(9d93b12df2d043f9876fa00095ab8c99) (DefaultImporter) -> (artifact id: '95a223aff6712833ee640480f5d3b61f') in 0.0003355 seconds
Start importing Packages/com.unity.shadergraph/Editor/Data/Nodes/Artistic using Guid(8ee6f8ab31f6bf349a63fdd21fc88664) (DefaultImporter) -> (artifact id: '9565e3b46b3b62f01d81901b43d31564') in 0.000297042 seconds
Start importing Packages/com.unity.ugui/Runtime/UGUI/EventSystem/InputModules using Guid(8e78f8a8575e4a04f8337a54e241cdc5) (DefaultImporter) -> (artifact id: 'cf1e069480532a8f3dc9085bfcf71e39') in 0.000295125 seconds
Start importing Packages/com.unity.shadergraph/Editor/Data/Nodes/Channel using Guid(9e3d3d0ce68bbc843b9b8734ab8d4f02) (DefaultImporter) -> (artifact id: '3ab1efd915e2c5c31ddc5d1968b799ea') in 0.000289583 seconds
Start importing Packages/com.unity.ugui/Tests/Editor/UGUI/CanvasRenderer using Guid(ae242449e9279d44789513b922d3178a) (DefaultImporter) -> (artifact id: 'ee5d432a1318ff51cc5f0f75759cfc19') in 0.00028575 seconds
Start importing Packages/com.unity.render-pipelines.universal/Editor/VFXGraph/Shaders/Templates using Guid(ce87f332afb5ca24ca5486d4bf5caa15) (DefaultImporter) -> (artifact id: '51e54a88371dcb578940ebd966e5bb94') in 0.000418 seconds
Start importing Packages/com.unity.render-pipelines.universal/Runtime/2D/Data/Textures using Guid(fea15e5ce57d36d489e00e9111e1c9ae) (DefaultImporter) -> (artifact id: '431e04ffff941df6fdbeeedd320f5826') in 0.000367583 seconds
Start importing Packages/com.unity.render-pipelines.universal/Runtime/VFXGraph/Utility/PropertyBinders using Guid(fec7a2969fc9f3e428ddfeba3654b66a) (DefaultImporter) -> (artifact id: 'd4868ba1b9f686bf621b665469ae9e78') in 0.000341541 seconds
Start importing Assets/Piglet/Dependencies/UnityGLTF/GLTFSerialization/Math using Guid(0fe3f6f41ba087942a9660423e7d5e73) (DefaultImporter) -> (artifact id: 'c2ea4f1766ce656b7b10c5c6dd8b54eb') in 0.000349333 seconds
Start importing Packages/com.unity.ugui/Tests/Editor/UGUI/Dropdown using Guid(1f71aeacc4a9f1a40b22a1a590331f6b) (DefaultImporter) -> (artifact id: 'f07cb706910528267c831c49a6968d8c') in 0.00036 seconds
Start importing Packages/com.unity.ugui/Tests/Editor/UGUI/Text using Guid(4f9ac6e545d53f94b9f09c85b9576f36) (DefaultImporter) -> (artifact id: '5f05d186dcb1976da8af0bac527eb730') in 0.000343333 seconds
Start importing Packages/com.unity.render-pipelines.universal/Editor/2D/Shadows/ShadowProvider using Guid(6f2ac257a477638438d93937e28e4e34) (DefaultImporter) -> (artifact id: 'd3c5fb5d6865bdadcfea1a755d5ff0c4') in 0.000331042 seconds
Start importing Packages/com.unity.ugui/Tests/Runtime/UGUI/Util using Guid(af30a361ab68260438b6ec3fb7e64500) (DefaultImporter) -> (artifact id: '2b58310aa8804f03a037a2d47189a1c9') in 0.000207875 seconds
Start importing Packages/com.unity.render-pipelines.core/Editor/Lighting/ProbeVolume/VirtualOffset using Guid(dfcc0fb5ecf4d6c4e8654b6853578ceb) (DefaultImporter) -> (artifact id: '58a25bf0d7abaaca600ca22b7e784a05') in 0.000510541 seconds
Start importing Packages/com.unity.ugui/Tests/Runtime/UGUI/NestedLayout using Guid(efad3ddb7270ac241b9b1357ec5ee2f2) (DefaultImporter) -> (artifact id: '8bbb7177cd104b80d48b4cfb1dc88884') in 0.000369 seconds
Start importing Packages/com.unity.render-pipelines.universal/Runtime/2D/Shadows/ShadowProvider using Guid(ef3fc151f42f1ee4fba8b7729b3237c7) (DefaultImporter) -> (artifact id: '6f4ef5c114a0285e3ef82338bd6e75a2') in 0.000331875 seconds
Start importing Packages/com.unity.shadergraph/Editor/Data/Nodes/Math/Range using Guid(2018cd81f24ba46748d8b85c8f289f4f) (DefaultImporter) -> (artifact id: 'a78759b7d96df7c7f1999dfc760e62a8') in 0.000290958 seconds
Start importing Packages/com.unity.shadergraph/Editor/Data/Nodes/Input/Lighting using Guid(401863ee77eb66240b3581283427644d) (DefaultImporter) -> (artifact id: '1c720fc00ae43c4cdd36e10aa13abfed') in 0.00028125 seconds
Start importing Packages/com.unity.shadergraph/Editor/Data/Nodes/Artistic/Filter using Guid(e005d19f5315e44bc9f50b3f6f8e50b2) (DefaultImporter) -> (artifact id: '13bb872c9f855f18b106c8c271a071e9') in 0.000278125 seconds
Start importing Packages/com.unity.shadergraph/Editor/Data/Nodes/Math/Basic using Guid(4120c70d7c1a34d92b74137bf0b1bc67) (DefaultImporter) -> (artifact id: '8f63f525bbee14da57c3fe28b8aaf5d2') in 0.00029925 seconds
Start importing Packages/com.unity.shadergraph/Editor/Generation/Targets/Fullscreen/Templates using Guid(c131f605e2f659045adf332f0f0f876f) (DefaultImporter) -> (artifact id: 'c6bd537e15615d92219e9edfcec10479') in 0.000269833 seconds
Start importing Packages/com.unity.shadergraph/Editor/Data/Nodes/Math/Derivative using Guid(c10838deaed74574a94a340e53c2b229) (DefaultImporter) -> (artifact id: '76dfbca5f4b1295102e8860d4ce3b35c') in 0.000219958 seconds
Start importing Packages/com.unity.shadergraph/Editor/Generation/Targets/Terrain/Includes using Guid(22acd4a9b5da4f678c564195d78bbed3) (DefaultImporter) -> (artifact id: 'cb0216573d10d41baea7867f20f2bc1c') in 0.000265166 seconds
Start importing Packages/com.unity.shadergraph/Editor/Data/Nodes/Artistic/Utility using Guid(32bf6e8fcb46ec24a9db465ddec10a34) (DefaultImporter) -> (artifact id: '52f824a1946ce02c338e615115983dd6') in 0.000447041 seconds
Start importing Packages/com.unity.render-pipelines.universal/Editor/VFXGraph/Shaders/Templates/ParticleHexahedron using Guid(a2a46415c7cedaf418d42532b73efd24) (DefaultImporter) -> (artifact id: '6ffe3c3cbef152dc3920322660d8ad84') in 0.000554041 seconds
Start importing Packages/com.unity.render-pipelines.universal/Editor/VFXGraph/Shaders/Templates/ParticlePlanarPrimitives using Guid(93a7f042c0fafec41b13ea8cffc632c1) (DefaultImporter) -> (artifact id: '45eca41844facfde3ca5581158ddeabb') in 0.000394167 seconds
Start importing Packages/com.unity.shadergraph/Editor/Data/Nodes/Math/Vector using Guid(c3becf597e5084fe8825c0ec59a22201) (DefaultImporter) -> (artifact id: '80ed563da942273792d0385ae4f65d24') in 0.000329417 seconds
Start importing Packages/com.unity.render-pipelines.universal/Editor/VFXGraph/Shaders/Templates/ParticleMeshes using Guid(e3f2e22f0a32625498c3494d01930342) (DefaultImporter) -> (artifact id: '21deaebee743c7f3e7972f513be3ec9e') in 0.000243167 seconds
Start importing Packages/com.unity.shadergraph/Editor/Data/Nodes/Math/Wave using Guid(24b10579e42f5f845a9f2ab79f921476) (DefaultImporter) -> (artifact id: 'f342af05849653b1731c3b31565492fc') in 0.000376 seconds
Start importing Packages/com.unity.ugui/Tests/Editor/UGUI/UI/PropertyDrawers using Guid(24333a116497b144f9782b1160984b57) (DefaultImporter) -> (artifact id: '38a6a8db8e66efb4b3e00b0b49edce4d') in 0.000374875 seconds
Start importing Packages/com.unity.shadergraph/Editor/Data/Nodes/Procedural/Shape using Guid(74f319061d92c11439d4f7e87c991e89) (DefaultImporter) -> (artifact id: '81651e5ed57fa1ef44549ec5b6d9b348') in 0.000376833 seconds
Start importing Packages/com.unity.render-pipelines.universal/Tests/Editor/Tools/Converters/ReadonlyMaterialConverter using Guid(942a5a86e2bef824ea90af68b65e11d5) (DefaultImporter) -> (artifact id: '69a06308b43cf8d2c1cef8e2079372a5') in 0.0004085 seconds
Start importing Packages/com.unity.shadergraph/Editor/Data/Nodes/Input/Basic using Guid(b43ef3944c134a74995e6582de94d21b) (DefaultImporter) -> (artifact id: '2e7ad70f896015f0ebbc54702ccef8aa') in 0.0003935 seconds
Start importing Packages/com.unity.shadergraph/Editor/Data/Nodes/Math/Interpolation using Guid(458e098c89ad64ed3a48cb5f63a5a498) (DefaultImporter) -> (artifact id: '37afc1b776d82055fd36185adb5e787f') in 0.000275083 seconds
Start importing Packages/com.unity.shadergraph/Editor/Data/Nodes/Artistic/Adjustment using Guid(75cc6d701e07fe246ba5377a454f74c4) (DefaultImporter) -> (artifact id: 'd05752a8b8a3b8b17db1836cb8938290') in 0.000345417 seconds
Start importing Packages/com.unity.render-pipelines.universal/Runtime/2D/Shadows/ShadowProvider/Providers using Guid(b5fa04dc74317394bb31c148b76a585e) (DefaultImporter) -> (artifact id: '31ad9660de948b5217dee54e7dd69c09') in 0.000352584 seconds
Start importing Packages/com.unity.render-pipelines.universal/Editor/VFXGraph/Shaders/Templates/ParticleMeshesLit using Guid(76287eaf161827c40994b1ba2f2af31f) (DefaultImporter) -> (artifact id: '3cdfcf0d1ff747a3a6339f7fe231f9f7') in 0.0004365 seconds
Start importing Packages/com.unity.ugui/Runtime/UGUI/UI/Core/Utility using Guid(d63dd1a776d383248a21ec2a8a6e7868) (DefaultImporter) -> (artifact id: 'ddf4baa864d390cb48033641e93bc3ab') in 0.000257125 seconds
Start importing Packages/com.unity.shadergraph/Editor/Data/Nodes/Input/Texture using Guid(07cc6493671f2344089936cf4a0ab49b) (DefaultImporter) -> (artifact id: 'b1aaff6bf0c7b4527e623ced762ec3b4') in 0.000387208 seconds
Start importing Packages/com.unity.shadergraph/Editor/Data/Nodes/Input/Matrix using Guid(278936628273864438e48ff64aa20e32) (DefaultImporter) -> (artifact id: '7e3a9bc359e748153865ee597f6b5642') in 0.00044175 seconds
Start importing Packages/com.unity.ugui/Runtime/UGUI/UI/Core/Culling using Guid(27ed3e221887b3544bd9d6505d4a789f) (DefaultImporter) -> (artifact id: 'a8414d4e7a7ce3589ca9a54f2895a3ea') in 0.000306375 seconds
Start importing Packages/com.unity.shadergraph/Editor/Generation/Targets/Fullscreen/Includes using Guid(67b87f1c65c508c429e1d957b33776b3) (DefaultImporter) -> (artifact id: '282c9853b10a3b6de6a975d3736ce7c7') in 0.00034725 seconds
Start importing Packages/com.unity.shadergraph/Editor/Data/Nodes/Artistic/Normal using Guid(b7f9e0995756c4a4896912f8873eb63c) (DefaultImporter) -> (artifact id: '145e8970258f8329d1b585af14843037') in 0.000344041 seconds
Start importing Packages/com.unity.render-pipelines.universal/Editor/VFXGraph/Shaders/Templates/ParticleLines using Guid(18a4907a4ab1eb24882f891e45c993db) (DefaultImporter) -> (artifact id: 'f4f72dabe03e198f65d340d9d7ae65eb') in 0.000296334 seconds
Start importing Packages/com.unity.shadergraph/Editor/Data/Nodes/Math/Trigonometry using Guid(28b2b06f6ff88404c8c0d855b9599203) (DefaultImporter) -> (artifact id: '0abd3bcb9f15948b1b5c0022a2de5644') in 0.000220375 seconds
Start importing Packages/com.unity.render-pipelines.universal/Editor/VFXGraph/Shaders/Templates/ParticlePoints using Guid(4880ad95c4d23714986fc0ae33cc43f1) (DefaultImporter) -> (artifact id: '595ec8e03d220e06a35f443c6029dbf2') in 0.000378042 seconds
Start importing Packages/com.unity.render-pipelines.universal/Editor/VFXGraph/Shaders/Templates/URPDecal using Guid(e81d9b0cdeff465cb187f5a9bb544aa5) (DefaultImporter) -> (artifact id: 'fbd77c2fde097576b11f85509f984736') in 0.000305667 seconds
Start importing Packages/com.unity.shadergraph/Editor/Data/Nodes/Input/UI using Guid(f80c685d59366e44585a7011c5d7b1ea) (DefaultImporter) -> (artifact id: 'edace6f1314020bbb890f9fcc4629639') in 0.000186209 seconds
Start importing Packages/com.unity.ugui/Runtime/UGUI/UI/Core/SpecializedCollections using Guid(f8ed4321a98682942b9980996131cf26) (DefaultImporter) -> (artifact id: '5a5ef29bec25f7a3bf7676116a5962c1') in 0.000322167 seconds
Start importing Packages/com.unity.shadergraph/Editor/Data/Nodes/Artistic/Blend using Guid(f85e7557d4bb9874882ec3fa3044a53e) (DefaultImporter) -> (artifact id: 'c735ca91f74fe25ac7793dbc0e7d95a5') in 0.000282542 seconds
Start importing Packages/com.unity.shadergraph/Editor/Generation/Targets/Canvas/AssetCallbacks using Guid(094f15b4a6654154bb5755294694cb46) (DefaultImporter) -> (artifact id: 'fcee17633abbb28398036f8b77217ee7') in 0.00033425 seconds
Start importing Packages/com.unity.ugui/Runtime/UGUI/UI/Core/Layout using Guid(1999349e7f492c947bb6eb70f624382e) (DefaultImporter) -> (artifact id: 'a8e41ce3a6fccc9c9b78c2afb86f94a6') in 0.000514875 seconds
Start importing Packages/com.unity.shadergraph/Editor/Data/Nodes/Math/Advanced using Guid(198ec765a01574320a8199338d27d9f1) (DefaultImporter) -> (artifact id: '76c44aff4ef4d745d1f6602cc44b0ad9') in 0.000270209 seconds
Start importing Packages/com.unity.render-pipelines.universal/Editor/VFXGraph/Shaders/Templates/ParticleLinesSW using Guid(792601c2ba0e2bc41986706670f378d4) (DefaultImporter) -> (artifact id: '67abc12ad54081279dc71a4b29e78048') in 0.000232333 seconds
Start importing Packages/com.unity.ugui/Tests/Runtime/UGUI/EventSystem/InputModuleTests using Guid(7a892c920c8ad2848b469ec9579c5219) (DefaultImporter) -> (artifact id: 'ddbbd39c1ecedea9952da13283fac82b') in 0.000330083 seconds
Start importing Packages/com.unity.render-pipelines.core/Runtime/UnifiedRayTracing/Compute/RadeonRays/kernels using Guid(9a4184587b7c760418ee26ca0a32df62) (DefaultImporter) -> (artifact id: '9d98fba2fc73c0ca58a73418527344d1') in 0.00039575 seconds
Start importing Packages/com.unity.shadergraph/Editor/Data/Nodes/Utility/Logic using Guid(1c5103f75b5ec7445bb4c7b5a36f6aec) (DefaultImporter) -> (artifact id: '2604281c525d8ba0a22ec95173a1d312') in 0.000362875 seconds
Start importing Packages/com.unity.shadergraph/Editor/Data/Nodes/Input/Gradient using Guid(6c3178830acf943f8bf39e5a651057f2) (DefaultImporter) -> (artifact id: 'db7f38216665322a8e5a5ce01306282d') in 0.000219083 seconds
Start importing Packages/com.unity.ugui/Runtime/UGUI/UI/Core/MaterialModifiers using Guid(7c6295db74da28645bf49db58b7c9c65) (DefaultImporter) -> (artifact id: 'c8309270d25389008b80d2680377db3a') in 0.000307 seconds
Start importing Packages/com.unity.shadergraph/Editor/Data/Nodes/Input/PBR using Guid(bc2d9fef9660c574dad26112f3061731) (DefaultImporter) -> (artifact id: '0ad0143f77d3be19a9418fc9daf652da') in 0.000203708 seconds
Start importing Packages/com.unity.shadergraph/Editor/Data/Nodes/Math/Round using Guid(4da29d4d0744f43f8aaa921918f1f879) (DefaultImporter) -> (artifact id: 'ec49d2869627292cf7abef91f2145a3d') in 0.000234625 seconds
Start importing Packages/com.unity.shadergraph/Editor/Generation/Targets/BuiltIn/ShaderLibrary using Guid(6dc0256bde5256e40b2e4aa65249dd1e) (DefaultImporter) -> (artifact id: 'cd272e0523f9514008ec24e1344568a6') in 0.0003605 seconds
Start importing Packages/com.unity.shadergraph/Editor/Generation/Targets/Canvas/Templates using Guid(8d975524f8a3461d922a2e20170a1194) (DefaultImporter) -> (artifact id: '284d64b3671c43365ede4abfda3228c7') in 0.000327583 seconds
Start importing Packages/com.unity.shadergraph/Editor/Data/Nodes/Input/Scene using Guid(ad6f48f5ba4c9a24ab7b9df345b45d6f) (DefaultImporter) -> (artifact id: '2002863ea7a821d4ec3c2cead5cbe834') in 0.000297542 seconds
Start importing Packages/com.unity.shadergraph/Editor/Data/Nodes/Artistic/Mask using Guid(cdb8c403de0823942a95a464c32ad0f0) (DefaultImporter) -> (artifact id: '315ff0612b1fcc3d7617d24867761135') in 0.000437541 seconds
Start importing Packages/com.unity.render-pipelines.universal/Editor/VFXGraph/Shaders/Templates/ParticlePlanarPrimitivesLit using Guid(2eda2aff451e93441b6b576a8db601a3) (DefaultImporter) -> (artifact id: '8c5a94ccae47a2769f52325f4dd4086d') in 0.000239833 seconds
Start importing Packages/com.unity.shadergraph/Editor/Data/Nodes/Input/Geometry using Guid(5e9138df313dc9e4fa20f92625c26b59) (DefaultImporter) -> (artifact id: 'fb14554f246e639541860d6edef39879') in 0.000201167 seconds
Start importing Packages/com.unity.shadergraph/Editor/Data/Nodes/Procedural/Noise using Guid(3f074934a38b41c4ea34460933733201) (DefaultImporter) -> (artifact id: 'cf3de78c3d907c4626cda83f799a6190') in 0.000348167 seconds
Start importing Packages/com.unity.shadergraph/Editor/Generation/Targets/BuiltIn/Editor using Guid(5f2f816913824e14396c945dc22a5ad1) (DefaultImporter) -> (artifact id: 'dc0f5c7974476b20e6ac5231b773902c') in 0.000230958 seconds
Start importing Packages/com.unity.shadergraph/Editor/Generation/Targets/UITK/Templates using Guid(9fbee1430c92c48f793957a37a515e30) (DefaultImporter) -> (artifact id: '3e03a98d91b96130764231e31f60c40e') in 0.000289417 seconds
Start importing Packages/com.unity.shadergraph/Editor/Data/Nodes/Math/Matrix using Guid(bfc8dbcaa9711c945b8fd983b819335d) (DefaultImporter) -> (artifact id: 'cbb6f8c8febc26e0639d38e14c5d4dc1') in 0.000182583 seconds
Start importing Packages/com.unity.ugui/Runtime/UGUI/UI/Core/VertexModifiers using Guid(cfa73a847eeff06448bb50a8ac6a94e0) (DefaultImporter) -> (artifact id: '4854c52cecabffb60fdd5ed9e9763c1c') in 0.000319958 seconds
Start importing Packages/com.unity.shadergraph/Editor/Generation/Targets/BuiltIn/Editor/ShaderGUI using Guid(045465d8500b94f469580f232db2929f) (DefaultImporter) -> (artifact id: 'fce3883aa16464bcd42ead6194acb245') in 0.000275 seconds
Start importing Packages/com.unity.shadergraph/Editor/Generation/Targets/BuiltIn/ShaderLibrary/Shim using Guid(78c9ad9712dcd8a4d9ed0770a8fe6cc7) (DefaultImporter) -> (artifact id: 'c253dcc663c9d3d7c13514a1ecd4f5ad') in 0.000430166 seconds
Start importing Packages/com.unity.shadergraph/Editor/Generation/Targets/BuiltIn/Editor/ShaderGraph using Guid(aa741e0e92d3608409867b98aabf2070) (DefaultImporter) -> (artifact id: 'cf681a801cd417be53829fff9652fa69') in 0.000285708 seconds
Start importing Packages/com.unity.shadergraph/Editor/Generation/Targets/BuiltIn/Editor/AssetPostProcessors using Guid(ff73c880c054e8c40b71704dbc0c1beb) (DefaultImporter) -> (artifact id: '2214c13c79dcf19c55c6de22528faf84') in 0.000320083 seconds
Start importing Packages/com.unity.shadergraph/Editor/Generation/Targets/BuiltIn/Editor/ShaderGraph/Templates using Guid(e9e01eb1ed43ca346a8389fc15adb62d) (DefaultImporter) -> (artifact id: 'b485424ba8d48630e34ecf0c9d4a9e78') in 0.000285625 seconds
Start importing Packages/com.unity.shadergraph/Editor/Generation/Targets/BuiltIn/Editor/ShaderGraph/Includes using Guid(0b48c6912333f1a4fa13346aaf390d56) (DefaultImporter) -> (artifact id: 'ea729a8a9a3284a28a5d027a307ef371') in 0.000285125 seconds
Start importing Packages/com.unity.shadergraph/Editor/Generation/Targets/BuiltIn/Editor/ShaderGraph/Targets using Guid(6d8d9b2bfb6f27b478e969b90661882b) (DefaultImporter) -> (artifact id: '19a08b79413cd741d8d82fcac9152c80') in 0.000268459 seconds
Start importing Packages/com.unity.shadergraph/Editor/Generation/Targets/BuiltIn/Editor/ShaderGraph/AssetCallbacks using Guid(cebe13fbe292c6648ae282c4ce3908e8) (DefaultImporter) -> (artifact id: '535c073f6df816f96d32bed8551517ea') in 0.000239917 seconds
Start importing Packages/com.unity.test-framework/Tests/TestNewCustomAssembly/TestNewCustomAssembly.asmdef using Guid(005d90528beb64e71b011a6207806ed5) (AssemblyDefinitionImporter) -> (artifact id: 'fdab9d5d4dfc6a2d471dd347f8a4173e') in 0.000935833 seconds
Start importing Packages/com.unity.ugui/Runtime/TMP/Unity.TextMeshPro.asmdef using Guid(6055be8ebefd69e48b49212b09b47b2f) (AssemblyDefinitionImporter) -> (artifact id: '755faf4d872606cabacec4dfdc775f71') in 0.000743167 seconds
Start importing Packages/com.unity.mathematics/Tests/Unity.Mathematics.Tests.asmdef using Guid(904d80dccad704a3f95e42bd0ad5d960) (AssemblyDefinitionImporter) -> (artifact id: '83da058a45d0931d86d85312db6af234') in 0.001060834 seconds
Start importing Packages/com.unity.test-framework.performance/Runtime/Unity.PerformanceTesting.asmdef using Guid(c0dd0d10738d4ad4a9de57c559d0ca1b) (AssemblyDefinitionImporter) -> (artifact id: 'c2f2dd64096bf6690291e63e9be8d050') in 0.000869 seconds
Start importing Packages/com.unity.collections/Unity.Collections/Unity.Collections.asmdef using Guid(e0cd26848372d4e5c891c569017e11f1) (AssemblyDefinitionImporter) -> (artifact id: '7f0a8b2f27dfe32928c382e08c6aaf28') in 0.000830333 seconds
Start importing Packages/com.unity.render-pipelines.core/Runtime/UnifiedRayTracing/Unity.UnifiedRayTracing.Runtime.asmdef using Guid(214c0945bb158c940aada223f3223ee8) (AssemblyDefinitionImporter) -> (artifact id: '75b8eb3a34bb4a5831687e228be628e1') in 0.000765292 seconds
Start importing Packages/com.unity.render-pipelines.universal/Runtime/2D/Unity.RenderPipelines.Universal.2D.Runtime.asmdef using Guid(516a5277b8c3b4f4c8cc86b77b1591ff) (AssemblyDefinitionImporter) -> (artifact id: 'd71084e6528cbd01f96349869b3d2ca3') in 0.000986542 seconds
Start importing Packages/com.unity.render-pipelines.universal-config/Tests/Editor/Unity.RenderPipelines.Universal.Config.Editor.Tests.asmdef using Guid(71747feda1cfa634686086b1914eacb6) (AssemblyDefinitionImporter) -> (artifact id: '4f6dae6761868279602fcf93e18986ae') in 0.000756375 seconds
Start importing Packages/com.unity.render-pipelines.universal/Editor/2D/Overrides/Unity.RenderPipelines.Universal.2D.Editor.Overrides.asmdef using Guid(71872915d7faaaf47a5587bce19d5214) (AssemblyDefinitionImporter) -> (artifact id: '7674f44e206bd81260f9f4f05d1ccc8a') in 0.000775208 seconds
Start importing Packages/com.unity.collections/DocCodeSamples.Tests/DocCodeSamples.Tests.asmdef using Guid(d1fecb7e41996c7468b18df518b721d9) (AssemblyDefinitionImporter) -> (artifact id: '1a8619bbc01a5900ee57a31b93035af9') in 0.000774375 seconds
Start importing Packages/com.unity.mathematics/Unity.Mathematics.Editor/Unity.Mathematics.Editor.asmdef using Guid(329b4ccd385744985bf3f83cfd77dfe7) (AssemblyDefinitionImporter) -> (artifact id: '1973905c62ef572f27533f2f433032d1') in 0.000566584 seconds
Start importing Packages/com.unity.ugui/Runtime/InternalBridge/Unity.InternalAPIEngineBridge.004.asmdef using Guid(43b111c4a445f446abd2c02e77750ff5) (AssemblyDefinitionImporter) -> (artifact id: '7768f0299b485d6ebc39eb408ad5c375') in 0.000674666 seconds
Start importing Packages/com.unity.searcher/Tests/Editor/Unity.Searcher.EditorTests.asmdef using Guid(432b70115e987f44abb984cfe7de384f) (AssemblyDefinitionImporter) -> (artifact id: '89ea5603e896e4c9d6b3f507d0b1a9b6') in 0.002063834 seconds
Start importing Packages/com.unity.ugui/Editor/Analytics/UnityEditor.UI.Analytics.asmdef using Guid(8394c018a82352f41ae354f7bdad54e3) (AssemblyDefinitionImporter) -> (artifact id: '51a42a6dc598d685998182f7c5c967c4') in 0.001545792 seconds
Start importing Packages/com.unity.ugui/Editor/UGUI/UnityEditor.UI.asmdef using Guid(343deaaf83e0cee4ca978e7df0b80d21) (AssemblyDefinitionImporter) -> (artifact id: 'af08ec8d4d031bbff740ba61300146c5') in 0.000599291 seconds
Start importing Packages/com.unity.collections/Unity.Collections.PerformanceTests/Unity.Collections.PerformanceTests.asmdef using Guid(64222b0d0713a412f92762e2fccd795a) (AssemblyDefinitionImporter) -> (artifact id: '85687e5429e2e22bffc7a464564f3a88') in 0.000674 seconds
Start importing Packages/com.unity.render-pipelines.universal/Shaders/Unity.RenderPipelines.Universal.Shaders.asmdef using Guid(b4517ec124862cb4bb3b8b27d72843a6) (AssemblyDefinitionImporter) -> (artifact id: '6191385f0a4f4b3ad31e465dafc68221') in 0.000567792 seconds
Start importing Assets/Piglet/Piglet.asmdef using Guid(b47e40ab5d617e24989e362542a01644) (AssemblyDefinitionImporter) -> (artifact id: '0272e321d3af7b9b1ec6ac71ffc48991') in 0.00061225 seconds
Start importing Packages/com.unity.render-pipelines.universal/Runtime/Unity.RenderPipelines.Universal.Runtime.asmdef using Guid(15fc0a57446b3144c949da3e2b9737a9) (AssemblyDefinitionImporter) -> (artifact id: '66fd63a54e47fccbdb7cd0a22b50a818') in 0.000715916 seconds
Start importing Packages/com.unity.ugui/Editor/TMP/Unity.TextMeshPro.Editor.asmdef using Guid(6546d7765b4165b40850b3667f981c26) (AssemblyDefinitionImporter) -> (artifact id: '9560f464d4c68b2cd231f1d640031561') in 0.00071025 seconds
Start importing Packages/com.unity.ugui/Tests/Editor/TMP/Unity.TextMeshPro.Editor.Tests.asmdef using Guid(656e461844099ae43a609ff6109b0877) (AssemblyDefinitionImporter) -> (artifact id: '30072da98643a3dd2fb6cd04c1e7f82b') in 0.000960583 seconds
Start importing Packages/com.unity.render-pipelines.universal/Editor/Unity.RenderPipelines.Universal.Editor.asmdef using Guid(c579267770062bf448e75eb160330b7f) (AssemblyDefinitionImporter) -> (artifact id: '7cb3cc729604c778768e0366366b67b5') in 0.000942542 seconds
Start importing Packages/com.unity.burst/Runtime/Unity.Burst.asmdef using Guid(2665a8d13d1b3f18800f46e256720795) (AssemblyDefinitionImporter) -> (artifact id: '85eefb398227b4dd1c2deef7bd0db3fa') in 0.000739291 seconds
Start importing Packages/com.unity.render-pipelines.universal/Tests/Editor/Unity.RenderPipelines.Universal.Editor.Tests.asmdef using Guid(36d514892e55d4340b470c29fcab8b44) (AssemblyDefinitionImporter) -> (artifact id: '3c2ef47c9d5df3f9ee1a95dd4dcfe021') in 0.000603 seconds
Start importing Packages/com.unity.render-pipelines.core/ShaderLibrary/Unity.RenderPipelines.Core.ShaderLibrary.asmdef using Guid(46a67ded66a63de48b9329c593fc08de) (AssemblyDefinitionImporter) -> (artifact id: '88c81854edd64281b7f0d7178ab1a6ed') in 0.0006545 seconds
Start importing Packages/com.unity.render-pipelines.universal-config/Runtime/Unity.RenderPipelines.Universal.Config.Runtime.asmdef using Guid(86bc95e6fdb13ff43aa04316542905ae) (AssemblyDefinitionImporter) -> (artifact id: '9cef1563a20fdccfdcaa571ada2132b3') in 0.000642875 seconds
Start importing Packages/com.unity.collections/Unity.Collections.Editor/Unity.Collections.Editor.asmdef using Guid(c668b7a00ffe56a498ddb1fc9f96f4e6) (AssemblyDefinitionImporter) -> (artifact id: '6bc15c8fa61aa95b440c3e8be43f6378') in 0.000494791 seconds
Start importing Packages/com.unity.test-framework/UnityEngine.TestRunner/UnityEngine.TestRunner.asmdef using Guid(27619889b8ba8c24980f49ee34dbb44a) (AssemblyDefinitionImporter) -> (artifact id: '4e99211f6fa79279dcc82bfb5cb90702') in 0.000703542 seconds
Start importing Packages/com.unity.burst/Editor/Unity.Burst.Editor.asmdef using Guid(b75d3cd3037d383a8d1e2f9a26d73d8a) (AssemblyDefinitionImporter) -> (artifact id: 'e46244b77da178d6ef504f177967ff9d') in 0.00058775 seconds
Start importing Packages/com.unity.render-pipelines.core/Editor/UnifiedRayTracing/Unity.UnifiedRayTracing.Editor.asmdef using Guid(085cb502223da8f46931abfa47535112) (AssemblyDefinitionImporter) -> (artifact id: '079580a6c88c05344b24e0ce9504509a') in 0.000617542 seconds
Start importing Packages/com.unity.mathematics/Unity.Mathematics/Unity.Mathematics.asmdef using Guid(d8b63aba1907145bea998dd612889d6b) (AssemblyDefinitionImporter) -> (artifact id: '6e50b0b6076b0521e9640933c3861a6b') in 0.000460625 seconds
Start importing Packages/com.unity.searcher/Editor/Unity.Searcher.Editor.asmdef using Guid(4988cf9794f41d64c884876ab6574b89) (AssemblyDefinitionImporter) -> (artifact id: 'bb8f3049b4230649a4aedd823dcc1d23') in 0.000644125 seconds
Start importing Packages/com.unity.render-pipelines.core/Runtime-PrivateShared/Unity.RenderPipelines.Core.Runtime.Shared.asmdef using Guid(69257879134bba646869b21467b3338d) (AssemblyDefinitionImporter) -> (artifact id: '480ce6acd9d8c4d20976659955f4308e') in 0.001012334 seconds
Start importing Packages/com.unity.ugui/Tests/Runtime/UGUI/UnityEngine.UI.Tests.asmdef using Guid(e9745f6a32442194c8dc5a43e9ab86f9) (AssemblyDefinitionImporter) -> (artifact id: '671361ac3978847d29e63ee1cf5da131') in 0.000844291 seconds
Start importing Packages/com.unity.test-framework/UnityEditor.TestRunner/UnityEditor.TestRunner.asmdef using Guid(0acc523941302664db1f4e527237feb3) (AssemblyDefinitionImporter) -> (artifact id: 'a37885b78cc3bc346b8ba1ba7dd76b0c') in 0.000651291 seconds
Start importing Packages/com.unity.render-pipelines.core/Editor-PrivateShared/Unity.RenderPipelines.Core.Editor.Shared.asmdef using Guid(2a69708d171a17043a9d0ad45f205cfe) (AssemblyDefinitionImporter) -> (artifact id: '513d6407ee23ffbf8f638a98caffad35') in 0.000874709 seconds
Start importing Packages/com.unity.nuget.mono-cecil/Tests/Editor/Unity.Nuget.Mono-Cecil.Editor.Tests.asmdef using Guid(aaf6804a66b394e9b8c133f80fc0c3e3) (AssemblyDefinitionImporter) -> (artifact id: 'da68f2703bc1ca23075f378c49f2fbf2') in 0.000724834 seconds
Start importing Assets/Piglet/Editor/Test/PigletEditorTest.asmdef using Guid(ca4a6bcfe45d4ba458cee312091505ad) (AssemblyDefinitionImporter) -> (artifact id: 'a41a9233b3e66bf6d122af8d2c909275') in 0.00084475 seconds
Start importing Packages/com.unity.ugui/Runtime/UGUI/UnityEngine.UI.asmdef using Guid(2bafac87e7f4b9b418d9448d219b01ab) (AssemblyDefinitionImporter) -> (artifact id: '535f7aafa4dd215a60024f56978e8d8a') in 0.000803625 seconds
Start importing Packages/com.unity.collections/Unity.Collections.CodeGen/Unity.Collections.CodeGen.asmdef using Guid(8baa6eabecd47164e94a1eb92b18f394) (AssemblyDefinitionImporter) -> (artifact id: '846177d53e146c4c5e8e8f20dc245d31') in 0.000667667 seconds
Start importing Packages/com.unity.render-pipelines.universal/ShaderLibrary/Unity.RenderPipelines.Universal.ShaderLibrary.asmdef using Guid(ab67fb10353d84448ac887a7367cbda8) (AssemblyDefinitionImporter) -> (artifact id: 'e05756c6f8927df7f54671b595111c66') in 0.000639083 seconds
Start importing Packages/com.unity.ugui/Tests/Runtime/TMP/Unity.TextMeshPro.Tests.asmdef using Guid(bb05cab7d802aa5468f8f2f86840d984) (AssemblyDefinitionImporter) -> (artifact id: '89d48fa439e205f5072672939dd03b3e') in 0.000680209 seconds
Start importing Packages/com.unity.render-pipelines.core/Tests/Editor/UnifiedRayTracing/Unity.UnifiedRayTracing.Editor.Tests.asmdef using Guid(cb16ddcad9e86c047a91282ca9c48140) (AssemblyDefinitionImporter) -> (artifact id: '628ace8710dd40ee2d81920afc4e6053') in 0.000744625 seconds
Start importing Packages/com.unity.collections/Unity.Collections.Tests/Unity.Collections.Tests.asmdef using Guid(ebbea1c70c20149eea64c53647a70872) (AssemblyDefinitionImporter) -> (artifact id: '3baf4d90a5e8be9292666bcf4bb210a8') in 0.0006705 seconds
Start importing Packages/com.unity.ugui/Tests/Editor/UGUI/UnityEditor.UI.EditorTests.asmdef using Guid(7c04f0dfa9243c04681a55d90d3ff3fc) (AssemblyDefinitionImporter) -> (artifact id: 'b0030b2b8f67d12eacbc22c1af1fbac4') in 0.000579583 seconds
Start importing Packages/com.unity.burst/Unity.Burst.CodeGen/Unity.Burst.CodeGen.asmdef using Guid(9c6dda6c7922c624cb7ea9a7f1c7d54a) (AssemblyDefinitionImporter) -> (artifact id: 'eb3bc11260a8fcd65d70d890e37dcb3e') in 0.000678459 seconds
Start importing Packages/com.unity.render-pipelines.universal/Tests/Runtime/Unity.RenderPipelines.Universal.Runtime.Tests.asmdef using Guid(bc3b0daec27db604caf7fec37e54bf6d) (AssemblyDefinitionImporter) -> (artifact id: '436dd58c67285f10c0cf7226a8728c34') in 0.000874125 seconds
Start importing Packages/com.unity.shadergraph/Editor/Utilities/Unity.ShaderGraph.Utilities.asmdef using Guid(ade7125e800904674ba0c115208f7ed5) (AssemblyDefinitionImporter) -> (artifact id: '7d7897f0088946ca627ada83f581e955') in 0.000699208 seconds
Start importing Packages/com.unity.render-pipelines.core/Editor/Unity.RenderPipelines.Core.Editor.asmdef using Guid(3eae0364be2026648bf74846acb8a731) (AssemblyDefinitionImporter) -> (artifact id: '292149eedf6619fa585bc1918e8922cc') in 0.000693959 seconds
Start importing Packages/com.unity.collections/Unity.Collections.Tests.Playmode/Unity.Collections.Tests.Playmode.asmdef using Guid(5e96082520aa86a458e400b89afe93a4) (AssemblyDefinitionImporter) -> (artifact id: '65c569c38afdbfab5216345d05358d3d') in 0.000663458 seconds
Start importing Packages/com.unity.render-pipelines.core/Tests/Editor/Unity.RenderPipelines.Core.Editor.Tests.asmdef using Guid(6e5480588ffa37d4f82fe96c45e8ce9c) (AssemblyDefinitionImporter) -> (artifact id: '2d5c869e2dd027ccd2a7e1074912959e') in 0.000622875 seconds
Start importing Packages/com.unity.shadergraph/Editor/Unity.ShaderGraph.Editor.asmdef using Guid(be0903cd8e1546f498710afdc59db5eb) (AssemblyDefinitionImporter) -> (artifact id: '2d8aef6ecc2897bc9629facf58400a6a') in 0.000763334 seconds
Start importing Packages/com.unity.shadergraph/ShaderGraphLibrary/Unity.RenderPipelines.ShaderGraph.ShaderGraphLibrary.asmdef using Guid(de1079f91ae5b43499b7c7e4f1269884) (AssemblyDefinitionImporter) -> (artifact id: '82c53abbd4abeb18666172127bbe11c8') in 0.000753 seconds
Start importing Packages/com.unity.render-pipelines.universal/Editor/Converter/PPv2/PPv2ToURPConvertersDefinition.asmdef using Guid(3fa284cf2189b184e8d506b83da68377) (AssemblyDefinitionImporter) -> (artifact id: '33775e319c60b03ff66fb8982273c15f') in 0.000797417 seconds
Start importing Packages/com.unity.render-pipelines.core/Runtime/GPUDriven/Unity.RenderPipelines.GPUDriven.Runtime.asmdef using Guid(4fd6538c1c56b409fb53fdf0183170ec) (AssemblyDefinitionImporter) -> (artifact id: 'b7f5da54d8e616155ed00ede38c3a237') in 0.000693792 seconds
Start importing Packages/com.unity.collections/Unity.Collections.BurstCompatibilityGen/Unity.Collections.BurstCompatibilityGen.asmdef using Guid(4f5c0c83dfd6a0743834baba2b4de79e) (AssemblyDefinitionImporter) -> (artifact id: '505feba69963f786b63bdb543f411c0d') in 0.00062525 seconds
Start importing Packages/com.unity.test-framework.performance/Editor/Unity.PerformanceTesting.Editor.asmdef using Guid(9f843d4b38153f04b9cee0502d568525) (AssemblyDefinitionImporter) -> (artifact id: '6d2e8d0f852b16c97ddef5690b9603f2') in 0.000626625 seconds
Start importing Packages/com.unity.render-pipelines.core/Tests/Runtime/Unity.RenderPipelines.Core.Runtime.Tests.asmdef using Guid(bf043f86dbf1bda4398ec83eebe40b8c) (AssemblyDefinitionImporter) -> (artifact id: '1ab1ec1a13e5ce85bba7a7aa360e016c') in 0.000574042 seconds
Start importing Packages/com.unity.shadergraph/Tests/Editor/Unity.ShaderGraph.Editor.Tests.asmdef using Guid(bf9b048907d0a604eab6a5552630c26d) (AssemblyDefinitionImporter) -> (artifact id: '3ecebf84478400b3eadd02de68a58724') in 0.0005575 seconds
Start importing Assets/Piglet/Editor/PigletEditor.asmdef using Guid(cfe3f7b58f8481e44957756f0ab67de3) (AssemblyDefinitionImporter) -> (artifact id: '0e7aca3982cd3dee24a17b039456841e') in 0.000574167 seconds
Start importing Packages/com.unity.render-pipelines.core/Runtime/Unity.RenderPipelines.Core.Runtime.asmdef using Guid(df380645f10b7bc4b97d4f5eb6303d95) (AssemblyDefinitionImporter) -> (artifact id: 'fc03c746fc3a6bd60799dae584ef9138') in 0.000590583 seconds
Start importing Packages/com.unity.collections/Unity.Collections.PerformanceTests.Internal/Unity.Collections.PerformanceTests.Internal.asmref using Guid(e064d25778ff3b249a575bb25f2eaf3e) (AssemblyDefinitionReferenceImporter) -> (artifact id: 'e570bbcc5979b1f9c0df80f9aef6e44f') in 0.000939708 seconds
Start importing Packages/com.unity.burst/Runtime/Editor/Unity.Burst.ForEditor.asmref using Guid(268a64be2367b3248a24f317d458861a) (AssemblyDefinitionReferenceImporter) -> (artifact id: '591b7b5414723d61248373c21d2cf837') in 0.000682666 seconds
Start importing Packages/com.unity.modules.ui/package.ModuleCompilationTrigger using Guid(51fa60bb2bd1e5bc74e8cc95a7bfd5b7) (DefaultImporter) -> (artifact id: '237e32f9541121b786ca4b06eace0dfe') in 0.052382958 seconds
Start importing Packages/com.unity.modules.assetbundle/package.ModuleCompilationTrigger using Guid(222fc39b0c85d800342910da2cd64781) (DefaultImporter) -> (artifact id: '9a6a8c4ae725acd0e4d082b2f7469352') in 0.001519791 seconds
Start importing Packages/com.unity.modules.unitywebrequest/package.ModuleCompilationTrigger using Guid(d2ec2d1228c8e67cdd913cb5609176a2) (DefaultImporter) -> (artifact id: '8af4f3e306c0241d03204a437a8fc5e0') in 0.00064925 seconds
Start importing Packages/com.unity.modules.terrain/package.ModuleCompilationTrigger using Guid(23032f4383e95e772bce465c5896d0fd) (DefaultImporter) -> (artifact id: '491a7f75d3e9187fba07a3d515b1da29') in 0.000376416 seconds
Start importing Packages/com.unity.modules.imageconversion/package.ModuleCompilationTrigger using Guid(830a36a23cf3ab1e61fa47940a6dc35e) (DefaultImporter) -> (artifact id: 'ee0f0c801f95c19382d8b454dc7586e1') in 0.000362208 seconds
Start importing Packages/com.unity.modules.unitywebrequesttexture/package.ModuleCompilationTrigger using Guid(a31a332ce3485f00f7df8d987302a29c) (DefaultImporter) -> (artifact id: '5b56561b2c8cae5c48817dca1565364f') in 0.000331458 seconds
Start importing Packages/com.unity.modules.audio/package.ModuleCompilationTrigger using Guid(042dc296246916648e55a43d0eeb2036) (DefaultImporter) -> (artifact id: '93cfeb7be8bf6df4dc4fc167223dc2d5') in 0.000353709 seconds
Start importing Packages/com.unity.modules.unitywebrequestaudio/package.ModuleCompilationTrigger using Guid(553737203d61a8109f9544a97201e1aa) (DefaultImporter) -> (artifact id: '29c8c1952ecab40326be6fe65bf2dc75') in 0.000401875 seconds
Start importing Packages/com.unity.modules.unitywebrequestassetbundle/package.ModuleCompilationTrigger using Guid(7610600f5c83e01041a6fe849d39279f) (DefaultImporter) -> (artifact id: '5ea653cc184754456a13dd8d09c34205') in 0.000406375 seconds
Start importing Packages/com.unity.modules.jsonserialize/package.ModuleCompilationTrigger using Guid(e6a135e3ea9cb46795d1b0e05ac3e1e5) (DefaultImporter) -> (artifact id: '8d26f1c211bce77f7cf17eccccd57b0d') in 0.000464959 seconds
Start importing Packages/com.unity.modules.androidjni/package.ModuleCompilationTrigger using Guid(c82e859b16636ddd2ca4a1f63fd34938) (DefaultImporter) -> (artifact id: '28e4fd36d397729ef98ce8a6b5fe53a2') in 0.000728 seconds
Start importing Packages/com.unity.modules.animation/package.ModuleCompilationTrigger using Guid(db8e609a39b9b231fccc54e5fa4cbd1b) (DefaultImporter) -> (artifact id: '76194af19b6b83e46d258b902c79f26f') in 0.000473042 seconds
Start importing Packages/com.unity.modules.physics/package.ModuleCompilationTrigger using Guid(5c1ee4056d0ac7ad3c5a16597fcaa38a) (DefaultImporter) -> (artifact id: '288b7a03d6481d4e92cee0ae908758ad') in 0.000395833 seconds
Start importing Packages/com.unity.modules.imgui/package.ModuleCompilationTrigger using Guid(be13c398521e3c1ad21fb9da30ab2ab6) (DefaultImporter) -> (artifact id: 'ea0574aa05344c7e80357502346d73fc') in 0.000334709 seconds
Refreshing native plugins compatible for Editor in 0.47 ms, found 0 plugins.
Native extension for iOS target not found
Native extension for Android target not found
Native extension for OSXStandalone target not found
ScheduleIndexationOnStartup MainProcess:True IndexOnStartup:True
Mono: successfully reloaded assembly
- Finished resetting the current domain, in  0.975 seconds
Domain Reload Profiling: 1503ms
	BeginReloadAssembly (251ms)
		ExecutionOrderSort (0ms)
		DisableScriptedObjects (9ms)
		BackupInstance (0ms)
		ReleaseScriptingObjects (0ms)
		CreateAndSetChildDomain (139ms)
	RebuildCommonClasses (28ms)
	RebuildNativeTypeToScriptingClass (11ms)
	initialDomainReloadingComplete (15ms)
	LoadAllAssembliesAndSetupDomain (223ms)
		LoadAssemblies (209ms)
		RebuildTransferFunctionScriptingTraits (0ms)
		AnalyzeDomain (88ms)
			TypeCache.Refresh (67ms)
				TypeCache.ScanAssembly (57ms)
			BuildScriptInfoCaches (14ms)
			ResolveRequiredComponents (5ms)
	FinalizeReload (975ms)
		ReleaseScriptCaches (0ms)
		RebuildScriptCaches (0ms)
		SetupLoadedEditorAssemblies (848ms)
			LogAssemblyErrors (0ms)
			InitializePlatformSupportModulesInManaged (25ms)
			SetLoadedEditorAssemblies (3ms)
			BeforeProcessingInitializeOnLoad (93ms)
			ProcessInitializeOnLoadAttributes (676ms)
			ProcessInitializeOnLoadMethodAttributes (50ms)
			AfterProcessingInitializeOnLoad (1ms)
			EditorAssembliesLoaded (0ms)
		ExecutionOrderSort2 (0ms)
		AwakeInstancesAfterBackupRestoration (13ms)
Start importing Library/BuildPlayer.prefs using Guid(00000000000000005000000000000000) (DefaultImporter) -> (artifact id: '083d37eb6b0e82b8f5c1ec86344d848d') in 0.004005125 seconds
Start importing Packages/com.unity.collections/Unity.Collections/NativeText.tt using Guid(50504580bca9eb0409fcceea1af68eb5) (DefaultImporter) -> (artifact id: 'a5109bcf497466eced9f00ce7e1e162b') in 0.029953125 seconds
Start importing Packages/com.unity.collections/Unity.Collections/FixedList.tt using Guid(f16da17e34bf5f149a196c3f6b32e37f) (DefaultImporter) -> (artifact id: 'b0d35de269c5038227fa7d1e35e21ec0') in 0.001494166 seconds
Start importing Packages/com.unity.collections/Unity.Collections/FixedStringFormat.tt using Guid(059659011adc4f67a43b9d9bcc5dfd01) (DefaultImporter) -> (artifact id: 'c2bf2f25fd87d9e9e655855a1a78df75') in 0.001056583 seconds
Start importing Packages/com.unity.collections/Unity.Collections.Tests/NativeSortTests.tt using Guid(175a9e4a17bf01748b02c5c1c653d091) (DefaultImporter) -> (artifact id: '48786ca6fcdf4c10dffeb4bcc9a82c22') in 0.000941833 seconds
Start importing Packages/com.unity.collections/Unity.Collections.Tests/FixedListTests.tt using Guid(775a8d1badc640e45a6030c3822a83d7) (DefaultImporter) -> (artifact id: 'b6f53d34cbfd07c22ecf5258a312e45f') in 0.000795041 seconds
Start importing Packages/com.unity.collections/Unity.Collections/FixedString.tt using Guid(0a845769eb1dc4f459f64e5c840d07de) (DefaultImporter) -> (artifact id: '90f88b549fef6887d60185cb9ee8b627') in 0.001025625 seconds
Start importing Packages/com.unity.collections/Unity.Collections.Tests.Playmode/FixedListPlayModeTests.tt using Guid(6a88e2cd1798bb445bc5517141684031) (DefaultImporter) -> (artifact id: '6864a3673eab7794683583d65b588122') in 0.000644458 seconds
Start importing Packages/com.unity.collections/Unity.Collections.Tests/FixedStringSizedTests.tt using Guid(0be05385fc513c143a5b5249b7ad6211) (DefaultImporter) -> (artifact id: 'a06b9c84b7d3325c563d6da495050ce2') in 0.057319875 seconds
Start importing Assets/Piglet/Extras/URP-Shaders-2020.2.unitypackage using Guid(2ba8ef0bb868f594096f5491ea111663) (DefaultImporter) -> (artifact id: '10f5c446d95f25faf9e99a16de6ba7a3') in 0.002860291 seconds
Start importing Packages/com.unity.collections/Unity.Collections/UnsafeParallelHashSetExtensions.tt using Guid(dbd3ca1753e44d04dbf3e27c3cfa4a1b) (DefaultImporter) -> (artifact id: '2450845c49fc2915713c347301baf1c3') in 0.000535042 seconds
Start importing Packages/com.unity.collections/Unity.Collections/FixedStringFormatMethods.tt using Guid(0cdef7b1946241588e9a3b52426940e4) (DefaultImporter) -> (artifact id: '4aaec8cf46a2ac790c1ffb0424c948f1') in 0.000404958 seconds
Start importing Packages/com.unity.ugui/Package Resources/TMP Examples & Extras.unitypackage using Guid(bc00e25696e4132499f56528d3fed2e3) (DefaultImporter) -> (artifact id: '36912524d77e494bff28eadb6545a86b') in 0.0005045 seconds
Start importing Assets/Piglet/Extras/URP-Shaders-2019.3.unitypackage using Guid(ec8845816eab8f849bfa6f23026cb07e) (DefaultImporter) -> (artifact id: '36e23540896ed0137bbe37721e20175b') in 0.000464459 seconds
Start importing Packages/com.unity.collections/Unity.Collections.Tests/NativeParallelHashSetTests.tt using Guid(edf89c00aa475ae48a7726b87fc0f00c) (DefaultImporter) -> (artifact id: '80855216be0f0b58845ccbe35203f4dc') in 0.000728791 seconds
Start importing Assets/Piglet/Documentation/build.sh using Guid(9edb65c790081d247aa00afb3e7bea19) (DefaultImporter) -> (artifact id: '5af66e88750142557e8e7b32f0d35d95') in 0.148023708 seconds
Start importing Packages/com.unity.collections/Unity.Collections.Tests/NativeHashSetTests.tt using Guid(bead43d474a87b742a2b136a8b41e26b) (DefaultImporter) -> (artifact id: 'd77850a3bcfba80d2c1d63a52b83c311') in 0.000960584 seconds
Start importing Packages/com.unity.ugui/Package Resources/TMP Essential Resources.unitypackage using Guid(ce4ff17ca867d2b48b5c8a4181611901) (DefaultImporter) -> (artifact id: 'c9b9d0e8e0d8a5df2fad0e13885ca7c4') in 0.00045275 seconds
Start importing Packages/com.unity.collections/Unity.Collections/NativeParallelHashSetExtensions.tt using Guid(6f9fa81af98728e4f8a0db3762124ff9) (DefaultImporter) -> (artifact id: '72a334b9489f4089aca6e542c7265419') in 0.000548875 seconds
Start importing Packages/com.unity.render-pipelines.universal/Editor/SceneTemplates/Basic.unity using Guid(e026d555eae824f65922633f37a14385) (DefaultImporter) -> (artifact id: '9f1bdaeb34bb7108b0481dfc9aaf52b7') in 0.000472166 seconds
Start importing Packages/com.unity.render-pipelines.universal/Editor/SceneTemplates/Indoors.unity using Guid(41b58a5346e82e4489f95a96a01905f4) (DefaultImporter) -> (artifact id: '1fcb82346aa8fbbcaecf0b86e24ffdda') in 0.00046725 seconds
Start importing Packages/com.unity.render-pipelines.universal/Editor/Terrain/TerrainBaseMapGenPass.template using Guid(4288d0244223deb429fef72cf614023d) (DefaultImporter) -> (artifact id: '5c651352aced87e2ebb525660059efa6') in 0.914616417 seconds
Start importing Packages/com.unity.mathematics/Unity.Mathematics/Noise/README using Guid(16687ba1ea1804a9fb7cb7c2410eab23) (DefaultImporter) -> (artifact id: '2929125107863164c206a89898b66aa5') in 0.000913084 seconds
Start importing Assets/Piglet/Documentation/pandoc-filters/code-block-captions.lua using Guid(17da6362939d01d4a85098b7c6a4b612) (DefaultImporter) -> (artifact id: '29cbd8a10726e390d24cfd3707d79964') in 0.106880333 seconds
Start importing Packages/com.unity.shadergraph/Editor/Importers/_.sgsubgraphdb using Guid(b7e9b48c3a9534782bdc85af295da963) (DefaultImporter) -> (artifact id: '5e78dbb5d8e92a3919b74b1976316e70') in 0.023702417 seconds
Start importing Packages/com.unity.mathematics/Unity.Mathematics/Noise/LICENSE using Guid(e8895079ca68e498482a3075d7e34508) (DefaultImporter) -> (artifact id: '2ccf915d0b12a895d154feb6c9e1bfa4') in 0.000818667 seconds
Start importing Assets/Piglet/Documentation/css/classless.css using Guid(19ae9b44f117cec4c98e3934ce51731a) (DefaultImporter) -> (artifact id: 'd5ee5eee7a67fc9e23b0343af34fe4a6') in 0.047103083 seconds
Start importing Packages/com.unity.render-pipelines.universal/Editor/Decal/DecalPass.template using Guid(39262bb9f1f65f040aefacd75fbd0e47) (DefaultImporter) -> (artifact id: '4b3f04044713a2446f12346afbea8e29') in 0.001198292 seconds
Start importing Assets/Piglet/Documentation/css/piglet.css using Guid(8b7cff4f75ee98940826d0ed6fe474bc) (DefaultImporter) -> (artifact id: '587616ee4a2a7e7d42647a32cb3787ed') in 0.00067475 seconds
Start importing Packages/com.unity.render-pipelines.universal/Editor/SceneTemplates/Standard.unity using Guid(5cae0d87369a2405eaa962b8d920b947) (DefaultImporter) -> (artifact id: '2acbe8b6e0af239b657d2bb8c96cc16d') in 0.000500458 seconds
Start importing Packages/com.unity.render-pipelines.core/Editor/CustomRenderTexture/CustomRenderTextureShader.template using Guid(6e1b69fb677bd95439f31bff8ca1c431) (DefaultImporter) -> (artifact id: '577601bc5d32ed10fd71da48720c6efc') in 0.0006115 seconds
Start importing Packages/com.unity.render-pipelines.universal/Editor/Terrain/TerrainPass.template using Guid(bf34598b1ba253f4ab82fc5cffbed1ba) (DefaultImporter) -> (artifact id: 'ec31e110522690b3ca3251213ae8cd18') in 0.000608 seconds
Start importing Packages/com.unity.render-pipelines.universal/Editor/ShaderGraph/Templates/ShaderPass.template using Guid(e0c1f3f375c6ee44da3982445ffb92a4) (DefaultImporter) -> (artifact id: '6bda623a03180ed25f09d4204d82682b') in 0.000553375 seconds
Start importing Packages/com.unity.render-pipelines.universal/Editor/VFXGraph/Shaders/VFXLit.template using Guid(b182b2f5194c5574eb1983f8bb8b3d04) (DefaultImporter) -> (artifact id: 'bad72b1e0ad09877d4b16acfa3e1fcad') in 0.000653666 seconds
Start importing Packages/com.unity.render-pipelines.universal/Editor/VFXGraph/Shaders/VFXDecal.template using Guid(d422a258210649e8bf5d57f759d8e5da) (DefaultImporter) -> (artifact id: '930ad73bba90316b0bae1fd0ace2618a') in 0.000506292 seconds
Start importing Assets/Piglet/Examples/RuntimeAnimation/Scenes/RuntimeAnimation.unity using Guid(d5ac8f9eced6e2a4c842f4a9992c3547) (DefaultImporter) -> (artifact id: 'a7e721791c410dc5e8d503d6e852f281') in 0.000375833 seconds
Start importing Packages/com.unity.render-pipelines.universal/Editor/VFXGraph/Shaders/VFXLitVaryings.template using Guid(56fd66c66c0d99848be7cc4829d45942) (DefaultImporter) -> (artifact id: 'f02bbf5928f76a646d0da95e8afc71e3') in 0.000444833 seconds
Start importing Packages/com.unity.render-pipelines.universal/Editor/VFXGraph/Shaders/VFXVertexProbeSampling.template using Guid(89944a86d17a433682835ec4b89dc07f) (DefaultImporter) -> (artifact id: 'a55d4e41d492c332f5be39ab7074eee0') in 0.000577958 seconds
Start importing Packages/com.unity.render-pipelines.universal/Editor/VFXGraph/Shaders/VFXSGSurfaceData.template using Guid(4c72c43322666bd4dbe58de9815b0639) (DefaultImporter) -> (artifact id: '7b7c96c8cae3620e4a88488b9c195b56') in 0.000578958 seconds
Start importing Packages/com.unity.shadergraph/Editor/Generation/Templates/PassMesh.template using Guid(1d356e56081caed46bb576bcdf392666) (DefaultImporter) -> (artifact id: '09c2e7d96225254d319c128e60dfeb06') in 0.000457375 seconds
Start importing Packages/com.unity.render-pipelines.universal/Editor/VFXGraph/Shaders/VFXPasses.template using Guid(3d707c2c34101af48b8dc0b38ea50a1f) (DefaultImporter) -> (artifact id: 'c452ea6340a1b92d788317df7cd68f74') in 0.000433958 seconds
Start importing Assets/Piglet/Examples/RuntimeImport/Scenes/RuntimeImport.unity using Guid(ce4342f8026937a45893d5210b46a121) (DefaultImporter) -> (artifact id: '903466e5f0f71cfa6940343ab4144c42') in 0.000421125 seconds
Start importing Packages/com.unity.render-pipelines.universal/Editor/VFXGraph/Shaders/VFXDecalVaryings.template using Guid(5fa2eae08a4a4852be54781bb3cf5736) (DefaultImporter) -> (artifact id: 'f8c0d5abc5cfec9d7fdc542aa2e93477') in 0.000468958 seconds
Start importing Packages/com.unity.render-pipelines.universal/Editor/VFXGraph/Shaders/Templates/VFXParticleMeshes.template using Guid(e1c9418ea80ea1f438a3b984293b811c) (DefaultImporter) -> (artifact id: '84a0a376d13b393e302487300ecb44f0') in 0.000580625 seconds
Start importing Packages/com.unity.render-pipelines.universal/Editor/VFXGraph/Shaders/Templates/VFXParticleLinesSW.template using Guid(349d67d896d33a54181e800b229b65ec) (DefaultImporter) -> (artifact id: '09c34b7bd80251814a71811c69ad587d') in 0.000517208 seconds
Start importing Packages/com.unity.render-pipelines.universal/Editor/VFXGraph/Shaders/Templates/VFXParticleBasicCube.template using Guid(6400081753199864e8880210a0c8ce24) (DefaultImporter) -> (artifact id: 'e2393cc3df9c4406cf269120455fd39b') in 0.000482208 seconds
Start importing Packages/com.unity.render-pipelines.universal/Editor/VFXGraph/Shaders/Templates/VFXParticleCube.template using Guid(16b454c8be4c1854fab1aa702812af16) (DefaultImporter) -> (artifact id: 'ee68e76b43db32a76c1779907168a5d3') in 0.000542333 seconds
Start importing Packages/com.unity.render-pipelines.universal/Editor/VFXGraph/Shaders/Templates/VFXParticleLitPlanarPrimitive.template using Guid(571ac9b288ab81e4c9c3aad150d6cb3e) (DefaultImporter) -> (artifact id: 'b76aa4ef9fa1d1062e93887e2d1d0883') in 0.000637583 seconds
Start importing Packages/com.unity.render-pipelines.universal/Editor/VFXGraph/Shaders/Templates/VFXParticlePoints.template using Guid(677f238dc37937045b856e9468e21666) (DefaultImporter) -> (artifact id: '3998e5f2e93d0711504d6a38b7c00d7c') in 0.00047325 seconds
Start importing Packages/com.unity.render-pipelines.universal/Editor/VFXGraph/Shaders/Templates/VFXParticleURPDecal.template using Guid(c7a8c3a8c44540639fe72b8ba1c8d176) (DefaultImporter) -> (artifact id: '4b19c7e034c2ebe4961bab1279edceb5') in 0.000406291 seconds
Start importing Packages/com.unity.render-pipelines.universal/Editor/VFXGraph/Shaders/Templates/VFXParticleDecal.template using Guid(b8fd50c1927bb714b8fe5141cb40f34a) (DefaultImporter) -> (artifact id: '573d12330f8280a50e77efd51834763d') in 0.000463583 seconds
Start importing Packages/com.unity.render-pipelines.universal/Editor/VFXGraph/Shaders/Templates/VFXParticleLinesHW.template using Guid(1c9e0e166435ac24eacc5a8f047aff75) (DefaultImporter) -> (artifact id: '019d5ce01901152435803675b00f96f5') in 0.000543833 seconds
Start importing Packages/com.unity.render-pipelines.universal/Editor/VFXGraph/Shaders/Templates/VFXPassDepthCommonFragmentLit.template using Guid(5e151e0faedc4a8ea681032f3bd79061) (DefaultImporter) -> (artifact id: '526f0464b3769fc48d4fe931feb60497') in 0.000370583 seconds
Start importing Packages/com.unity.render-pipelines.universal/Editor/VFXGraph/Shaders/Templates/VFXParticleLitMesh.template using Guid(7edabebf429ea534a8a5bbdf10b327d1) (DefaultImporter) -> (artifact id: 'c7835fc2e7c51394319b8feba76cc469') in 0.000560417 seconds
Start importing Packages/com.unity.shadergraph/Editor/Generation/Targets/CustomRenderTexture/CustomTextureSubShader.template using Guid(afa536a0de48246de92194c9e987b0b8) (DefaultImporter) -> (artifact id: 'a80c640364d273ee5c5f6ce4c327de7a') in 0.000636708 seconds
Start importing Packages/com.unity.render-pipelines.universal/Editor/VFXGraph/Shaders/Templates/VFXParticlePlanarPrimitive.template using Guid(bf2c8e09bda2786468d6b49e9f5422bb) (DefaultImporter) -> (artifact id: '23af9de992097ef304d75d1c380533df') in 0.000487583 seconds
Start importing Packages/com.unity.render-pipelines.universal/Editor/VFXGraph/Shaders/Templates/URPDecal/PassScreenSpace.template using Guid(4059f0b867f24f38b3d2baed5de3cc8c) (DefaultImporter) -> (artifact id: '07a60572266019ed67ff1532c68ebb13') in 0.000332042 seconds
Start importing Packages/com.unity.render-pipelines.universal/Editor/VFXGraph/Shaders/Templates/ParticlePlanarPrimitivesLit/PassVelocity.template using Guid(40cf578c410cce34895b4a55f12d31d1) (DefaultImporter) -> (artifact id: 'f6f7f4d542a1086c504babab28cab307') in 0.000583542 seconds
Start importing Packages/com.unity.render-pipelines.universal/Editor/VFXGraph/Shaders/Templates/ParticlePlanarPrimitives/PassForward2D.template using Guid(60e6c40c533c7ed4fbf6a90081f0e415) (DefaultImporter) -> (artifact id: '970420d39c3869852cdff492506749d1') in 0.000515792 seconds
Start importing Packages/com.unity.render-pipelines.universal/Editor/VFXGraph/Shaders/Templates/ParticlePoints/PassForward2D.template using Guid(909b99072e12b6248b33e572f4c04095) (DefaultImporter) -> (artifact id: '09cc7a28825484331710ceb0967a1ff0') in 0.000442209 seconds
Start importing Packages/com.unity.render-pipelines.universal/Editor/VFXGraph/Shaders/Templates/ParticlePlanarPrimitivesLit/PassSelection.template using Guid(01ac01709d809ff46966b98b9ec1104d) (DefaultImporter) -> (artifact id: '181618a4b5ec974888f42ddd08435b51') in 0.000697292 seconds
Start importing Packages/com.unity.render-pipelines.universal/Editor/VFXGraph/Shaders/Templates/ParticleMeshesLit/PassSelection.template using Guid(915f7a9ae9b5ab542b48b313dbf0489c) (DefaultImporter) -> (artifact id: '935caa3e58fc7b527a8e18dcf804b0d3') in 0.000542459 seconds
Start importing Packages/com.unity.render-pipelines.universal/Editor/VFXGraph/Shaders/Templates/URPDecal/PassDBuffer.template using Guid(b1a0121f4ab34ed9a0480537b0f8e6f5) (DefaultImporter) -> (artifact id: 'bad844d47b87afc232c9852eafbe1644') in 0.00037525 seconds
Start importing Packages/com.unity.render-pipelines.universal/Editor/VFXGraph/Shaders/Templates/ParticleLinesSW/PassForward2D.template using Guid(526188e7c1965614aa36043f95c18390) (DefaultImporter) -> (artifact id: '744592bda9a31e478ebe708b1c98ada8') in 0.000377291 seconds
Start importing Packages/com.unity.render-pipelines.universal/Editor/VFXGraph/Shaders/Templates/URPDecal/PassGBuffer.template using Guid(92bae492fd0c48fca15a3c15dc732416) (DefaultImporter) -> (artifact id: '51f5a05fc163c6dd87c66c22d51b9664') in 0.000370333 seconds
Start importing Packages/com.unity.render-pipelines.universal/Editor/VFXGraph/Shaders/Templates/ParticleMeshesLit/PassDepth.template using Guid(23f922a362522a540b38b85bb2a5353f) (DefaultImporter) -> (artifact id: '12ac5fcb2f97f770c3e57737a2de0281') in 0.000489667 seconds
Start importing Packages/com.unity.render-pipelines.universal/Editor/VFXGraph/Shaders/Templates/ParticleLines/PassForward2D.template using Guid(f3ec7f3c24cdbba49986aa6478b5867f) (DefaultImporter) -> (artifact id: 'ec9b43fad5b799cabf3a44d12f4ff06d') in 0.000508667 seconds
Start importing Packages/com.unity.render-pipelines.universal/Editor/VFXGraph/Shaders/Templates/ParticlePlanarPrimitivesLit/PassDepthNormal.template using Guid(341677e7847d0874abedb1fc1748b2cf) (DefaultImporter) -> (artifact id: 'ff2a11c073eeabbe98497708bae4a133') in 0.000517 seconds
Start importing Packages/com.unity.render-pipelines.universal/Editor/VFXGraph/Shaders/Templates/ParticleMeshesLit/PassDepthNormal.template using Guid(75feef1dfebc40e4697124cb20d3f4fe) (DefaultImporter) -> (artifact id: 'da99c9a692059cdcb6d1a5de2fe88c34') in 0.000580083 seconds
Start importing Packages/com.unity.render-pipelines.universal/Editor/VFXGraph/Shaders/Templates/ParticleMeshesLit/PassDepthOrMV.template using Guid(a55128324929eba40884977cd5c1669e) (DefaultImporter) -> (artifact id: 'b6da10492e111421945f3c9480373e26') in 0.000596042 seconds
Start importing Packages/com.unity.render-pipelines.universal/Editor/VFXGraph/Shaders/Templates/ParticlePlanarPrimitivesLit/PassDepthOrMV.template using Guid(e54411f64dc2beb43998b9727f62fa32) (DefaultImporter) -> (artifact id: '04e1670fc44488c26218cd02fdc4220f') in 0.000440125 seconds
Start importing Packages/com.unity.render-pipelines.universal/Editor/VFXGraph/Shaders/Templates/ParticleMeshesLit/PassGBuffer.template using Guid(268a144f637cfd343e3952cf770998d5) (DefaultImporter) -> (artifact id: 'ccf142561e72b73477efc487f24fd6c2') in 0.000536583 seconds
Start importing Packages/com.unity.render-pipelines.universal/Editor/VFXGraph/Shaders/Templates/ParticlePlanarPrimitivesLit/PassDepth.template using Guid(37d26d1c1d738be4cba8c98b84ff0da3) (DefaultImporter) -> (artifact id: 'aec52993caab66260b6595f3d5a327ce') in 0.000502042 seconds
Start importing Packages/com.unity.render-pipelines.universal/Editor/VFXGraph/Shaders/Templates/ParticleMeshesLit/Pass.template using Guid(77e942a6f106f7746bec78ed934de11a) (DefaultImporter) -> (artifact id: '795c475e9a008dd40323308636df20ae') in 0.000459833 seconds
Start importing Packages/com.unity.render-pipelines.universal/Editor/VFXGraph/Shaders/Templates/ParticleMeshesLit/PassForward.template using Guid(286d87cbf8c19c749b69078915c9be88) (DefaultImporter) -> (artifact id: '72411581046e9601a5b6e4c445d47389') in 0.000581666 seconds
Start importing Packages/com.unity.shadergraph/Editor/Generation/Targets/UITK/Templates/PassUI.template using Guid(3b060531fe7ce41768321dd4c68d7f75) (DefaultImporter) -> (artifact id: '7bae337eea473b69add3b2b58b83ccb8') in 0.000486625 seconds
Start importing Packages/com.unity.render-pipelines.universal/Editor/VFXGraph/Shaders/Templates/ParticleMeshesLit/PassVelocity.template using Guid(4b313a234ad620945b078e06349d46f5) (DefaultImporter) -> (artifact id: '9013b313b9df6bdef8f4451ae6f4a4d7') in 0.00046975 seconds
Start importing Packages/com.unity.render-pipelines.universal/Editor/VFXGraph/Shaders/Templates/URPDecal/PassForwardEmissive.template using Guid(6ca5883cd45940728412e0fa8e22403c) (DefaultImporter) -> (artifact id: '39538623c4c97f2173c2ee02d45b034f') in 0.000360417 seconds
Start importing Packages/com.unity.render-pipelines.universal/Editor/VFXGraph/Shaders/Templates/ParticleMeshes/PassForward2D.template using Guid(ec0dd9ca912a8824590a57224cabd290) (DefaultImporter) -> (artifact id: 'b5f29d0f9148e28ab79d66b2b163c766') in 0.00035175 seconds
Start importing Packages/com.unity.render-pipelines.universal/Editor/VFXGraph/Shaders/Templates/ParticleHexahedron/PassForward2D.template using Guid(2d6519c74f7a7584685798d2431960f2) (DefaultImporter) -> (artifact id: 'd1c3696d1da1ee236da0edf3575f144f') in 0.000327625 seconds
Start importing Packages/com.unity.render-pipelines.universal/Editor/VFXGraph/Shaders/Templates/ParticlePlanarPrimitivesLit/PassShadowCaster.template using Guid(7d07176ae506b05458500c8aa695d90e) (DefaultImporter) -> (artifact id: '29c684e0508e2294bf1e0b591d0488e6') in 0.000451208 seconds
Start importing Packages/com.unity.shadergraph/Editor/Generation/Targets/Fullscreen/Templates/ShaderPass.template using Guid(0ed3a57e16f0259448e5b68a210e991a) (DefaultImporter) -> (artifact id: '78151dbd8272eaeb6b1df453b6a6db6d') in 0.000489584 seconds
Start importing Packages/com.unity.render-pipelines.universal/Editor/VFXGraph/Shaders/Templates/ParticleMeshesLit/PassShadowCaster.template using Guid(9e62eb3c33b50c54badb6f7cd6eb7a8c) (DefaultImporter) -> (artifact id: 'a4b58c87e503ab7fb34a7fe05bd32e4e') in 0.00046775 seconds
Start importing Packages/com.unity.render-pipelines.universal/Editor/VFXGraph/Shaders/Templates/ParticlePlanarPrimitivesLit/PassGBuffer.template using Guid(9efeaf56a8f5826418111f0d669150c1) (DefaultImporter) -> (artifact id: 'f024adfe46ae11dee895345e8ad40b67') in 0.000516917 seconds
Start importing Packages/com.unity.shadergraph/Editor/Generation/Targets/Canvas/Templates/PassUI.template using Guid(3fa60ca3757a4221b2b042165c4696fe) (DefaultImporter) -> (artifact id: '02341a1054ba2bad7c33655f8c614c91') in 0.000519541 seconds
Start importing Packages/com.unity.render-pipelines.universal/Editor/VFXGraph/Shaders/Templates/ParticlePlanarPrimitivesLit/PassForward.template using Guid(5fa54a2ce1bced448b6bd9cfcac6c25d) (DefaultImporter) -> (artifact id: 'e053bca6c3b718f4d082af0c7275f128') in 0.000459584 seconds
Start importing Packages/com.unity.shadergraph/Editor/Generation/Targets/BuiltIn/Editor/ShaderGraph/Templates/ShaderPass.template using Guid(37dc84a050227a648b8474dd029e1729) (DefaultImporter) -> (artifact id: 'a693b64109150471c0d06f5630441a30') in 0.000477375 seconds
Start importing Packages/com.unity.render-pipelines.core/Editor/PostProcessing/LensFlareResource/PolygonFlareThumbnail@2x.png using Guid(0047263fa58f91d49a61936e94358829) (TextureImporter) -> (artifact id: '55d6db4a3c695ac5b23f13dcfe9effd0') in 0.005196791 seconds
Start importing Packages/com.unity.render-pipelines.core/Editor/Icons/MipLevels/RenderGraphViewer/d_Resources@32.png using Guid(00a734322b2ba1249b58c24b688b3108) (TextureImporter) -> (artifact id: '3b2a2dc103cc5703b6714d4ab80f6dd3') in 0.0014235 seconds
Start importing Packages/com.unity.render-pipelines.universal/Textures/BlueNoise16/L/LDR_LLL1_23.png using Guid(10b6c6d22e73dea46a8ab36b6eebd629) (TextureImporter) -> (artifact id: 'b6898504216305bd039e2a2c97613f63') in 0.001214958 seconds
Start importing Packages/com.unity.render-pipelines.universal/Textures/FilmGrain/Medium01.png using Guid(1097e90e1306e26439701489f391a6c0) (TextureImporter) -> (artifact id: '8e62ff9cc6d1ebe0c18b265efb6ffcd2') in 0.004932292 seconds
Start importing Packages/com.unity.render-pipelines.universal/Editor/2D/Resources/LightCapBottomRight.png using Guid(108e201829ab4214383a5467adbc0086) (TextureImporter) -> (artifact id: 'b517cebc02de67b53a5621d674c5cc40') in 0.001126 seconds
Start importing Packages/com.unity.render-pipelines.core/Editor/LookDev/Icons/CenterLight.png using Guid(3092b2985cafe0b43b1f02ce1d6829d5) (TextureImporter) -> (artifact id: '3b84adf6ee5131e795221270f0d9a74d') in 0.002750458 seconds
Start importing Packages/com.unity.render-pipelines.universal/Editor/2D/Resources/SceneViewIcons/ParametricLight.png using Guid(302e68dd45b9b2d4194ff0f7f454436f) (TextureImporter) -> (artifact id: '3e8a0ef4578ac66e51ec32fbdad6ad22') in 0.002505625 seconds
Start importing Packages/com.unity.render-pipelines.core/Editor/Lighting/Icons/d_LightPlacement_Icon On@64.png using Guid(304e9d79c27b32144a95e43dc6da80a2) (TextureImporter) -> (artifact id: 'b5b2191fb8c0fbd8a7bfcbffe796421f') in 0.001349459 seconds
Start importing Assets/Piglet/Documentation/images/piglet-options-window.png using Guid(40d4e8f9488c9284298e48af99e23f2b) (TextureImporter) -> (artifact id: '8fa78d35706ab12d57445894ed370af5') in 0.003667791 seconds
Start importing Packages/com.unity.render-pipelines.core/Editor/LookDev/Icons/d_Layout2@2x.png using Guid(50f7a3e9878119a4da02f38cf05d75ba) (TextureImporter) -> (artifact id: '807a2e10af70ca1b3119d8b64f3ce71d') in 0.001548625 seconds
Start importing Packages/com.unity.shadergraph/Editor/Resources/GraphView/Nodes/NodeChevronRight@2x.png using Guid(50cbcd05e61c4e54ea797ec88e91f1b0) (TextureImporter) -> (artifact id: '527246dc41164ba98d1769402820313f') in 0.001466667 seconds
Start importing Packages/com.unity.render-pipelines.core/Editor/Lighting/Icons/LightUnitIcons/BlueSky.png using Guid(60d4d0573fefbf24198d33863004e7f9) (TextureImporter) -> (artifact id: 'e634714f664fa621c72e2f1ea5f7db4a') in 0.001003541 seconds
Start importing Packages/com.unity.render-pipelines.core/Editor/Icons/RenderGraphViewer/d_MultipleUsage.png using Guid(60e80b0fa23ea904b92263803d64319c) (TextureImporter) -> (artifact id: '8e235cd1972eb08d563f205d6fb5550f') in 0.0011935 seconds
Start importing Packages/com.unity.render-pipelines.core/Editor/LookDev/Icons/d_Camera1@2x.png using Guid(603d01d730be24147adda7897e463598) (TextureImporter) -> (artifact id: 'a80a703d58af57ac21d7a03a1ebd6792') in 0.001082916 seconds
Start importing Packages/com.unity.render-pipelines.universal/Editor/2D/Resources/SceneViewIcons/SpriteLight.png using Guid(70d16a5f04690d74ab9b1ddcbefd47bb) (TextureImporter) -> (artifact id: '40d2cba24c33a03db9b94fc149cc0af1') in 0.002340708 seconds
Start importing Packages/com.unity.shadergraph/GraphTemplates/Cross Pipeline/UnlitParticleTemplateThumbnail.png using Guid(70e6da54cdf71264da5954a5fe327e3a) (TextureImporter) -> (artifact id: '178de891b596647b460fca7062745279') in 0.093551041 seconds
Start importing Packages/com.unity.render-pipelines.core/Editor/Icons/RenderGraphViewer/Resources@2x.png using Guid(701c4a9737150564681d632d05a7a83e) (TextureImporter) -> (artifact id: '4c93014745138ef4ce8b81ddea1333c3') in 0.092753833 seconds
Start importing Packages/com.unity.render-pipelines.universal/Editor/ShaderGraph/GraphTemplates/UITKBasicTemplate.png using Guid(8052b80993fff1242975e48e123bb767) (TextureImporter) -> (artifact id: '2894c9f4559480bbfb5443ec523a8199') in 0.060472 seconds
Start importing Packages/com.unity.render-pipelines.core/Editor/LookDev/Icons/CenterLight@2x.png using Guid(8063050a249eef441beb8cbbd04c086c) (TextureImporter) -> (artifact id: '176d34f72a472700e82c0f6dfae3f67e') in 0.001757917 seconds
Start importing Packages/com.unity.render-pipelines.core/Editor/Lighting/Icons/LightUnitIcons/d_Overcast.png using Guid(80a48b3afafdc644fb4e3319f6f19fc8) (TextureImporter) -> (artifact id: '570e72c2041618758f08bdf18f4e18c7') in 0.001084083 seconds
Start importing Packages/com.unity.render-pipelines.core/Editor/PostProcessing/LensFlareResource/CircleFlareThumbnail.png using Guid(80b74a073fa3027458f3b3ff5346f10b) (TextureImporter) -> (artifact id: '8e54cb55ecead663ca4a589b919f580a') in 0.001422417 seconds
Start importing Packages/com.unity.render-pipelines.core/Editor/LookDev/Icons/d_LeftArrow@2x.png using Guid(90335e5423c010749a50f906b965fa54) (TextureImporter) -> (artifact id: 'c22b56d56591b4e5ade067c672d0357d') in 0.001185042 seconds
Start importing Packages/com.unity.render-pipelines.core/Editor/Lighting/Icons/LightUnitIcons/ClearSky@2x.png using Guid(a01d783415aa03a449e3408eb92d8505) (TextureImporter) -> (artifact id: 'a92bbfdd8419982e3addf05004bb0c90') in 0.001075666 seconds
Start importing Packages/com.unity.render-pipelines.core/Editor/Lighting/Icons/LightUnitIcons/Overcast.png using Guid(c0e6cc200fb1dda4388b13d9f5828d06) (TextureImporter) -> (artifact id: '8a5ccc4556fa44876c244717e365797d') in 0.001024334 seconds
Start importing Packages/com.unity.render-pipelines.universal/Textures/BlueNoise256/LDR_LLL1_2.png using Guid(c06cc21c692f94f5fb5206247191eeee) (TextureImporter) -> (artifact id: 'cf83a7e1c8c0f3babbafbd0e71d8ee7c') in 0.002499333 seconds
Start importing Packages/com.unity.render-pipelines.core/Editor/Lighting/Icons/LightUnitIcons/d_SoftAreaLight@2x.png using Guid(e0171afec971f2343be8d5b4b14ab6eb) (TextureImporter) -> (artifact id: '8ae0c5da3ca2b2b6ba4a3874e0540029') in 0.001301167 seconds
Start importing Packages/com.unity.searcher/Editor/Resources/FlatSkin/SearchSmallDownOff.png using Guid(e0f8b9d001b669a43b3c9f7b90891d96) (TextureImporter) -> (artifact id: 'bdfac80ee96c6bedb3c9563ab86d445f') in 0.001278291 seconds
Start importing Packages/com.unity.shadergraph/GraphTemplates/DefaultTemplateImage.png using Guid(e079a17a0b2b93647a84cebdde8f3c21) (TextureImporter) -> (artifact id: 'e76305178c9d0d7a73eec2240071144e') in 0.015586667 seconds
Start importing Packages/com.unity.ugui/Editor Resources/Textures/btn_AlignRight_Light.psd using Guid(e05ace3bd15740cda0bad60d89092a5b) (TextureImporter) -> (artifact id: 'fad1f8b39dcfc7a6c5161f2fe52159e2') in 0.002629792 seconds
Start importing Packages/com.unity.render-pipelines.core/Editor/LookDev/Icons/LeftArrow@2x.png using Guid(f0106cef986be534181a8582cffd29da) (TextureImporter) -> (artifact id: '87560f553830f753a5f04091b1101f97') in 0.001607375 seconds
Start importing Packages/com.unity.render-pipelines.core/Editor/PostProcessing/LensFlareResource/PolygonFlareThumbnail.png using Guid(f0326f07dd50365439f552e7f29218e5) (TextureImporter) -> (artifact id: 'e3c45f77bc74b552bdad285ee0b49d7b') in 0.001133584 seconds
Start importing Packages/com.unity.render-pipelines.universal/Textures/FilmGrain/Medium02.png using Guid(f0b67500f7fad3b4c9f2b13e8f41ba6e) (TextureImporter) -> (artifact id: '8939654e2a980d48c78472c8722152dd') in 0.004792042 seconds
Start importing Packages/com.unity.render-pipelines.core/Editor/Icons/MipLevels/d_VolumeProfile@32.png using Guid(f05a6898ed8b6df43be9b7fbb34d0517) (TextureImporter) -> (artifact id: '4d930f05d316af7addb031a5fe07be21') in 0.001397667 seconds
Start importing Packages/com.unity.collections/Unity.Collections.PerformanceTests/Unity.PerformanceTesting.Benchmark/PerformanceTestFrameworkOutput.png using Guid(0175a7523f9f1754ca406f92afcfcbc6) (TextureImporter) -> (artifact id: 'a61b017fb991198f4bb7786923843fbd') in 0.008774458 seconds
Start importing Packages/com.unity.render-pipelines.universal/Textures/BlueNoise16/L/LDR_LLL1_2.png using Guid(1134690bf9216164dbc75050e35b7900) (TextureImporter) -> (artifact id: 'b2f78f0f7857b736e6fa22d62a50b6b5') in 0.001430292 seconds
Start importing Packages/com.unity.render-pipelines.core/Runtime/Sampling/Textures/SobolBlueNoise/ScramblingTile256SPP.png using Guid(11fcf3c83299e814cbb25c4d74cd045d) (TextureImporter) -> (artifact id: 'd24357b999652050a1b6a8f97e226684') in 0.003357042 seconds
Start importing Packages/com.unity.render-pipelines.universal/Textures/2D/Sparkle.png using Guid(119f93d0bcbf1e743bf5fcf237507d39) (TextureImporter) -> (artifact id: '8107bf877cabcdb92e977fa8f3614c2f') in 0.004486 seconds
Start importing Packages/com.unity.shadergraph/Editor/Resources/Icons/blackboard_dark.png using Guid(2162b791346804a7792168e6fc526ced) (TextureImporter) -> (artifact id: '8c6ecfce394dc826f1cec6038c3737e4') in 0.001185708 seconds
Start importing Packages/com.unity.shadergraph/Editor/Resources/Icons/settings_button.png using Guid(3140f217cba5a6f4ca8d41675ac44819) (TextureImporter) -> (artifact id: '662587fd677a709c764f0e8eb5fd9a15') in 0.001053166 seconds
Start importing Packages/com.unity.render-pipelines.core/Editor/Icons/RenderGraphViewer/d_Global@2x.png using Guid(31d206dcb4d01ca4295149458ec19c38) (TextureImporter) -> (artifact id: 'cbf49a23923cf27e75e8042eb33f1a02') in 0.000948625 seconds
Start importing Packages/com.unity.render-pipelines.core/Editor/Lighting/Icons/LightUnitIcons/Moonlight.png using Guid(41c40f1973262eb41a56a66faaf2154d) (TextureImporter) -> (artifact id: 'e7d7e0696497a157bcbb4943fea0a41d') in 0.001199291 seconds
Start importing Packages/com.unity.ugui/Editor Resources/Textures/btn_AlignMiddle.psd using Guid(41b96614b2e6494ba995ddcd252d11ae) (TextureImporter) -> (artifact id: '2f1afb0606f4565a32a8b171216bab77') in 0.001321625 seconds
Start importing Packages/com.unity.render-pipelines.core/Editor/Lighting/Icons/d_LightPlacement_Icon.png using Guid(518057398db7dd043928f01f4fbad1b9) (TextureImporter) -> (artifact id: '2c8c3208c8eeeb2ca981f3d007485cb6') in 0.000948917 seconds
Start importing Packages/com.unity.render-pipelines.universal/Textures/FilmGrain/Medium05.png using Guid(510a2f57334933e4a8dbabe4c30204e4) (TextureImporter) -> (artifact id: 'bc7a33183e14f5ac7bd92ef05193302d') in 0.004050917 seconds
Start importing Packages/com.unity.render-pipelines.core/Editor/LookDev/Icons/Environment@2x.png using Guid(515b65dc95319f3409d6b0b5f866ac33) (TextureImporter) -> (artifact id: 'a762e430cc720791bb9514cb76b11bf3') in 0.001532625 seconds
Start importing Packages/com.unity.render-pipelines.universal/Textures/SMAA/SearchTex.tga using Guid(51eee22c2a633ef4aada830eed57c3fd) (TextureImporter) -> (artifact id: '217aa900743bf029b84c0fc654d0b892') in 0.000968125 seconds
Start importing Packages/com.unity.render-pipelines.core/Editor/Lighting/Icons/LightUnitIcons/Shade.png using Guid(7146ed2a10f80c340b4c181e2892c87a) (TextureImporter) -> (artifact id: '5d8b15f7a334a0e7867fb327edc44955') in 0.000974125 seconds
Start importing Packages/com.unity.shadergraph/Editor/Resources/Icons/sg_graph_icon_gray_dark.png using Guid(7129268cf102b2f45809905bcb27ce8b) (TextureImporter) -> (artifact id: '5397162cdcdcd9fdaddb8165b5468228') in 0.000826208 seconds
Start importing Packages/com.unity.render-pipelines.core/Editor/Lighting/Icons/LightUnitIcons/d_MoonlessNight.png using Guid(71cd3069e265067478f8e99589235fd6) (TextureImporter) -> (artifact id: 'b395fde22ad18ec7c6a722fc75175f12') in 0.001122625 seconds
Start importing Packages/com.unity.render-pipelines.universal/Textures/BlueNoise16/L/LDR_LLL1_0.png using Guid(81200413a40918d4d8702e94db29911c) (TextureImporter) -> (artifact id: 'e61dca84231f0687591a03ff562d7c9c') in 0.0012735 seconds
Start importing Packages/com.unity.render-pipelines.core/Editor/Lighting/Icons/LightUnitIcons/Fluorescent@2x.png using Guid(81321ffad3c324c42806d47efb84d4d1) (TextureImporter) -> (artifact id: '894ac2888a17da08b0c3d7bd973666fc') in 0.000875 seconds
Start importing Packages/com.unity.ugui/Editor Resources/Textures/btn_AlignCenter.psd using Guid(81ed8c76d2bc4a4c95d092c98af4e58f) (TextureImporter) -> (artifact id: '8b9d6854197400dc90fd57f7913e9225') in 0.001133584 seconds
Start importing Packages/com.unity.shadergraph/GraphTemplates/default_normal.png using Guid(9154b3a500851e04494b08c0a363964a) (TextureImporter) -> (artifact id: 'd757ff64132d3d48d3b3eaa26133a8f7') in 0.000965792 seconds
Start importing Packages/com.unity.render-pipelines.core/Editor/Icons/MipLevels/VolumeProfile@16.png using Guid(9109dcac13c1b6a4cadf6e9e63be42f7) (TextureImporter) -> (artifact id: '081b5befb91217bcbc1f9f40501a292f') in 0.000860458 seconds
Start importing Packages/com.unity.render-pipelines.universal/Editor/Gizmos/Camera_PostProcessing.png using Guid(916f43e9d8e15c448a2c8a5d30b26dbd) (TextureImporter) -> (artifact id: 'afca8b2003354c66db861a47aee176ea') in 0.001999 seconds
Start importing Packages/com.unity.render-pipelines.core/Editor/LookDev/Icons/Duplicate@2x.png using Guid(91ffd37b0545bf6448f8d937736130a1) (TextureImporter) -> (artifact id: 'd155772c09582cd8de7cc2f40d560718') in 0.001460625 seconds
Start importing Packages/com.unity.render-pipelines.core/Editor/LookDev/Icons/d_CenterLight@2x.png using Guid(a14e6ee680df42f4c99bf69bc3d6b9ca) (TextureImporter) -> (artifact id: '0f572844c39801520663deef93531a35') in 0.001246375 seconds
Start importing Packages/com.unity.render-pipelines.universal/Editor/ShaderGraph/GraphTemplates/2D/2DSpriteUnlitTemplateThumbnail.png using Guid(a1be7992c1f7b0947bc2f9b045098f9e) (TextureImporter) -> (artifact id: '71a801379dc07b4e03dc02cfadb0808b') in 0.014793041 seconds
Start importing Packages/com.unity.render-pipelines.core/Editor/Lighting/Icons/UpSnatch.png using Guid(a1fe8ebe91e101d47af42adec440c3e5) (TextureImporter) -> (artifact id: 'f6227ab13283660ec25679eea1003bc8') in 0.00130475 seconds
Start importing Packages/com.unity.render-pipelines.core/Editor/Lighting/Icons/LightUnitIcons/d_InteriorLight@2x.png using Guid(b1a064fab2aa93e47bd8d558a6ca655b) (TextureImporter) -> (artifact id: '64604f504301fbd4386b8761fbeb6725') in 0.001103917 seconds
Start importing Packages/com.unity.shadergraph/Editor/Resources/Icons/SettingsIcons_hover@2x.png using Guid(b1b079d053c3d0c41952dadf32a89ffd) (TextureImporter) -> (artifact id: 'e0d7c51a5434917fafeba4341fb82370') in 0.001397 seconds
Start importing Packages/com.unity.render-pipelines.core/Editor/Lighting/Icons/LightUnitIcons/d_MediumAreaLight.png using Guid(b1826d69c1fcad9488491937a1ef4d84) (TextureImporter) -> (artifact id: '09f9c3f823136c5a7ddafd1cc1316274') in 0.0012215 seconds
Start importing Packages/com.unity.render-pipelines.core/Editor/Icons/MipLevels/Volume@256.png using Guid(b1737e8dd5ce0104ca1f1c05b481fad9) (TextureImporter) -> (artifact id: '9c7fb7d52e9582b061cecc0fb0314909') in 0.001538917 seconds
Start importing Packages/com.unity.render-pipelines.core/Editor/Icons/MipLevels/RenderPipelineResources@64.png using Guid(b1c49d259b9089743b6272150f77b8fe) (TextureImporter) -> (artifact id: '1f10c8d0d6a5cc66582694ab013a25b1') in 0.000980042 seconds
Start importing Packages/com.unity.render-pipelines.core/Editor/Lighting/Icons/LightUnitIcons/SoftAreaLight@2x.png using Guid(b14c34aa843e4a14e957505ae407e8c3) (TextureImporter) -> (artifact id: 'a5d94259b0094e48fbe67e71c1b8f277') in 0.001180542 seconds
Start importing Packages/com.unity.shadergraph/Editor/Resources/Icons/sg_graph_icon@2x.png using Guid(c1e1b751487e43d43923f055990214ea) (TextureImporter) -> (artifact id: '1aa474d3cdc6289dda2491e6fba37db6') in 0.001287167 seconds
Start importing Packages/com.unity.render-pipelines.core/Editor/Lighting/Icons/LightPlacement_Icon@128.png using Guid(c1c8308c6609eff48841494a187bfb72) (TextureImporter) -> (artifact id: 'edc22ced8506b709478e902ac061c809') in 0.001636125 seconds
Start importing Packages/com.unity.render-pipelines.core/Editor/Lighting/Icons/Advanced_Pressed_mini.png using Guid(c1d870384c7ed3c49b30d01278bf3949) (TextureImporter) -> (artifact id: '13118c563825d0bf5a7a04f822f62a68') in 0.000778417 seconds
Start importing Packages/com.unity.render-pipelines.core/Editor/Lighting/Icons/LightPlacement_Icon@2x.png using Guid(c179f13951d25f646887d38fa53e6e65) (TextureImporter) -> (artifact id: '4fde34e69cb63e9161cf408edc79cd34') in 0.000855333 seconds
Start importing Packages/com.unity.render-pipelines.universal/Textures/SMAA/AreaTex.tga using Guid(d1f1048909d55cd4fa1126ab998f617e) (TextureImporter) -> (artifact id: 'f591ed863eea7c4b2c321bdca20e42e8') in 0.001394791 seconds
Start importing Packages/com.unity.render-pipelines.universal/Textures/BlueNoise16/L/LDR_LLL1_26.png using Guid(d18a24d7b4ed50f4387993566d9d3ae2) (TextureImporter) -> (artifact id: '4fce492f8ca416851b87e623a99776a7') in 0.001104917 seconds
Start importing Packages/com.unity.render-pipelines.core/Editor/Lighting/Icons/LightUnitIcons/d_DecorativeLight@2x.png using Guid(e194061ed57dcf6478bc4a4079ac3998) (TextureImporter) -> (artifact id: 'e522a1ce56eebc0dee340432862da8df') in 0.001216792 seconds
Start importing Packages/com.unity.render-pipelines.core/Editor/LookDev/Icons/RightArrow@2x.png using Guid(e194270977977b24da0c6e1c962a5ce9) (TextureImporter) -> (artifact id: '98a5516c7870d0ff96fb261d010f84d4') in 0.001280625 seconds
Start importing Packages/com.unity.render-pipelines.core/Editor/Lighting/Icons/LightUnitIcons/SoftAreaLight.png using Guid(e10d9c07adc061a448e00b3e33fad966) (TextureImporter) -> (artifact id: '177923633f6902e2c39350593ce53c4b') in 0.001068125 seconds
Start importing Packages/com.unity.render-pipelines.universal/Editor/2D/Resources/SceneViewIcons/PointLight.png using Guid(e1feb27120f96ae4ea48e922cbfd93da) (TextureImporter) -> (artifact id: '660262c06ee95e16ff0dab1f75f93a49') in 0.005067833 seconds
Start importing Packages/com.unity.render-pipelines.universal/Editor/2D/Resources/LightCapDown.png using Guid(02232385c7b444348987d74db8dd7b2e) (TextureImporter) -> (artifact id: '5f14d2eaa270f8f97c58378a0ac79b59') in 0.001082875 seconds
Start importing Packages/com.unity.render-pipelines.core/Editor/Lighting/Icons/IESProfile.png using Guid(0283fe60f65159b4a86ebabf444e23f9) (TextureImporter) -> (artifact id: 'bc89aa71956a853b359b687bc76d6141') in 0.00294275 seconds
Start importing Packages/com.unity.render-pipelines.core/Editor/LookDev/Icons/d_LayoutVertical.png using Guid(02c3588c32f640d47bb70ee3fa774fce) (TextureImporter) -> (artifact id: 'a1063fd7d37cfdf935d77377f892a19b') in 0.001825625 seconds
Start importing Packages/com.unity.render-pipelines.core/Runtime/Debugging/Prefabs/Textures/White1px.png using Guid(127279d577f25ac4ea17dae3782e5074) (TextureImporter) -> (artifact id: '5f8e41b2b96143c1f025803e1fa77e7e') in 0.0013475 seconds
Start importing Packages/com.unity.ugui/Editor Resources/Textures/btn_AlignLeft_Light.psd using Guid(12736c98af174f91827a26b66d2b01b9) (TextureImporter) -> (artifact id: 'e52b197cdd2be6c8c3260ca9bef3f064') in 0.001342667 seconds
Start importing Packages/com.unity.render-pipelines.core/Editor/Icons/RenderGraphViewer/d_Texture@2x.png using Guid(126e291066d6c934e99b244ec88e813a) (TextureImporter) -> (artifact id: '13089d4c47227644104acc32d5978579') in 0.001296625 seconds
Start importing Packages/com.unity.render-pipelines.core/Editor/Icons/MipLevels/d_Volume@256.png using Guid(32b23d5d74f3aee4f9364e34e2f59379) (TextureImporter) -> (artifact id: '179bc2f96c877bc715eec774f339ea86') in 0.006349625 seconds
Start importing Packages/com.unity.shadergraph/GraphTemplates/BuiltIn/BuiltInLitBasicTemplateThumbnail.png using Guid(325e807a2af3f5f4691c7d9da76963f6) (TextureImporter) -> (artifact id: '377aa78dbf806e976aa72bc5ec6b81f5') in 0.02465025 seconds
Start importing Packages/com.unity.render-pipelines.core/Editor/Icons/RenderGraphViewer/Buffer@2x.png using Guid(42f2be07082fcb641bfabb2ccd126ac0) (TextureImporter) -> (artifact id: '3316710987a8bd0eb66bb4a60eb4cfa4') in 0.001358167 seconds
Start importing Packages/com.unity.render-pipelines.core/Editor/Lighting/Icons/LightUnitIcons/BlueSky@2x.png using Guid(42382485181c7b4429560828f54a2bae) (TextureImporter) -> (artifact id: '973ffc5c54d6965616dfff3f6b74e354') in 0.001436375 seconds
Start importing Packages/com.unity.render-pipelines.universal/Editor/SceneTemplates/Standard/ReflectionProbe-0.exr using Guid(42c8d975867dbb34299217c9b3a62677) (TextureImporter)Starting cubemap convolution for '' (size 128)
...took 0.062 seconds
 -> (artifact id: 'a228f47e2f9057728cb4f59adba71a32') in 0.183070667 seconds
Start importing Packages/com.unity.render-pipelines.core/Editor/LookDev/Icons/Camera1@2x.png using Guid(52b3ad4181ffbec4cad6eb26d07127f6) (TextureImporter) -> (artifact id: 'cf32ef70e8fa885390a6ea818aeaa363') in 0.001976792 seconds
Start importing Packages/com.unity.render-pipelines.core/Editor/Lighting/Icons/LightUnitIcons/Fluorescent.png using Guid(52dd14d6fa6ca2d46b942c8289a898eb) (TextureImporter) -> (artifact id: '586622c66d4bd848043774d110bb8098') in 0.001008375 seconds
Start importing Packages/com.unity.render-pipelines.core/Editor/LookDev/Icons/Layout1@2x.png using Guid(8263f1f26524404498d51bfe0b819925) (TextureImporter) -> (artifact id: '0a57761a2cb7918d27e0e94a7d7e08de') in 0.001246458 seconds
Start importing Packages/com.unity.shadergraph/Editor/Resources/Icons/sg_subgraph_icon_gray_light.png using Guid(82b6560ff26e58d48aa33e2869ad14e4) (TextureImporter) -> (artifact id: '2ec99181f67599ed78b18b19d4b6b1aa') in 0.000819458 seconds
Start importing Packages/com.unity.ugui/Editor Resources/Textures/btn_AlignJustified.psd using Guid(92027f7f8cfc4feaa477da0dc38d3d46) (TextureImporter) -> (artifact id: '40c44ede69cdd4cb6c434ec1f718790b') in 0.001067667 seconds
Start importing Packages/com.unity.render-pipelines.core/Editor/Icons/MipLevels/RenderPipelineResources@16.png using Guid(9204b01f48caab948aca3a4531851d40) (TextureImporter) -> (artifact id: '5c176b50b86cd8bde3bc519832482ba1') in 0.000856 seconds
Start importing Packages/com.unity.ugui/Editor Resources/Textures/btn_AlignLeft.psd using Guid(9288066c33474b94b6ee5465f4df1cc0) (TextureImporter) -> (artifact id: '05de7935c1bc1b0e8141b8f8437efe0a') in 0.001256875 seconds
Start importing Packages/com.unity.render-pipelines.core/Editor/Lighting/Icons/LightUnitIcons/d_IntenseAreaLight.png using Guid(a20ce10a62e5d924a84f1a723e96c07e) (TextureImporter) -> (artifact id: 'f961819d9c12880a457258351caafe25') in 0.001072875 seconds
Start importing Packages/com.unity.render-pipelines.universal/Textures/BlueNoise16/L/LDR_LLL1_24.png using Guid(a2ec5cbf5a9b64345ad3fab0912ddf7b) (TextureImporter) -> (artifact id: '26ae805842cf465b1fa0eab6cbfb3962') in 0.000815042 seconds
Start importing Packages/com.unity.ugui/Editor Resources/Textures/btn_AlignMidLine.psd using Guid(c2f7f6a88b4c4f20a53deb72f3d9144c) (TextureImporter) -> (artifact id: '0098ceac869936d9465961bc0dfe615d') in 0.001043 seconds
Start importing Packages/com.unity.shadergraph/GraphTemplates/Cross Pipeline/UnlitSimpleTemplateThumbnail.png using Guid(c21eaaec4c8575e47a9b342ce260b9ed) (TextureImporter) -> (artifact id: 'd17e69afd2817825fedb7418ce3a4a06') in 0.014424917 seconds
Start importing Packages/com.unity.render-pipelines.core/Editor/Lighting/Icons/d_LightPlacement_Icon@64.png using Guid(e20f6d92d0ae13040bfcbe8ef57da036) (TextureImporter) -> (artifact id: '820a0e64fcf9e84aa024e4785b7caadc') in 0.001257375 seconds
Start importing Packages/com.unity.render-pipelines.core/Runtime/Debugging/Prefabs/Textures/UIArrowDown.png using Guid(f224bfd122877a34aa49c63693fc317b) (TextureImporter) -> (artifact id: '6295fed42ef0750bd7a2abbf356159b3') in 0.001028959 seconds
Start importing Packages/com.unity.shadergraph/Editor/Resources/GraphView/Nodes/PreviewCollapse.png using Guid(03d3df9748467354ab39a973710a3a30) (TextureImporter) -> (artifact id: 'cf23c212484925071758271197c3fbc5') in 0.0012085 seconds
Start importing Packages/com.unity.render-pipelines.core/Editor/Lighting/Icons/LightUnitIcons/DirectSunlight@2x.png using Guid(03ea000956f47584c872d8b4df47f5ee) (TextureImporter) -> (artifact id: 'd722ac703e94058ea09b181ba825ed39') in 0.000932875 seconds
Start importing Packages/com.unity.render-pipelines.core/Editor/Lighting/Icons/LightUnitIcons/d_Overcast@2x.png using Guid(036f58abb8f232d41b3928a31433cf81) (TextureImporter) -> (artifact id: 'c0a5b9b7f5c5312f1d89bda720b10045') in 0.001061916 seconds
Start importing Packages/com.unity.render-pipelines.core/Editor/Icons/MipLevels/VolumeProfile@128.png using Guid(13d6273ce5597af4f841001aa751c423) (TextureImporter) -> (artifact id: '64db4c22a41b6fe71f03313fccde7984') in 0.001299083 seconds
Start importing Packages/com.unity.render-pipelines.core/Editor/Icons/RenderGraphViewer/Global@2x.png using Guid(13acc8e36620f0c499762b092afc9538) (TextureImporter) -> (artifact id: '2df141e6fe3b3c3a7e7dcbac096cf67e') in 0.00123 seconds
Start importing Packages/com.unity.render-pipelines.core/Editor/LookDev/Icons/Camera1.png using Guid(2384eb5de05269b44a58f8dd1d83d725) (TextureImporter) -> (artifact id: '562bba9f7f808470dc4adc5e1bf21dc6') in 0.00099025 seconds
Start importing Packages/com.unity.render-pipelines.core/Editor/Icons/RenderGraphViewer/Import@2x.png using Guid(23d6b8595de0e04429daf108638fe785) (TextureImporter) -> (artifact id: 'ac54e33e2e21580a7e1b9890223d4057') in 0.001090042 seconds
Start importing Packages/com.unity.render-pipelines.universal/Textures/BlueNoise256/LDR_LLL1_5.png using Guid(3302065f671a8450b82c9ddf07426f3a) (TextureImporter) -> (artifact id: '34784fe388cd75cfdcbc354f7956f9a9') in 0.002194167 seconds
Start importing Packages/com.unity.render-pipelines.core/Editor/Lighting/Icons/LightUnitIcons/Candlelight@2x.png using Guid(3387986904fe97b4cb1a1b607d1e7039) (TextureImporter) -> (artifact id: '3afa8627c1d260d8f09f8927f4b8efd0') in 0.001199917 seconds
Start importing Packages/com.unity.render-pipelines.core/Editor/Icons/RenderGraphViewer/d_Import@2x.png using Guid(33191aa3ed97cff4aa04bf4719f713ed) (TextureImporter) -> (artifact id: '6ed72bc80d9b7a6705f0613b6500b2e0') in 0.00101175 seconds
Start importing Packages/com.unity.render-pipelines.universal/Textures/BlueNoise256/LDR_LLL1_7.png using Guid(331c5658939a2461d8c7a0b3691eb7d5) (TextureImporter) -> (artifact id: '50699114a54fc41fbab69b330b805ddd') in 0.001939208 seconds
Start importing Packages/com.unity.render-pipelines.core/Editor/Icons/RenderGraphViewer/dash.png using Guid(33ff6e2aa12671544bb4df30e6443789) (TextureImporter) -> (artifact id: 'ac44b984d1e994269e7be8800ab1a9d7') in 0.000845125 seconds
Start importing Packages/com.unity.shadergraph/Editor/Resources/Icons/SettingsIcons.png using Guid(53bf71ace226b574d88c828e8b631aae) (TextureImporter) -> (artifact id: '430ed5876009add953abf6120803ec35') in 0.001056167 seconds
Start importing Packages/com.unity.render-pipelines.core/Editor/Lighting/Icons/LightUnitIcons/d_DecorativeLight.png using Guid(73e9cf59769215c4892d0a8008f39737) (TextureImporter) -> (artifact id: '0a22e7d8e85269d1c71f504a126113e1') in 0.000829083 seconds
Start importing Packages/com.unity.render-pipelines.core/Runtime/Debug/ProbeVolumeNumbersDisplayTex.png using Guid(73fe53b428c5b3440b7e87ee830b608a) (TextureImporter) -> (artifact id: '35f1604582d05ee213683342e8fbbf8f') in 0.003070708 seconds
Start importing Packages/com.unity.shadergraph/GraphTemplates/Cross Pipeline/DecalSimpleTemplateThumbnail.png using Guid(73df811908489f1408d1bec44aab3a80) (TextureImporter) -> (artifact id: 'bf1c498788ac677944ac1904e25ec885') in 0.01644675 seconds
Start importing Packages/com.unity.render-pipelines.core/Editor/LookDev/Icons/d_LayoutHorizontal.png using Guid(83cbec96661199e408a744d4c3e586e2) (TextureImporter) -> (artifact id: 'fad86349d1d7824b43630d3042913bdd') in 0.001769875 seconds
Start importing Packages/com.unity.render-pipelines.core/Editor/Lighting/Icons/LightUnitIcons/ExteriorLight@2x.png using Guid(a3fe770bc25a98540958d57e10f2a5fd) (TextureImporter) -> (artifact id: 'cd42883ae42d98b2e8b5dd0acd2beccc') in 0.001253542 seconds
Start importing Packages/com.unity.render-pipelines.core/Runtime/Debugging/Prefabs/Textures/UICheckMark.png using Guid(b346b2a2df1d290438be3287b6419408) (TextureImporter) -> (artifact id: 'f5d4edc7e3634ed43f0150d6b2e700cb') in 0.001015 seconds
Start importing Packages/com.unity.render-pipelines.core/Editor/Lighting/Icons/Advanced_UnPressed_mini.png using Guid(b356b95f05b77cf49a1b8241134f44c4) (TextureImporter) -> (artifact id: '7716138f29ded6ed1115ecef2e30ff1a') in 0.000898334 seconds
Start importing Packages/com.unity.render-pipelines.core/Editor/Lighting/Icons/LightUnitIcons/CloudySky@2x.png using Guid(c30d00a81d6542c40ae1837621e3969e) (TextureImporter) -> (artifact id: 'f42b7754e06fd40884520322d834ebff') in 0.001082583 seconds
Start importing Packages/com.unity.render-pipelines.core/Editor/Icons/MipLevels/Volume@32.png using Guid(d35462a3f88c67241b7b7cd6dc624ccb) (TextureImporter) -> (artifact id: '455a49e1671bb49cc5fd0e80fca2557e') in 0.001104542 seconds
Start importing Packages/com.unity.render-pipelines.universal/Textures/BlueNoise16/L/LDR_LLL1_18.png using Guid(d36f0fe53425e08499a2333cf423634c) (TextureImporter) -> (artifact id: '51f56de46d860a42b2aec3e8b3b095b1') in 0.001148166 seconds
Start importing Packages/com.unity.ugui/Editor Resources/Textures/SectionHeader_Light.psd using Guid(e3b0f810fdea84e40ab4ba20f256f7e8) (TextureImporter) -> (artifact id: '6b8045b3bff29fb0a8318fc0e5bf5353') in 0.001024708 seconds
Start importing Packages/com.unity.render-pipelines.universal/Textures/BlueNoise256/LDR_LLL1_4.png using Guid(e32226222ff144b24bf3a5a451de54bc) (TextureImporter) -> (artifact id: '3fb44f73214c91953337c465479a6281') in 0.001919542 seconds
Start importing Packages/com.unity.render-pipelines.universal/Textures/BlueNoise64/L/LDR_LLL1_0.png using Guid(e3d24661c1e055f45a7560c033dbb837) (TextureImporter) -> (artifact id: '37df06ff97d32b7df5bbae6c39844706') in 0.001009584 seconds
Start importing Packages/com.unity.render-pipelines.universal/Editor/SceneTemplates/Indoors/ReflectionProbe-0.exr using Guid(e375ace14cc3b5b448ca85ba2455930c) (TextureImporter)Starting cubemap convolution for '' (size 128)
...took 0.061 seconds
 -> (artifact id: '1b1749d76106de71698ff6eb8443b7e6') in 0.185107416 seconds
Start importing Packages/com.unity.render-pipelines.universal/Editor/Gizmos/Camera_UI.png using Guid(e3c6759aa8004ae458959d7fe48d6a74) (TextureImporter) -> (artifact id: 'a51fc9c9678ce28411a577923e80caed') in 0.003010583 seconds
Start importing Packages/com.unity.searcher/Editor/Resources/FlatSkin/SearchSmallDownOn.png using Guid(f353e9d22eb9164499dd70cb41b00244) (TextureImporter) -> (artifact id: 'ff8ed1320ec5546f587e2051e0140a68') in 0.002543875 seconds
Start importing Packages/com.unity.render-pipelines.core/Editor/LookDev/Icons/LayoutHorizontal@2x.png using Guid(f3fe1e478135ed34db9a1f6707f52c6a) (TextureImporter) -> (artifact id: '9896bcb332b5bcdc2595ff11f6abfe7e') in 0.001607333 seconds
Start importing Packages/com.unity.render-pipelines.core/Editor/Lighting/Icons/LightUnitIcons/d_IntenseAreaLight@2x.png using Guid(0493fb4c3bbfd6a4396f7f221b5ce034) (TextureImporter) -> (artifact id: '7ac2f7cd9596531c8fbfa7833c49d278') in 0.004623083 seconds
Start importing Assets/Piglet/Documentation/images/animator-controller-figure.png using Guid(04d451ecfaedf47468538c82335a6224) (TextureImporter) -> (artifact id: '3935b23688516ceee65dc5168c9222b1') in 0.042269375 seconds
Start importing Packages/com.unity.render-pipelines.core/Editor/Lighting/Icons/LightUnitIcons/BrightSky@2x.png using Guid(04c70b69874deb746a4c63f1a29f7715) (TextureImporter) -> (artifact id: 'a620510b00ec0214e4bde6c05cc31f91') in 0.001542375 seconds
Start importing Packages/com.unity.render-pipelines.core/Editor/LookDev/Icons/Remove@2x.png using Guid(049c8a7821177594692244298d82e4af) (TextureImporter) -> (artifact id: '174d7acbe07a450c1637eee58cf2e460') in 0.001303667 seconds
Start importing Packages/com.unity.render-pipelines.universal/Textures/BlueNoise16/L/LDR_LLL1_17.png using Guid(14381521ff11cb74abe3fe65401c23be) (TextureImporter) -> (artifact id: '3507f601ca86ac98982d555170a329af') in 0.000882583 seconds
Start importing Packages/com.unity.render-pipelines.universal/Editor/Gizmos/Camera_Base.png using Guid(24b1fe14c2b41d6489a7e7819483df6b) (TextureImporter) -> (artifact id: '3674e1c1eb8264d35bcf6d49a1e25db2') in 0.002007083 seconds
Start importing Packages/com.unity.ugui/Editor Resources/Textures/btn_AlignRight.psd using Guid(342a0f8aca7f4f0691338912faec0494) (TextureImporter) -> (artifact id: 'b657bb33226a9f5e515461c8b7af52ff') in 0.001333333 seconds
Start importing Packages/com.unity.render-pipelines.core/Editor/Lighting/Icons/d_LightPlacement_Icon On@256.png using Guid(4439e27e7ae7188468effbc23418e0e1) (TextureImporter) -> (artifact id: '2a3453beda7c54fb03cdfa95a044e7b5') in 0.0024545 seconds
Start importing Packages/com.unity.ugui/Editor Resources/Textures/btn_AlignFlush_Light.psd using Guid(64b9fad609434c489c32b1cdf2004a1c) (TextureImporter) -> (artifact id: '40a441ee951f20c1b6936a92d5c7ab1f') in 0.001327916 seconds
Start importing Assets/Piglet/Documentation/images/editor-import-figure.png using Guid(74a77699f6595494f8c8733eb88358a8) (TextureImporter) -> (artifact id: 'd42a39ff20bee55713d2f9479c1e9c03') in 0.096061125 seconds
Start importing Packages/com.unity.render-pipelines.core/Editor/Lighting/Icons/PresetFill_Left.png using Guid(84767f608f72f5a4090837fc328dd75f) (TextureImporter) -> (artifact id: '001f5ddb1185cc008a44723e18e1c94d') in 0.004405958 seconds
Start importing Packages/com.unity.render-pipelines.core/Editor/LookDev/Icons/d_LeftArrow.png using Guid(84189b4c7caeef3419b6b031b8812685) (TextureImporter) -> (artifact id: '0eb1aba22b46e7a670239cadda982952') in 0.001635167 seconds
Start importing Packages/com.unity.render-pipelines.universal/Editor/ShaderGraph/GraphTemplates/FullscreenBasicTemplateThumbnail.png using Guid(9410f8b043e30fe4da99295d950c470f) (TextureImporter) -> (artifact id: 'bfea742ff97f3d277b69dd327e8b388a') in 0.015727292 seconds
Start importing Packages/com.unity.shadergraph/Editor/Resources/GraphView/Nodes/NodeChevronUp@2x.png using Guid(94c5e3f4e8affed4285a0c674a431b9e) (TextureImporter) -> (artifact id: '5f9a68d541b638c2c8fb0ab203b60399') in 0.001496458 seconds
Start importing Packages/com.unity.render-pipelines.core/Editor/Lighting/Icons/LightUnitIcons/d_SoftAreaLight.png using Guid(940a20d919196f1408474a7b7057f4b9) (TextureImporter) -> (artifact id: 'eeddff2280d2c055fa08dd9ace85c8bb') in 0.00084425 seconds
Start importing Packages/com.unity.render-pipelines.core/Editor/LookDev/Icons/d_Link.png using Guid(94ec4fdf9502c3747b5c0754ca18919e) (TextureImporter) -> (artifact id: '9c7bc1dc0f42ed3d6a3c4ca4ceca74eb') in 0.001078417 seconds
Start importing Packages/com.unity.render-pipelines.core/Editor/LookDev/Icons/d_Environment@2x.png using Guid(a4638c6b8e07c0b49822ed7a91a96d0a) (TextureImporter) -> (artifact id: '0d0473708bf86ccd7b945a979dc81692') in 0.001147417 seconds
Start importing Packages/com.unity.render-pipelines.core/Editor/Resources/Gizmos/ProbeVolume.png using Guid(a4aff83690b661e4fab719effabef2a9) (TextureImporter) -> (artifact id: 'ee3dff83d8ec5e6791f13ce36823854e') in 0.002325833 seconds
Start importing Packages/com.unity.render-pipelines.universal/Textures/FilmGrain/Medium06.png using Guid(b4db8180660810945bf8d55ab44352ad) (TextureImporter) -> (artifact id: '656aecf20c3f52742869760c24f716b2') in 0.004728291 seconds
Start importing Packages/com.unity.render-pipelines.universal/Editor/2D/Resources/LightCapTopRight.png using Guid(b42c95bdd7efefc43900dbbedc4a39f8) (TextureImporter) -> (artifact id: '7757d155c00182681d04adaab6f1ed34') in 0.001273333 seconds
Start importing Packages/com.unity.render-pipelines.core/Editor/Lighting/Icons/d_LightPlacement_Icon@32.png using Guid(c4f74ec1885109d438846c229989bcf9) (TextureImporter) -> (artifact id: 'efc49268dd94459a344255c6c0a395bb') in 0.001065375 seconds
Start importing Packages/com.unity.render-pipelines.universal/Textures/BlueNoise16/L/LDR_LLL1_19.png using Guid(d4044ea2490d63b43aa1765f8efbf8a9) (TextureImporter) -> (artifact id: '663d99193b33e24483df20994dc027e8') in 0.000840833 seconds
Start importing Packages/com.unity.render-pipelines.core/Editor/Icons/MipLevels/VolumeProfile@32.png using Guid(d437cf5f006f8e74eb25c84d04daa681) (TextureImporter) -> (artifact id: '4fd865da8ef71625237587c9ab37b0ab') in 0.000817166 seconds
Start importing Packages/com.unity.render-pipelines.core/Runtime/Debugging/Prefabs/Textures/UIElement8px.png using Guid(d49e78756811bfa4aafb8b6535417991) (TextureImporter) -> (artifact id: 'e0402b2d9c656f9c9414f89b9e3e3425') in 0.0010645 seconds
Start importing Packages/com.unity.render-pipelines.core/Editor/Lighting/Icons/LightUnitIcons/IntenseAreaLight.png using Guid(d4df75c76c1661847b6902f889b44bcb) (TextureImporter) -> (artifact id: '7e711dacae9a81aa225c0d14063c815c') in 0.001246833 seconds
Start importing Packages/com.unity.render-pipelines.core/Editor/Lighting/Icons/LightUnitIcons/d_VeryBrightSun@2x.png using Guid(e4e685bec200b3c45a29e88e2eeb8ddb) (TextureImporter) -> (artifact id: '611ebeb870f77f5d2966520b5408f965') in 0.0010045 seconds
Start importing Assets/Piglet/Documentation/images/piglet-logo.png using Guid(e49ff66b894348d479f8111ea96b6728) (TextureImporter) -> (artifact id: '3f96623422f4c6438cd5f6f0585a13de') in 0.004396875 seconds
Start importing Packages/com.unity.render-pipelines.universal/Editor/2D/Resources/LightCapTopLeft.png using Guid(f4f779c88fa8c514d970afbd68ff6b3f) (TextureImporter) -> (artifact id: '878e4f58d7d4377c14f496bcfe6f78f1') in 0.001377417 seconds
Start importing Packages/com.unity.render-pipelines.core/Editor/Lighting/Icons/DownSnatch.png using Guid(f4efccbcc00042141b8f7f63392439b5) (TextureImporter) -> (artifact id: 'a9adee81fef178c40a4a1f617d5eb025') in 0.001286917 seconds
Start importing Packages/com.unity.render-pipelines.core/Editor/Icons/RenderGraphViewer/FramebufferFetch@2x.png using Guid(35a75acf988224d4da424a5a42cdaaf9) (TextureImporter) -> (artifact id: 'ec35a3caf8855316f2c7c37a027c0962') in 0.001162709 seconds
Start importing Packages/com.unity.render-pipelines.core/Editor/LookDev/Icons/Layout2@2x.png using Guid(356caeb1305bf794e94ecd5161f8e6e3) (TextureImporter) -> (artifact id: '40810c115ed01d7d179ec33ee7eb6061') in 0.001353959 seconds
Start importing Packages/com.unity.render-pipelines.core/Editor/LookDev/Icons/Duplicate.png using Guid(352dd7fc77ee28c479bf6504efe94f16) (TextureImporter) -> (artifact id: '2e80f64f2d02d86a0eaae5424dfff1a7') in 0.001230709 seconds
Start importing Packages/com.unity.ugui/Editor Resources/Textures/btn_AlignCenterGeo_Light.psd using Guid(35ff0937876540d3bd4b6a941df62a92) (TextureImporter) -> (artifact id: '2bb2b5b9cfb7f9fe4dda0a7205ded387') in 0.001184792 seconds
Start importing Packages/com.unity.render-pipelines.core/Editor/LookDev/Icons/Link.png using Guid(45751a4124f67c443bf96ed1df7c550b) (TextureImporter) -> (artifact id: '626aff4645c734b2fc935c76b8f47b9c') in 0.001180541 seconds
Start importing Packages/com.unity.render-pipelines.universal/Textures/FilmGrain/Thin01.png using Guid(654c582f7f8a5a14dbd7d119cbde215d) (TextureImporter) -> (artifact id: 'b41e2c9ce7b7255dbb5f63045e6f1e47') in 0.004214542 seconds
Start importing Packages/com.unity.render-pipelines.core/Editor/LookDev/Icons/LookDev.png using Guid(85099cb723efe4444a23b08281d721c2) (TextureImporter) -> (artifact id: '9ff2bd930cb58d8a9536cfbad6912280') in 0.000943833 seconds
Start importing Packages/com.unity.shadergraph/Editor/Resources/GraphView/Nodes/NodeChevronRight.png using Guid(951848ba8b6205940a9bd1b8fdd4d796) (TextureImporter) -> (artifact id: 'b4c8ea9fb6a28ed5959b8c9553197059') in 0.000991667 seconds
Start importing Packages/com.unity.shadergraph/Editor/Resources/Icons/blackboard.png using Guid(954de74b6fa234cfbb474898019e0acf) (TextureImporter) -> (artifact id: '4e32a7e364ca08aefbfdae45da4ba4b8') in 0.000734416 seconds
Start importing Packages/com.unity.render-pipelines.core/Editor/Lighting/Icons/LightUnitIcons/d_BrightSky.png using Guid(a543c2d2147884347a1846e862efa72f) (TextureImporter) -> (artifact id: 'ed8a09df3270983d419bcbe25da81d29') in 0.000710584 seconds
Start importing Packages/com.unity.render-pipelines.core/Editor/LookDev/Icons/Remove.png using Guid(a5c48bfebeb031a4b8d66da4be0e27b9) (TextureImporter) -> (artifact id: '47483bcb2e82ac532fe2b32bf0142792') in 0.001253042 seconds
Start importing Packages/com.unity.render-pipelines.universal/Editor/2D/Resources/LightCapUp.png using Guid(a58fea03b14b2be4295b11f21a57a6f7) (TextureImporter) -> (artifact id: '033acb039e401ee5c77a377fe7f184ac') in 0.000826166 seconds
Start importing Packages/com.unity.render-pipelines.core/Editor/Lighting/Icons/LightUnitIcons/d_InteriorLight.png using Guid(b5a2e773c2799aa42a4e99429158896e) (TextureImporter) -> (artifact id: 'd9fde618dd49a7b8904e78f9de89c229') in 0.0007225 seconds
Start importing Packages/com.unity.searcher/Editor/Resources/FlatSkin/SearchSmallDownOn@2x.png using Guid(c5b36095078d8694ba9e3ae3fd867b2e) (TextureImporter) -> (artifact id: 'acaec3d33550698ea3cd30496995937a') in 0.001040417 seconds
Start importing Packages/com.unity.render-pipelines.core/Editor/Lighting/Icons/HorizontalGradient.png using Guid(c56daa0c35d8542449aea902efda87ce) (TextureImporter) -> (artifact id: 'b477e8b991547a2aeb63fcaafce0a35a') in 0.00129525 seconds
Start importing Packages/com.unity.render-pipelines.universal/Textures/BlueNoise16/L/LDR_LLL1_13.png using Guid(d512512f4af60a442ab3458489412954) (TextureImporter) -> (artifact id: '06905e818686a5d8e2d326d4ca848f13') in 0.000913375 seconds
Start importing Packages/com.unity.render-pipelines.universal/Textures/BlueNoise16/L/LDR_LLL1_21.png using Guid(d5c9b274310e5524ebe32a4e4da3df1f) (TextureImporter) -> (artifact id: '72ffb4edac3994405243be3e2ffd8649') in 0.001032 seconds
Start importing Packages/com.unity.render-pipelines.core/Editor/Lighting/Icons/LightUnitIcons/d_MoonlessNight@2x.png using Guid(d56ac7ee03f65c7408f8f3d5aeecdb86) (TextureImporter) -> (artifact id: '1a99f9c4144efa1198d6ebf5fc74716b') in 0.001423958 seconds
Start importing Packages/com.unity.render-pipelines.universal/Textures/BlueNoise16/L/LDR_LLL1_1.png using Guid(d50c5e07c9911a74982bddf7f3075e7b) (TextureImporter) -> (artifact id: '902a7c3216d01d824df74c411a16ec99') in 0.000939458 seconds
Start importing Packages/com.unity.shadergraph/Editor/Resources/GraphView/Nodes/UITKShaderPreview-Texture.png using Guid(e5c0078b94743b5468d137f0728f414e) (TextureImporter) -> (artifact id: '21d63d383e75f4ef05f16f5c4dbd828f') in 0.006949625 seconds
Start importing Packages/com.unity.render-pipelines.core/Editor/Lighting/Icons/d_LightPlacement_Icon On@2x.png using Guid(e59f66416f4ecf3429053a0274b589a0) (TextureImporter) -> (artifact id: 'c830410007941bddde49130487118fb7') in 0.001099 seconds
Start importing Packages/com.unity.render-pipelines.core/Editor/Lighting/Icons/LightUnitIcons/d_Moonlight@2x.png using Guid(f520337c0c5dde34fa2d4207d953a31f) (TextureImporter) -> (artifact id: '73f6238a9217bc8363aef5f497a1e65f') in 0.000995708 seconds
Start importing Packages/com.unity.render-pipelines.core/Editor/Lighting/Icons/d_LightPlacement_Icon On@32.png using Guid(f5d08e5c109deb84a9fcf7b2365cb537) (TextureImporter) -> (artifact id: '92c322f5eddd85e03045d835be1b1805') in 0.00090075 seconds
Start importing Packages/com.unity.render-pipelines.core/Editor/Lighting/Icons/LightUnitIcons/MoonlessNight.png using Guid(f50a266376427a041b4e1b629d07611d) (TextureImporter) -> (artifact id: '8d98c6a052f8bc892bc2e0ff6324ae6f') in 0.000834041 seconds
Start importing Packages/com.unity.render-pipelines.core/Editor/LookDev/Icons/d_LookDev.png using Guid(0615fe8910911be4299d5604a54db99a) (TextureImporter) -> (artifact id: '5322d88ebd684b172c56e8e13ff3a9dc') in 0.001155208 seconds
Start importing Packages/com.unity.ugui/Editor Resources/Textures/btn_AlignMiddle_Light.psd using Guid(066619c9c9c84f89acb1b48c11a7efe2) (TextureImporter) -> (artifact id: 'c4cd49b64a631c58be66bafab7cc1a84') in 0.001150958 seconds
Start importing Packages/com.unity.render-pipelines.core/Editor/LookDev/Icons/d_Add.png using Guid(160b197aba549514286b94426ceae589) (TextureImporter) -> (artifact id: '7b318bcae54a664ba8d2aa464746ba53') in 0.000931542 seconds
Start importing Packages/com.unity.render-pipelines.universal/Textures/DebugFont.tga using Guid(26a413214480ef144b2915d6ff4d0beb) (TextureImporter) -> (artifact id: 'e01793533ffe3d3b92bcc2395ff6640e') in 0.001447542 seconds
Start importing Packages/com.unity.render-pipelines.universal/Textures/BlueNoise256/LDR_LLL1_0.png using Guid(36f118343fc974119bee3d09e2111500) (TextureImporter) -> (artifact id: 'b6606cc00273c6c0a598b184efe8e950') in 0.002375167 seconds
Start importing Packages/com.unity.shadergraph/Editor/Resources/GraphView/Nodes/BlackboardFieldPillBackground.png using Guid(56603bbe7a2b54640bbd90104bea4981) (TextureImporter) -> (artifact id: 'e0c984b7777fafe19641ca861a0452f2') in 0.001031334 seconds
Start importing Packages/com.unity.render-pipelines.core/Editor/LookDev/Icons/d_Camera1.png using Guid(56c35c86bb44b0e4e84a22db56968157) (TextureImporter) -> (artifact id: '7843bad44c17e022d193760a44014808') in 0.001149083 seconds
Start importing Packages/com.unity.shadergraph/GraphTemplates/Cross Pipeline/DecalMatProjTemplateThumbnail.png using Guid(5616b96dbeb625c498fdfe9517c1552b) (TextureImporter) -> (artifact id: '970e80038b44aac2c1692728eaaa7ddd') in 0.016362792 seconds
Start importing Packages/com.unity.render-pipelines.universal/Textures/BlueNoise256/LDR_LLL1_6.png using Guid(56a77a3e8d64f47b6afe9e3c95cb57d5) (TextureImporter) -> (artifact id: '9fefb560aed4ab0dedbba6d86148396d') in 0.00238475 seconds
Start importing Packages/com.unity.render-pipelines.universal/Runtime/2D/Data/Textures/FalloffLookupTexture.png using Guid(5688ab254e4c0634f8d6c8e0792331ca) (TextureImporter) -> (artifact id: '7e2fa36e466206c9430a6db3f8ad1bab') in 0.00417425 seconds
Start importing Packages/com.unity.shadergraph/Editor/Resources/Icons/SettingsIcons@2x.png using Guid(66e0f20149bec7a4eaee2f2d8aec158a) (TextureImporter) -> (artifact id: 'c193a53a4614f15ae5d4a40b784920c0') in 0.001459 seconds
Start importing Packages/com.unity.render-pipelines.core/Editor/Lighting/Icons/LightUnitIcons/d_ClearSky.png using Guid(76c10465276fcb9498b1fd312e3f74ed) (TextureImporter) -> (artifact id: 'b2ed262609ccd4b97ca2e61e9e0b74a7') in 0.000876 seconds
Start importing Packages/com.unity.render-pipelines.core/Editor/Icons/MipLevels/d_RenderPipelineResources@256.png using Guid(76e81564bded5e442a18ce6964cdaef3) (TextureImporter) -> (artifact id: '6ec9c83a01e414a11379e33a43fae9e5') in 0.001329459 seconds
Start importing Packages/com.unity.render-pipelines.core/Editor/Lighting/Icons/LightUnitIcons/d_DirectSunlight.png using Guid(76bf11a78c4428b4eb6b567a160a0c83) (TextureImporter) -> (artifact id: 'db8a84bce1b20cd20c0c7b8faa3fec85') in 0.00104725 seconds
Start importing Packages/com.unity.render-pipelines.core/Editor/Lighting/Icons/LightUnitIcons/DirectSunlight.png using Guid(863ef838c25e51b4790fd6ac881ba895) (TextureImporter) -> (artifact id: '4a4a62a3dcacad0016fd31e0a477186f') in 0.000797292 seconds
Start importing Packages/com.unity.render-pipelines.universal/Textures/BlueNoise16/L/LDR_LLL1_10.png using Guid(96aaab9cc247d0b4c98132159688c1af) (TextureImporter) -> (artifact id: '9ac159b1c7f2f95e25ed7dfc7d6262aa') in 0.000760666 seconds
Start importing Packages/com.unity.render-pipelines.core/Runtime/Debugging/Prefabs/Textures/UIFoldoutOpened.png using Guid(a674720496c1ed248a5b7ea3e22a11fd) (TextureImporter) -> (artifact id: 'e5858438f2e8667c099a407579f4a212') in 0.001066417 seconds
Start importing Packages/com.unity.shadergraph/Editor/Resources/Icons/Settings_Flyout_9slice@2x.png using Guid(a6abafca3e442ca4d970a1f8a2c70b0a) (TextureImporter) -> (artifact id: '30e45bf27d8c70b50d8fe0a9bc6b58f4') in 0.002305 seconds
Start importing Packages/com.unity.collections/Unity.Collections.PerformanceTests/PerformanceTestFrameworkOutputListAdd.png using Guid(a6ecd2aa79759e64ba59ab5f51d661ac) (TextureImporter) -> (artifact id: '6c921b8dd8240939edef4b8dc6c9b3bb') in 0.007592209 seconds
Start importing Packages/com.unity.render-pipelines.core/Editor/Icons/MipLevels/RenderPipelineResources@256.png using Guid(b645d34d84db58a45ac9775bb9a9bc48) (TextureImporter) -> (artifact id: '566d9e72da0fe8df8cd9f0ca0067095a') in 0.001461834 seconds
Start importing Packages/com.unity.shadergraph/GraphTemplates/BuiltIn/BuiltInUnlitBasicTemplateThumbnail.png using Guid(e6831b07772f59844b5c282e8a4aa736) (TextureImporter) -> (artifact id: '39fd6264033b93a69a55480a4609b02e') in 0.011465125 seconds
Start importing Packages/com.unity.render-pipelines.universal/Textures/BlueNoise16/L/LDR_LLL1_5.png using Guid(e63eef8f54aa9dc4da9a5ac094b503b5) (TextureImporter) -> (artifact id: '0d1d553ad12d969b6d794b48348543c2') in 0.003611666 seconds
Start importing Packages/com.unity.render-pipelines.core/Editor/Lighting/Icons/LightUnitIcons/d_Moonlight.png using Guid(f64528e1d51f6d74c9f7a1738deaa602) (TextureImporter) -> (artifact id: '1aa5c0f0392448fea90075382a8061d9') in 0.000925333 seconds
Start importing Packages/com.unity.render-pipelines.universal/Textures/BlueNoise16/L/LDR_LLL1_22.png using Guid(f69770e54f2823f43badf77916acad83) (TextureImporter) -> (artifact id: 'e610eab5d8c94a4b2d3dd2ad04194a73') in 0.000964875 seconds
Start importing Packages/com.unity.render-pipelines.core/Editor/Lighting/Icons/DownSnatchFocused.png using Guid(f6ca176a623705248878abeaf560002a) (TextureImporter) -> (artifact id: 'c3250ff827248f0669ffb1d905213283') in 0.000961542 seconds
Start importing Assets/Piglet/Documentation/images/animation-preview-figure.png using Guid(07742f1ac5d2bc7458640ff8125ae180) (TextureImporter) -> (artifact id: 'ca8e03dcc9a6a1cd246be1898f7ce611') in 0.076014625 seconds
Start importing Packages/com.unity.render-pipelines.core/Editor/Icons/MipLevels/d_RenderPipelineResources@128.png using Guid(07d524f53c3f0a24b952dad4f0d95192) (TextureImporter) -> (artifact id: 'fe199208c6a8c2757d7592bb51e80d31') in 0.003899542 seconds
Start importing Packages/com.unity.collections/Unity.Collections.PerformanceTests/PerformanceTestFrameworkOutputFixedSize.png using Guid(079c3d43b74823a41bb33198b8221c23) (TextureImporter) -> (artifact id: '01a3a451926665b39891efc64f6bfa59') in 0.013375541 seconds
Start importing Packages/com.unity.render-pipelines.universal/Textures/BlueNoise16/L/LDR_LLL1_9.png using Guid(071e954febf155243a6c81e48f452644) (TextureImporter) -> (artifact id: 'ffce39c42b753668124539e6fca421bd') in 0.001635625 seconds
Start importing Packages/com.unity.shadergraph/Editor/Resources/Icons/sg_graph_icon.png using Guid(170afdc32bbba284e8d0740a464b9fbd) (TextureImporter) -> (artifact id: '59259e7034351167e3ae75f42d066109') in 0.000904833 seconds
Start importing Packages/com.unity.render-pipelines.core/Editor/Icons/MipLevels/RenderGraphViewer/d_PassInspector@16.png using Guid(179c26b8104e4a84bb9ba82aa6ec463b) (TextureImporter) -> (artifact id: '0ee598d1f0ac56f39f0adf9fec9ed7e5') in 0.001172625 seconds
Start importing Packages/com.unity.render-pipelines.universal/Textures/BlueNoise16/L/LDR_LLL1_31.png using Guid(179f794063d2a66478e6e726f84a65bc) (TextureImporter) -> (artifact id: '3cb4fe1cec213826a705070698846121') in 0.000930208 seconds
Start importing Packages/com.unity.render-pipelines.core/Editor/Lighting/Icons/d_LightPlacement_Icon On@16.png using Guid(27ddd7fccc437254da38f2ffe1983567) (TextureImporter) -> (artifact id: '329455063efd5595207f695e178d9029') in 0.001061708 seconds
Start importing Packages/com.unity.render-pipelines.core/Editor/PostProcessing/LensFlareResource/CircleFlareThumbnail@2x.png using Guid(37e93113453ac0d46863acd4090899c8) (TextureImporter) -> (artifact id: 'c37a0c156ff135cc58be622542f92555') in 0.001207708 seconds
Start importing Packages/com.unity.render-pipelines.core/Editor/Lighting/Icons/LightUnitIcons/VeryBrightSun@2x.png using Guid(37ca6c7ad753f1648a24db2b740ba2ca) (TextureImporter) -> (artifact id: '60f50c43d93e16d2cf902189bbaf4525') in 0.000851 seconds
Start importing Packages/com.unity.render-pipelines.universal/Textures/BlueNoise16/L/LDR_LLL1_14.png using Guid(47a45908f6db0cb44a0d5e961143afec) (TextureImporter) -> (artifact id: 'c8497bd590fa388eafd22d4afe583e0e') in 0.000753416 seconds
Start importing Packages/com.unity.render-pipelines.core/Editor/LookDev/Icons/d_LayoutVertical@2x.png using Guid(472b4042959bbd844b8fd760bddd7a47) (TextureImporter) -> (artifact id: '1917d475456343bf171406556d3cb6e9') in 0.000994583 seconds
Start importing Packages/com.unity.shadergraph/Editor/Resources/Icons/Settings_Flyout_9slice.png using Guid(57517c89a809f44458493cef0310e46f) (TextureImporter) -> (artifact id: 'd1f1b39dc8462dcedbdf5d8f5e45c1a2') in 0.0011365 seconds
Start importing Packages/com.unity.render-pipelines.core/Editor/Icons/MipLevels/d_Volume@32.png using Guid(675ff9ea9d96a004a85fc91680242734) (TextureImporter) -> (artifact id: 'e7a706570da38e38b148eb72a469b486') in 0.000731958 seconds
Start importing Packages/com.unity.render-pipelines.core/Editor/Lighting/Icons/LightPlacement_Icon.png using Guid(77f3e0d20577fcd4ebb29c14ff5d58c7) (TextureImporter) -> (artifact id: 'a7f7296600f17c3714dab31dc95ceb7e') in 0.000836708 seconds
Start importing Packages/com.unity.ugui/Editor Resources/Gizmos/TMP - Dropdown Icon.psd using Guid(a7ec9e7ad8b847b7ae4510af83c5d868) (TextureImporter) -> (artifact id: '44855fa574f625e149784d001310b8f1') in 0.001869417 seconds
Start importing Packages/com.unity.render-pipelines.core/Editor/LookDev/Icons/d_LayoutCustom@2x.png using Guid(b753c88a6aeb2674fa1d4f0a4c0a285a) (TextureImporter) -> (artifact id: 'bfe34b8f4f93b483f7fbfc3e9e56d41f') in 0.00145075 seconds
Start importing Packages/com.unity.ugui/Editor Resources/Textures/btn_AlignCenterGeo.psd using Guid(c76700ea0062413d9f69409b4e9e151b) (TextureImporter) -> (artifact id: '3740d120a157f2256601984f6878e410') in 0.001254875 seconds
Start importing Packages/com.unity.render-pipelines.core/Editor/Lighting/Icons/d_LightPlacement_Icon@128.png using Guid(c7cdaebf43bf99948bf392ce8f4088af) (TextureImporter) -> (artifact id: '3a88aa809e648fd0b420066ad7a84078') in 0.001403666 seconds
Start importing Packages/com.unity.render-pipelines.core/Editor/Icons/MipLevels/d_Volume@128.png using Guid(d765b90a4ccbfae4ba0b8512144b99f0) (TextureImporter) -> (artifact id: '416c8c1b904a84f93020c94951598266') in 0.000847166 seconds
Start importing Packages/com.unity.render-pipelines.core/Editor/PostProcessing/LensFlareResource/Flare128.png using Guid(d7b90718ad2a7af4aab8546a0897d5db) (TextureImporter) -> (artifact id: '17d0796970790f6a878c5792e437baa7') in 0.001235042 seconds
Start importing Packages/com.unity.render-pipelines.core/Editor/Lighting/Icons/LightUnitIcons/d_SunriseSunset@2x.png using Guid(e737fd1dd31046c4da43e8ba94fdaf63) (TextureImporter) -> (artifact id: '55c547cfd786f439c913262c63329566') in 0.001161542 seconds
Start importing Packages/com.unity.shadergraph/GraphTemplates/Cross Pipeline/TerrainSimpleTemplateThumbnail.png using Guid(f7b60a412d492fa4a96583e253626880) (TextureImporter) -> (artifact id: 'b19839101a3ea16a9d582b6654578b42') in 0.020027833 seconds
Start importing Packages/com.unity.render-pipelines.core/Editor/Lighting/Icons/d_LightPlacement_Icon@16.png using Guid(f75902f05f887d847bd7573bdac61eca) (TextureImporter) -> (artifact id: '5f302fae8cb0c51978720cd8a056a739') in 0.001114417 seconds
Start importing Packages/com.unity.render-pipelines.core/Editor/Lighting/Icons/LightUnitIcons/d_CloudySky@2x.png using Guid(088373792f5db604fa5b045cb5dff9c9) (TextureImporter) -> (artifact id: 'b945ec59c678ecdf2daa08d5b663281e') in 0.001102167 seconds
Start importing Packages/com.unity.render-pipelines.core/Editor/Lighting/Icons/LightUnitIcons/d_VeryBrightSun.png using Guid(083778a134a402a4f82b55a98ac21530) (TextureImporter) -> (artifact id: '80f48e2997f034286033bb53d82080d7') in 0.000859417 seconds
Start importing Packages/com.unity.shadergraph/Editor/Resources/Icons/sg_subgraph_icon_gray_dark.png using Guid(18c6490536702e840b89a326d93a92a1) (TextureImporter) -> (artifact id: '03dba9369504dc96fe64677482ba10ef') in 0.000889958 seconds
Start importing Packages/com.unity.ugui/Editor Resources/Textures/btn_AlignBaseLine_Light.psd using Guid(18775b51e3bd42299fd30bd036ea982f) (TextureImporter) -> (artifact id: '2f24057cf077cff27cbecff51f7f0074') in 0.001223208 seconds
Start importing Packages/com.unity.render-pipelines.core/Editor/LookDev/Icons/d_Camera2.png using Guid(281160d54742cbb44a88a61bf8ccfb16) (TextureImporter) -> (artifact id: '64dbbe8890c92ee39c3d067b36668c81') in 0.001205958 seconds
Start importing Packages/com.unity.render-pipelines.core/Editor/LookDev/Icons/Camera2@2x.png using Guid(28f2917353630ce4fa307eeceadcd26d) (TextureImporter) -> (artifact id: '4907a314a4fb4d4f0a6152e044c0ee72') in 0.000932042 seconds
Start importing Packages/com.unity.render-pipelines.core/Editor/LookDev/Icons/d_RightArrow@2x.png using Guid(28d47cbaafc98254f8d4f6184dff22cd) (TextureImporter) -> (artifact id: 'f9f38e3d4d95dcec8601113a8bb336fa') in 0.000740916 seconds
Start importing Packages/com.unity.render-pipelines.core/Editor/Icons/MipLevels/d_VolumeProfile@64.png using Guid(2889bb1951831234789d947901bce53e) (TextureImporter) -> (artifact id: '4e006e028cdb48d51e8fb6511136ae0f') in 0.000876292 seconds
Start importing Packages/com.unity.render-pipelines.core/Editor/Icons/RenderGraphViewer/Texture@2x.png using Guid(38d7c20ac7a9de246a75479d66d518fd) (TextureImporter) -> (artifact id: '1fafc1f7454c468db8b743f2eea1c916') in 0.00091325 seconds
Start importing Packages/com.unity.ugui/Editor Resources/Textures/btn_AlignTop.psd using Guid(48d034c499ee4697af9dd6e327110249) (TextureImporter) -> (artifact id: '364146c0ec759512ba0969e7aed5a6ea') in 0.000972208 seconds
Start importing Packages/com.unity.render-pipelines.core/Editor/Icons/MipLevels/RenderGraphViewer/PassInspector@16.png using Guid(48b566d9e8cf828409d6879b70fe00b5) (TextureImporter) -> (artifact id: 'aee11425804240656f4fbacae139fe05') in 0.001077584 seconds
Start importing Packages/com.unity.ugui/Editor Resources/Textures/btn_AlignBottom_Light.psd using Guid(585b70cb75dd43efbfead809c30a1731) (TextureImporter) -> (artifact id: 'cbf92fd37a49b134c8a2d1b7677f5501') in 0.001187542 seconds
Start importing Packages/com.unity.render-pipelines.universal/Editor/2D/Resources/InspectorIcons/FreeformLight.png using Guid(68e5bb6e60bebc046b26d3c3100a523b) (TextureImporter) -> (artifact id: '86ae7c88611c231faf10bbc70ff312d7') in 0.001782292 seconds
Start importing Packages/com.unity.render-pipelines.core/Editor/Icons/RenderGraphViewer/AccelerationStructure@2x.png using Guid(78c530431f09533469990aeb78f31210) (TextureImporter) -> (artifact id: '7f9a66d3e3824cb2ccb60453c7509c5d') in 0.000815583 seconds
Start importing Packages/com.unity.shadergraph/GraphTemplates/default_vfx_msk.png using Guid(788b35e8fa5154559af342abaf8be483) (TextureImporter) -> (artifact id: 'c33c4f54d087f4c4e41f60c04714f782') in 0.000964666 seconds
Start importing Packages/com.unity.render-pipelines.universal/Editor/2D/Resources/InspectorIcons/SpriteLight.png using Guid(8839c54710da3374f994e12f39b6d65f) (TextureImporter) -> (artifact id: '71da22a01df55cb89b315aa565ca30f5') in 0.000910417 seconds
Start importing Packages/com.unity.shadergraph/Editor/Resources/GraphView/Nodes/PreviewExpand@2x.png using Guid(88995b00867befb41adaada22f8abc21) (TextureImporter) -> (artifact id: 'f78f9e496a6ad661d7862e5e03759b82') in 0.001156708 seconds
Start importing Packages/com.unity.render-pipelines.core/Editor/Icons/RenderGraphViewer/PassInspector@2x.png using Guid(881eb9c95b9a018479a89b9218d61928) (TextureImporter) -> (artifact id: '071c79565bb625ffaf8d964c6899a99c') in 0.000803417 seconds
Start importing Packages/com.unity.render-pipelines.core/Editor/Icons/MipLevels/d_VolumeProfile@128.png using Guid(98c28ecf0d815cc49b6868def3e52f49) (TextureImporter) -> (artifact id: '57d8661f83d17e043e61f99999db4fa6') in 0.000856834 seconds
Start importing Packages/com.unity.render-pipelines.core/Editor/Icons/RenderGraphViewer/d_FramebufferFetch@2x.png using Guid(986528338c7e82b42b466e23ac6fbb96) (TextureImporter) -> (artifact id: '78e09d02fcb87f5f6681258435e7e9df') in 0.0008815 seconds
Start importing Packages/com.unity.render-pipelines.core/Editor/LookDev/Icons/d_Layout2.png using Guid(98b5b3e7c51d32547b9b09232034b5d5) (TextureImporter) -> (artifact id: '596e80a8c771d4edd9a9793fe921700e') in 0.000964917 seconds
Start importing Packages/com.unity.render-pipelines.core/Editor/LookDev/Icons/d_Environment.png using Guid(98cefb354c00bc44cb31fffd52dc4650) (TextureImporter) -> (artifact id: '16c292cbf83c0b461698cb96544baa74') in 0.001263625 seconds
Start importing Packages/com.unity.render-pipelines.core/Editor/Icons/MipLevels/RenderGraphViewer/Resources@16.png using Guid(b8c995bb50a162c44b289f34d129328f) (TextureImporter) -> (artifact id: '0a49824336eae44f1a474049378be60f') in 0.000935791 seconds
Start importing Packages/com.unity.shadergraph/Editor/Resources/Icons/settingsbutton.png using Guid(c881a10bb6578f04ba6d52f6c3f0c9d6) (TextureImporter) -> (artifact id: '98c1228e1e7e2716769b3695c3b1c43b') in 0.001044875 seconds
Start importing Packages/com.unity.render-pipelines.core/Editor/Lighting/Icons/PresetFill_Right.png using Guid(c8e3d80f5ead8d4409a54da768cc431d) (TextureImporter) -> (artifact id: 'ca0fc2a0f6d11a8bb3c6fa1ea765feb6') in 0.001066708 seconds
Start importing Packages/com.unity.render-pipelines.universal/Editor/2D/Resources/SceneViewIcons/FreeformLight.png using Guid(c89564426827c76479d8772adb43e6e4) (TextureImporter) -> (artifact id: '918ebef4d3ba67b65396c59cbfebf4c8') in 0.002146333 seconds
Start importing Packages/com.unity.render-pipelines.core/Editor/Lighting/Icons/LightUnitIcons/Moonlight@2x.png using Guid(d8bb1a60805d8d241acc12f74cd3b2d5) (TextureImporter) -> (artifact id: 'daeec00c59a36dbae8943332dea5dcad') in 0.000928583 seconds
Start importing Packages/com.unity.render-pipelines.core/Editor/Lighting/Icons/LightUnitIcons/SunriseSunset.png using Guid(d8ee4aa2fab810242a1ff465e662bc09) (TextureImporter) -> (artifact id: 'b8725ced59774cd29a6a84597fe0b9ce') in 0.000836708 seconds
Start importing Packages/com.unity.render-pipelines.core/Editor/Icons/RenderGraphViewer/d_MemorylessTexture@2x.png using Guid(e813aef83a70543b79d435ef65ec86ee) (TextureImporter) -> (artifact id: '5e7671e10b07351bcd4fb287cc282153') in 0.000865583 seconds
Start importing Packages/com.unity.render-pipelines.core/Editor/LookDev/Icons/Camera2.png using Guid(e89a31db98e403b40af1a8f0ef9ae1ef) (TextureImporter) -> (artifact id: '1ca40a92aeab006b3040906508d05220') in 0.00099175 seconds
Start importing Packages/com.unity.render-pipelines.core/Editor/Lighting/Icons/d_LightPlacement_Icon@256.png using Guid(e8daef37e2419284e8b319261203d5c3) (TextureImporter) -> (artifact id: '5cefd9652de2adf99b9652f2da039024') in 0.001729625 seconds
Start importing Assets/Piglet/Documentation/images/mecanim-animation-components-figure.png using Guid(f8f7de1af3abbb044802427bf03cc0b4) (TextureImporter) -> (artifact id: '6f8515f8d8c2fc5b8e548713af49e7ce') in 0.038298916 seconds
Start importing Packages/com.unity.render-pipelines.core/Editor/Lighting/Icons/LightPlacement_Icon@32.png using Guid(396033515c05b1441a3451ea18bb8e27) (TextureImporter) -> (artifact id: 'ac3b1c655e4b5ee8dc1bd57f41512683') in 0.014610708 seconds
Start importing Packages/com.unity.render-pipelines.core/Editor/Icons/MipLevels/RenderPipelineResources@32.png using Guid(39013bef60270164e94ccd21c1edb486) (TextureImporter) -> (artifact id: '8053bd0aa63aca84eade0560a75f1e33') in 0.001026708 seconds
Start importing Packages/com.unity.render-pipelines.core/Editor/Lighting/Icons/LightUnitIcons/d_DirectSunlight@2x.png using Guid(392581b798d70d0408e104d352ffb20b) (TextureImporter) -> (artifact id: '0076b5fd8d0df2ffc86af5762fae7f71') in 0.0011785 seconds
Start importing Packages/com.unity.render-pipelines.universal/Textures/BlueNoise16/L/LDR_LLL1_6.png using Guid(39451254daebd6d40b52899c1f1c0c1b) (TextureImporter) -> (artifact id: '509da4039bcce2785208ea76ffdd37a5') in 0.00096125 seconds
Start importing Packages/com.unity.render-pipelines.core/Editor/Lighting/Icons/LightUnitIcons/d_Shade@2x.png using Guid(49e4a0929afd1ae4283e4657bc636f9e) (TextureImporter) -> (artifact id: 'ae879a790d6343b24773fe0108556822') in 0.000968833 seconds
Start importing Packages/com.unity.ugui/Editor Resources/Textures/btn_AlignCapLine_Light.psd using Guid(49679f302ac6408697f6b9314a38985c) (TextureImporter) -> (artifact id: '3f53496360fc08a77338ef12c4f51479') in 0.001093792 seconds
Start importing Packages/com.unity.render-pipelines.universal/Editor/ShaderGraph/GraphTemplates/2D/2DSpriteLitTemplateThumbnail.png using Guid(494ba6900e1d9f34da743bb68ff82ddb) (TextureImporter) -> (artifact id: '580de870f84156e9bafd81f52b4bf5cc') in 0.015905167 seconds
Start importing Packages/com.unity.render-pipelines.core/Editor/Lighting/Icons/LightUnitIcons/d_ClearSky@2x.png using Guid(490d69b278eff784b85feca736d57389) (TextureImporter) -> (artifact id: '85a733a842fc8f323a454b2cfd2d8d80') in 0.001391708 seconds
Start importing Packages/com.unity.shadergraph/Editor/Resources/GraphView/Nodes/NodeChevronUp.png using Guid(59e85404e1156534e84e3f06ad9d3bff) (TextureImporter) -> (artifact id: '9d67d79db9fbedcd30c9c45b7cba5f5f') in 0.001123125 seconds
Start importing Packages/com.unity.render-pipelines.core/Editor/Icons/MipLevels/d_Volume@16.png using Guid(6941712a966fa924d92b6855f339379e) (TextureImporter) -> (artifact id: 'e6228e8bc9ec8b3cc6fda97a65a695d2') in 0.000789084 seconds
Start importing Packages/com.unity.ugui/Editor Resources/Textures/btn_AlignFlush.psd using Guid(691475c57a824010be0c6f474caeb7e1) (TextureImporter) -> (artifact id: '0df3dc60468ea75aa2015b10e94554aa') in 0.0010565 seconds
Start importing Packages/com.unity.render-pipelines.core/Editor/Lighting/Icons/LightUnitIcons/d_MediumAreaLight@2x.png using Guid(79474406bb16ef9439655eb4b419b6a8) (TextureImporter) -> (artifact id: '483ffa0a837eff1c373160c896f4ca62') in 0.001192209 seconds
Start importing Packages/com.unity.render-pipelines.core/Editor/LookDev/Icons/Add@2x.png using Guid(79aba0b290c471c4ba3d3f818d4e9b15) (TextureImporter) -> (artifact id: 'f27f6de58e32ec6ef74a89362b00587b') in 0.000965708 seconds
Start importing Packages/com.unity.render-pipelines.core/Editor/LookDev/Icons/RenderDoc@2x.png using Guid(89608b060fc7279479398a62e245a409) (TextureImporter) -> (artifact id: '8e8c82cac43d13adf306d8436880d923') in 0.001041667 seconds
Start importing Packages/com.unity.render-pipelines.core/Editor/Lighting/Icons/LightUnitIcons/d_BlueSky.png using Guid(8991eaef2ed56cc45b9a80b50fbca5e2) (TextureImporter) -> (artifact id: 'dca765f330f30a1287eca5e2a9e46e5a') in 0.00101275 seconds
Start importing Packages/com.unity.render-pipelines.core/Editor/Lighting/Icons/d_LightPlacement_Icon On@128.png using Guid(89282aabe914d244b839ba4652477f23) (TextureImporter) -> (artifact id: '2ea0022257562ebe5dd1153a6bb3e6c4') in 0.001173833 seconds
Start importing Packages/com.unity.shadergraph/Editor/Resources/Icons/sg_subgraph_icon@2x.png using Guid(890b62dea83f90749a7d048c0e5c298b) (TextureImporter) -> (artifact id: 'b75adff48093c26f1e64835fae3d3b0c') in 0.001091042 seconds
Start importing Packages/com.unity.render-pipelines.universal/Textures/BlueNoise16/L/LDR_LLL1_30.png using Guid(896d9004736809c4fb5973b7c12eb8b9) (TextureImporter) -> (artifact id: 'd4cdc01abab3981b3c3523a775418e94') in 0.000751959 seconds
Start importing Packages/com.unity.render-pipelines.universal/Textures/FilmGrain/Medium03.png using Guid(9930fb4528622b34687b00bbe6883de7) (TextureImporter) -> (artifact id: 'af787e8412f4afef81b0ddfc69dc9c9a') in 0.004717375 seconds
Start importing Packages/com.unity.render-pipelines.universal/Editor/Gizmos/Camera_Offscreen.png using Guid(99c1f1ec31ff9924e9a75aff82e6b986) (TextureImporter) -> (artifact id: '3c0e7a602b0ba6a886a620fa168a1791') in 0.001994792 seconds
Start importing Packages/com.unity.render-pipelines.core/Editor/LookDev/Icons/d_RightArrow.png using Guid(99e5d180080c96940a65c6d906ff9131) (TextureImporter) -> (artifact id: '92c0b959d3542c55a1d23137fc060ae9') in 0.001152875 seconds
Start importing Packages/com.unity.render-pipelines.core/Editor/LookDev/Icons/d_Camera2@2x.png using Guid(99d7e777338ab8f4ba890cc738794dba) (TextureImporter) -> (artifact id: '4bf39e18a4646c1cc252721301da32b9') in 0.001011875 seconds
Start importing Packages/com.unity.render-pipelines.core/Editor/Lighting/Icons/LightUnitIcons/d_Fluorescent.png using Guid(b95665ddb99de4945b528a188a1c41c7) (TextureImporter) -> (artifact id: '455c554f2432252173139b5bdd37c421') in 0.000915959 seconds
Start importing Packages/com.unity.render-pipelines.core/Editor/Lighting/Icons/LightUnitIcons/BrightSky.png using Guid(b93b6450b9bd1f44da176ac4a821c3e8) (TextureImporter) -> (artifact id: 'c16df09c685be209145325ee834e8e92') in 0.001084625 seconds
Start importing Packages/com.unity.render-pipelines.core/Editor/Icons/MipLevels/RenderGraphViewer/PassInspector@32.png using Guid(b9ac6ad13d9312941912fc855a3bcc41) (TextureImporter) -> (artifact id: '996643269360d547fd574962ec4975db') in 0.0009435 seconds
Start importing Packages/com.unity.render-pipelines.core/Editor/Icons/MipLevels/RenderGraphViewer/d_PassInspector@32.png using Guid(b98f3689f42be914d9c9db64ff280951) (TextureImporter) -> (artifact id: 'fceb8f0710547496db90b6576020ec98') in 0.000923 seconds
Start importing Packages/com.unity.shadergraph/Editor/Resources/GraphView/Nodes/NodeChevronDown@2x.png using Guid(c951fed1cf039c7439a755e2ca108e4a) (TextureImporter) -> (artifact id: '6cbad8b43fc1d4679072095327dd36e1') in 0.001126459 seconds
Start importing Packages/com.unity.render-pipelines.universal/Textures/BlueNoise16/L/LDR_LLL1_27.png using Guid(c989e1ed85cf7154caa922fec53e6af6) (TextureImporter) -> (artifact id: 'd3e903e0604fb4e4e2b04ef0479a4740') in 0.00100175 seconds
Start importing Packages/com.unity.render-pipelines.universal/Textures/BlueNoise16/L/LDR_LLL1_7.png using Guid(c94ad916058dff743b0f1c969ddbe660) (TextureImporter) -> (artifact id: 'f6deef5786610f0c93e67bbd7f435b7b') in 0.000732542 seconds
Start importing Packages/com.unity.render-pipelines.universal/Textures/BlueNoise16/L/LDR_LLL1_20.png using Guid(c9bd74624d8070f429e3f46d161f9204) (TextureImporter) -> (artifact id: '0dbf5fdfc78d08f9e7a73261f3789dff') in 0.000816792 seconds
Start importing Packages/com.unity.render-pipelines.core/Editor/LookDev/Icons/Layout2.png using Guid(d9658be087f390f46bfefa8cb32bbaa6) (TextureImporter) -> (artifact id: '9390632cb16af5137eec3e3c7f34cb11') in 0.001073875 seconds
Start importing Packages/com.unity.render-pipelines.universal/Editor/2D/Resources/InspectorIcons/ParametricLight.png using Guid(e957854850ccb7140a538f7a93f8761b) (TextureImporter) -> (artifact id: '929f854944976a0fb84a64f17f030308') in 0.001098625 seconds
Start importing Packages/com.unity.render-pipelines.core/Editor/Icons/MipLevels/d_VolumeProfile@256.png using Guid(e9cd351a12d48ed4caa2d4ed2d8f02b8) (TextureImporter) -> (artifact id: 'e78cf5f4652f4d973c7b1a47d1446854') in 0.001570875 seconds
Start importing Packages/com.unity.render-pipelines.core/Editor/LookDev/Icons/Rotation@2x.png using Guid(e9af78578671a3345b8cbf82f1f030b5) (TextureImporter) -> (artifact id: '9409fa108db4524960a5a75095d36599') in 0.001214958 seconds
Start importing Packages/com.unity.render-pipelines.core/Editor/PostProcessing/LensFlareResource/Flare.png using Guid(f92291bf6b5265641ab4f39a5d41fbf4) (TextureImporter) -> (artifact id: '421434b94e7955f20a834bdf83ca72fd') in 0.00122425 seconds
Start importing Packages/com.unity.render-pipelines.universal/Textures/BayerMatrix.png using Guid(f9ee4ed84c1d10c49aabb9b210b0fc44) (TextureImporter) -> (artifact id: 'c0644a73b30c9333dfd6250a4d2e77d3') in 0.000752208 seconds
Start importing Packages/com.unity.render-pipelines.core/Editor/Lighting/Icons/LightUnitIcons/SunriseSunset@2x.png using Guid(1ade1fa63a0a72f46be69e4ae5e83314) (TextureImporter) -> (artifact id: '317c98f60b5f5a73b52ba06e356ec615') in 0.000820458 seconds
Start importing Packages/com.unity.render-pipelines.core/Editor/Lighting/Icons/LightUnitIcons/d_Candlelight@2x.png using Guid(2ae1ad1a228a66a479d96cae55499c4a) (TextureImporter) -> (artifact id: 'dbd92a1a7ea5ad73732266b64c9a4e5b') in 0.000998375 seconds
Start importing Packages/com.unity.render-pipelines.universal/Editor/2D/Resources/Sparkle.png using Guid(4a0aca3a5f2effb41b43cc0a1661d845) (TextureImporter) -> (artifact id: 'e62dc6b796143c6f9d3cf4c5cdb47d1d') in 0.003655709 seconds
Start importing Packages/com.unity.render-pipelines.core/Editor/Lighting/Icons/LightUnitIcons/d_SunriseSunset.png using Guid(6ac733bfd834f4b4bab06306c63496f2) (TextureImporter) -> (artifact id: 'c8eceb21c40950ba9b2cc6411b14c573') in 0.001027208 seconds
Start importing Packages/com.unity.render-pipelines.core/Editor/LookDev/Icons/LayoutVertical.png using Guid(6a9d49ac254f03c48bf5b6590f4d2a24) (TextureImporter) -> (artifact id: '084c422cb2c94c2d9531bc80b7b8c5ce') in 0.000940333 seconds
Start importing Packages/com.unity.render-pipelines.core/Editor/Lighting/Icons/LightUnitIcons/IntenseAreaLight@2x.png using Guid(6abd010e1fd246f4585f513da25bcede) (TextureImporter) -> (artifact id: '0eecfb4370becb03719a08c10298e2c4') in 0.000975583 seconds
Start importing Packages/com.unity.ugui/Editor Resources/Textures/btn_AlignCenter_Light.psd using Guid(6ace62d30f494c948b71d5594afce11d) (TextureImporter) -> (artifact id: 'def686c295189cf47a1877f19fca7e32') in 0.00102775 seconds
Start importing Packages/com.unity.render-pipelines.core/Runtime/Debugging/Prefabs/Textures/UIFoldoutClosed.png using Guid(7a0568d5e3330b84687e307992be3030) (TextureImporter) -> (artifact id: '7b64b80b48350340cf4a88a1a4e2252d') in 0.001021792 seconds
Start importing Packages/com.unity.render-pipelines.core/Editor/Lighting/Icons/UpSnatchFocused.png using Guid(8a35aa5922ce5b746a734edf7de25ab4) (TextureImporter) -> (artifact id: '809616595116be8241391d1df4137498') in 0.000971041 seconds
Start importing Packages/com.unity.render-pipelines.core/Editor/Icons/MipLevels/RenderPipelineResources@128.png using Guid(8a682daa78f03b64597ad91aefef3dab) (TextureImporter) -> (artifact id: '86b12f3dc5e2c38c13725525119b2eb7') in 0.000916958 seconds
Start importing Packages/com.unity.render-pipelines.core/Editor/LookDev/Icons/Environment.png using Guid(8accc003516bedf4b94c9c8a86b2b6a1) (TextureImporter) -> (artifact id: 'c085a3a3668911af2c435d83ddb6d90d') in 0.001020584 seconds
Start importing Packages/com.unity.render-pipelines.core/Editor/LookDev/Icons/Layout1.png using Guid(9a3173335e5741d438e81064b518bd80) (TextureImporter) -> (artifact id: '44d4c6e13faa10a43716e3a3f30dc8a4') in 0.001097125 seconds
Start importing Packages/com.unity.render-pipelines.core/Editor/LookDev/Icons/Link@2x.png using Guid(9a235474413e1f349b010b461c76efac) (TextureImporter) -> (artifact id: '7c10ba77d75dc052eabf5e06c3a7ad96') in 0.001094 seconds
Start importing Packages/com.unity.render-pipelines.core/Editor/Lighting/Icons/LightUnitIcons/d_BrightSky@2x.png using Guid(9a278b70c427e8e4caa47a45a5d59de8) (TextureImporter) -> (artifact id: 'abb87cbfad23a52c5ac78b09a0c6fc01') in 0.000999209 seconds
Start importing Packages/com.unity.shadergraph/Editor/Resources/Icons/blackboard_dark@2x.png using Guid(aa09d480b04b3437db2ba9c9cdbc77be) (TextureImporter) -> (artifact id: '4357565f72f53893a594a35f6ec61f6e') in 0.000978042 seconds
Start importing Packages/com.unity.render-pipelines.core/Editor/LookDev/Icons/SunPosition.png using Guid(aa1dfcb67e8bf664d8d8a1821c118281) (TextureImporter) -> (artifact id: '47fa68d2d5f96a825714a97fdd9f748d') in 0.000939541 seconds
Start importing Packages/com.unity.render-pipelines.core/Editor/Lighting/Icons/LightUnitIcons/ExteriorLight.png using Guid(baa2eadff75899140ac64277e3f60453) (TextureImporter) -> (artifact id: '5f0ea946684229796014ea433df00b5d') in 0.000972083 seconds
Start importing Packages/com.unity.render-pipelines.core/Editor/LookDev/Icons/d_SunPosition@2x.png using Guid(ba2d3d7d05fd3e046b6d413365e9b11e) (TextureImporter) -> (artifact id: '988ae8ee0a4f4cec4ec49f254b44e69b') in 0.001294666 seconds
Start importing Assets/Piglet/Documentation/images/piglet-webgl-demo.png using Guid(ba3fd02f5b2c8e846b220218b3cc5e52) (TextureImporter) -> (artifact id: '76e1abe71358e52154631e317701cf02') in 0.031484042 seconds
Start importing Packages/com.unity.ugui/Editor Resources/Textures/btn_AlignBottom.psd using Guid(ca51b19024094d1b87f3e07edb0a75fb) (TextureImporter) -> (artifact id: 'a08644f3b483ee63e614dd4518c53471') in 0.001330292 seconds
Start importing Packages/com.unity.render-pipelines.core/Editor/Icons/MipLevels/VolumeProfile@64.png using Guid(ca82ccfbb5485754191e3778316b1424) (TextureImporter) -> (artifact id: '22c38876195ac0d77539da0957275a95') in 0.00106225 seconds
Start importing Packages/com.unity.render-pipelines.core/Editor/LookDev/Icons/d_Add@2x.png using Guid(daa49a1f06460a04b9827dd6f0bace08) (TextureImporter) -> (artifact id: 'c835abc69d6fea254b0d4dec54319929') in 0.001073542 seconds
Start importing Packages/com.unity.render-pipelines.core/Editor/LookDev/Icons/d_Layout1.png using Guid(da974c4d40533154a83d57ca90e34bb8) (TextureImporter) -> (artifact id: '7bd931364e976e7d36793386e13e9705') in 0.000932541 seconds
Start importing Packages/com.unity.render-pipelines.universal/Textures/BlueNoise16/L/LDR_LLL1_29.png using Guid(fa042edbfc40fbd4bad0ab9d505b1223) (TextureImporter) -> (artifact id: '5a79595d091c7fa6bab7bd17e5bc8ef5') in 0.000921458 seconds
Start importing Packages/com.unity.ugui/Editor Resources/Textures/btn_AlignJustified_Light.psd using Guid(fa6bd40a216346b783a4cce741d277a5) (TextureImporter) -> (artifact id: '45914ee4f6d18c31d873440152c652a4') in 0.003855375 seconds
Start importing Packages/com.unity.render-pipelines.core/Editor/Lighting/Icons/LightUnitIcons/d_BlueSky@2x.png using Guid(0b39f97ea330aac459e3fbb440f4b0d0) (TextureImporter) -> (artifact id: '536eebc5a53dce192161553c7a182e7f') in 0.001095791 seconds
Start importing Packages/com.unity.render-pipelines.core/Editor/Lighting/Icons/LightUnitIcons/InteriorLight@2x.png using Guid(1bb3da4ea375c37498c93327420e6a01) (TextureImporter) -> (artifact id: 'b5ee81fa51080e0132b285a0c0525568') in 0.001029125 seconds
Start importing Packages/com.unity.render-pipelines.core/Editor/Icons/RenderGraphViewer/ScriptLink@2x.png using Guid(2b2147ee427aa3a468912c85ba64c256) (TextureImporter) -> (artifact id: '44d63840df5f6770af115cad6e5027ca') in 0.001066958 seconds
Start importing Packages/com.unity.render-pipelines.universal/Shaders/FullscreenInvertColorsTemplate.png using Guid(2bf17b1d7445af843ad939d7527d8938) (TextureImporter) -> (artifact id: '3e1cc7607353574d088456ede8a7e8c2') in 0.015385584 seconds
Start importing Packages/com.unity.render-pipelines.core/Editor/LookDev/Icons/d_Link@2x.png using Guid(2b06c35710693f640babb3dcf747d06a) (TextureImporter) -> (artifact id: '9cfd517612c5af55dc135281b56af9c0') in 0.001375208 seconds
Start importing Packages/com.unity.render-pipelines.universal/Textures/BlueNoise256/LDR_LLL1_1.png using Guid(4b7b083e6b6734e8bb2838b0b50a0bc8) (TextureImporter) -> (artifact id: 'f56e47a525aaef4ee775c6a49b02a64a') in 0.002301417 seconds
Start importing Packages/com.unity.render-pipelines.core/Editor/Icons/RenderGraphViewer/d_Buffer@2x.png using Guid(5b418afba2ea4e542bbc80b91d784d20) (TextureImporter) -> (artifact id: 'd6c29015b4d9dd1e47b3b4659f66aad1') in 0.001217709 seconds
Start importing Packages/com.unity.render-pipelines.core/Editor/LookDev/Icons/LayoutVertical@2x.png using Guid(6b8067336fda8f040bb1f6d336ac08c5) (TextureImporter) -> (artifact id: '978032c967c798b9aa24e1e0364e599c') in 0.001329083 seconds
Start importing Packages/com.unity.shadergraph/Editor/Resources/Icons/SettingsIcons_hover.png using Guid(6bfd5f3c15e1ee7498657be747544985) (TextureImporter) -> (artifact id: '9d7e27be428e6d172f8945dad3470a5a') in 0.001168208 seconds
Start importing Packages/com.unity.ugui/Editor Resources/Textures/btn_AlignBaseLine.psd using Guid(8bc445bb79654bf496c92d0407840a92) (TextureImporter) -> (artifact id: '341b8186d97393456b841838e3b029d2') in 0.001127541 seconds
Start importing Packages/com.unity.render-pipelines.core/Editor/Lighting/Icons/PresetHair.png using Guid(9b18a8aa7da659344b2fce408beb09c3) (TextureImporter) -> (artifact id: '664ce55ea2866d7ba294dcd334e303b5') in 0.001148167 seconds
Start importing Packages/com.unity.render-pipelines.universal/Editor/Decal/Resources/DecalGizmo.png using Guid(9ba98ca4f0fc0754caca09e38af0cc0a) (TextureImporter) -> (artifact id: '87b7f1297e0fe932ba2663ba3edb95a3') in 0.001603417 seconds
Start importing Packages/com.unity.render-pipelines.core/Editor/LookDev/Icons/d_Rotation.png using Guid(abc6ce87642c5c1478a4b107d1c5688a) (TextureImporter) -> (artifact id: 'a808d8c42d525f0ee029e0421957fc1f') in 0.001423083 seconds
Start importing Packages/com.unity.render-pipelines.core/Editor/LookDev/Icons/LeftArrow.png using Guid(aba72f93e9005054dba8cb368c0bf724) (TextureImporter) -> (artifact id: '31fb6837472a2e4c131681a9391430ab') in 0.000797 seconds
Start importing Packages/com.unity.ugui/Editor Resources/Textures/btn_AlignMidline_Light.psd using Guid(bb42b2d967d6427983c901a4ffc8ecd9) (TextureImporter) -> (artifact id: '4d64d9fbaaac6e74a5445260db5a5a20') in 0.001196167 seconds
Start importing Packages/com.unity.render-pipelines.core/Editor/Lighting/Icons/LightUnitIcons/CloudySky.png using Guid(bb2cc982d8ff1aa4a9ce5ee5fdb29023) (TextureImporter) -> (artifact id: 'd2a62979331f551c3083219719ce874c') in 0.000956208 seconds
Start importing Packages/com.unity.render-pipelines.core/Editor/Lighting/Icons/PresetKick_Left.png using Guid(bb3de0f2ada94114cbb7cc74829de16d) (TextureImporter) -> (artifact id: 'c7b969348894f50af2cd4bb85ba96a61') in 0.001080667 seconds
Start importing Packages/com.unity.render-pipelines.universal/Textures/BlueNoise256/LDR_LLL1_3.png using Guid(cb76dd40fa7654f9587f6a344f125c9a) (TextureImporter) -> (artifact id: 'f5ceec19e5e77402820814b9defa2d13') in 0.002169083 seconds
Start importing Packages/com.unity.render-pipelines.core/Editor/LookDev/Icons/d_renderdoc.png using Guid(cbe929948d88af7409a05054bc8187c7) (TextureImporter) -> (artifact id: '7385f36ba214e59684bb2315cba36653') in 0.001121875 seconds
Start importing Packages/com.unity.render-pipelines.core/Editor/LookDev/Icons/Add.png using Guid(cbaeed03e5416aa4bae23110b63a0c7d) (TextureImporter) -> (artifact id: '41a6352b2b7850daf07a5b25fd40af38') in 0.001171792 seconds
Start importing Packages/com.unity.render-pipelines.core/Editor/Lighting/Icons/LightUnitIcons/ClearSky.png using Guid(db0321d865208c648ae843f39ab69004) (TextureImporter) -> (artifact id: '41dee84a8bb541d4392cce40a2b57da2') in 0.001581334 seconds
Start importing Packages/com.unity.render-pipelines.core/Editor/LookDev/Icons/d_Rotation@2x.png using Guid(db7aaa162a1a5a54b826d15b5b20fb06) (TextureImporter) -> (artifact id: '5bbe86ebac388b441e22e6692ee547ed') in 0.00140325 seconds
Start importing Packages/com.unity.render-pipelines.core/Editor/Lighting/Icons/LightUnitIcons/d_Shade.png using Guid(fbe2a78a665b37a4c9ec6623f42feb59) (TextureImporter) -> (artifact id: '5fc913f26c566c0841a919253c4caf99') in 0.000865458 seconds
Start importing Packages/com.unity.ugui/Editor Resources/Textures/SectionHeader_Dark.psd using Guid(fb5730e24283d0c489e5c7d0bee023d9) (TextureImporter) -> (artifact id: 'a00029b4d20fee91f8913f6a3a13aa27') in 0.001037209 seconds
Start importing Packages/com.unity.shadergraph/Editor/Resources/GraphView/Nodes/NodeChevronLeft.png using Guid(fb2ebd29216e958449e2ce6f37fde61d) (TextureImporter) -> (artifact id: '40a0f205712a6779bed3bf27a66435d4') in 0.001003416 seconds
Start importing Packages/com.unity.render-pipelines.universal/Editor/2D/Resources/LightCapBottomLeft.png using Guid(fb7e2c1cde476854fb7067dcca74511a) (TextureImporter) -> (artifact id: 'b8c347b0d872b71467717434c6ab2015') in 0.000903875 seconds
Start importing Packages/com.unity.render-pipelines.core/Editor/Lighting/Icons/d_LightPlacement_Icon@2x.png using Guid(fbee1c54ecff3d24e8f34e2bbd19390f) (TextureImporter) -> (artifact id: '70a50b155145716a704afc40f1b41beb') in 0.001006125 seconds
Start importing Packages/com.unity.render-pipelines.core/Editor/Lighting/Icons/LightUnitIcons/d_CloudySky.png using Guid(0c24a3ead3381ee4cb4574c5be266d87) (TextureImporter) -> (artifact id: '945b39ddf921f4c9e7554615c9e8b320') in 0.000679417 seconds
Start importing Packages/com.unity.render-pipelines.core/Editor/Lighting/Icons/LightUnitIcons/d_ExteriorLight@2x.png using Guid(0cd6ad04e58c5e1478f2925fa64f5b57) (TextureImporter) -> (artifact id: 'b0fbe1f9c1ff4197e5a1424f862b90dc') in 0.0009165 seconds
Start importing Packages/com.unity.searcher/Editor/Resources/FlatSkin/SearchSmallDownOff@2x.png using Guid(0c2aa48d028b3134dbbb5ceb57bff5ac) (TextureImporter) -> (artifact id: '575269a168ff566c685ccaa160aa18f0') in 0.001103041 seconds
Start importing Packages/com.unity.render-pipelines.core/Editor/Lighting/Icons/PresetBounce_Left.png using Guid(1c7013643e4df944492a5801199df62a) (TextureImporter) -> (artifact id: 'b84392aba63e4c4de0555678f262839b') in 0.001156166 seconds
Start importing Packages/com.unity.render-pipelines.core/Editor/LookDev/Icons/LayoutCustom.png using Guid(1cc4a70085896c04bbfbf60669963fc8) (TextureImporter) -> (artifact id: 'fd55922975f89b7d481539d87e31a45f') in 0.001070375 seconds
Start importing Packages/com.unity.render-pipelines.universal/Textures/BlueNoise16/L/LDR_LLL1_25.png using Guid(1c3c6d69a645b804fa232004b96b7ad3) (TextureImporter) -> (artifact id: '4cd55ffbb0ef5ceecf6c523bcc73be71') in 0.000895042 seconds
Start importing Packages/com.unity.render-pipelines.core/Editor/Icons/MipLevels/RenderGraphViewer/d_Resources@16.png using Guid(2c62c65904d676c489198d40c731befe) (TextureImporter) -> (artifact id: '73dabf5781211e59b4df6f0abcb9d682') in 0.001228125 seconds
Start importing Packages/com.unity.render-pipelines.universal/Textures/BlueNoise16/L/LDR_LLL1_4.png using Guid(2ca97df9d1801e84a8a8f2c53cb744f0) (TextureImporter) -> (artifact id: '2daee246f4718e54a88b9eb22a376e35') in 0.00114775 seconds
Start importing Packages/com.unity.render-pipelines.core/Editor/Icons/MipLevels/d_RenderPipelineResources@32.png using Guid(4c30e5cf9793c0044a32b7aadd4f6f5e) (TextureImporter) -> (artifact id: 'f97ef0fe38d16aec727949e6fb0b937c') in 0.00083275 seconds
Start importing Packages/com.unity.shadergraph/Editor/Resources/GraphView/Nodes/NodeChevronDown.png using Guid(4c07dcabd0a45844eb0889811a49b9bf) (TextureImporter) -> (artifact id: '0cdde639e4b8a5024888240089fec8da') in 0.0008975 seconds
Start importing Packages/com.unity.render-pipelines.universal/Textures/FilmGrain/Large02.png using Guid(5cdee82a77d13994f83b8fdabed7c301) (TextureImporter) -> (artifact id: 'f9c64c6a6b8820538f6f0923414d867e') in 0.007884958 seconds
Start importing Packages/com.unity.render-pipelines.core/Editor/Lighting/Icons/PresetRim_Left.png using Guid(6cec6e582e857c24bb9432ed7ff629f8) (TextureImporter) -> (artifact id: '112933dcb36cec5098ef78fb6c59c0f9') in 0.001901542 seconds
Start importing Packages/com.unity.render-pipelines.universal/Textures/BlueNoise16/L/LDR_LLL1_3.png using Guid(7ce2118f74614a94aa8a0cdf2e6062c3) (TextureImporter) -> (artifact id: '3ca590a0373f7b2e78a273e1a8f3616f') in 0.001580416 seconds
Start importing Packages/com.unity.render-pipelines.universal/Editor/2D/Resources/PixelPerfectCamera.png using Guid(7cba34d70552e144586a4d3ce4a33de5) (TextureImporter) -> (artifact id: 'cca598b958b18bf0e3b55fb5e02b895a') in 0.001457458 seconds
Start importing Packages/com.unity.render-pipelines.core/Editor/Icons/MipLevels/RenderGraphViewer/Resources@32.png using Guid(8c00ff63cd786b34685fe28d9d37c2b9) (TextureImporter) -> (artifact id: '2a128da2317a6f3cdafe862eea8c61ee') in 0.00162875 seconds
Start importing Packages/com.unity.render-pipelines.core/Editor/LookDev/Icons/d_Duplicate@2x.png using Guid(8ca869dd944d5f54e9ec614b26f10dcb) (TextureImporter) -> (artifact id: '83e0475d15c87be9be0315961c0ba660') in 0.005457125 seconds
Start importing Packages/com.unity.render-pipelines.core/Editor/LookDev/Icons/d_LayoutCustom.png using Guid(8c3a606a4a147a34c952b98bf038c662) (TextureImporter) -> (artifact id: '23d1acd9fc19f807bbf23b454cbae63f') in 0.005309792 seconds
Start importing Packages/com.unity.render-pipelines.core/Editor/LookDev/Icons/LayoutHorizontal.png using Guid(8ccec084228b3b74a898f38126eb142f) (TextureImporter) -> (artifact id: 'eb9154a8f6331c3cb6fbe4627555297e') in 0.001809833 seconds
Start importing Packages/com.unity.render-pipelines.core/Editor/LookDev/Icons/d_RenderDoc@2x.png using Guid(9c63b51755ec8c845b857cc73a35d606) (TextureImporter) -> (artifact id: '4a09548a989793fbe7b90538c469e837') in 0.002844459 seconds
Start importing Packages/com.unity.render-pipelines.core/Editor/LookDev/Icons/d_LayoutHorizontal@2x.png using Guid(9cad92999ddfa304495b735a55c78329) (TextureImporter) -> (artifact id: 'bc750ed42b3daa37f68b5fe87699814c') in 0.057744042 seconds
Start importing Packages/com.unity.render-pipelines.core/Editor/Icons/MipLevels/d_Volume@64.png using Guid(aca45e74fd5117e499180b8f31d39395) (TextureImporter) -> (artifact id: 'da64393feaed04d45ebabbf70c082fae') in 0.002524084 seconds
Start importing Packages/com.unity.render-pipelines.core/Editor/Lighting/Icons/LightUnitIcons/d_ExteriorLight.png using Guid(acd8a3fb93bb04b4db467ca2090011ae) (TextureImporter) -> (artifact id: '71288f2b486387b6f413360228c0f0e2') in 0.001355709 seconds
Start importing Packages/com.unity.render-pipelines.core/Editor/Lighting/Icons/LightUnitIcons/DecorativeLight@2x.png using Guid(ac6bd7230f54da84b8ad3a0e2b14b3d9) (TextureImporter) -> (artifact id: 'd493b889ec4fec1bbfc58358dfa5f488') in 0.001290666 seconds
Start importing Packages/com.unity.render-pipelines.core/Editor/Icons/MipLevels/Volume@128.png using Guid(bcac3edca050cd043be3942131c59be3) (TextureImporter) -> (artifact id: '38ddde63f9a40b6df232675c328ccf72') in 0.0017915 seconds
Start importing Packages/com.unity.render-pipelines.core/Editor/LookDev/Icons/d_Remove@2x.png using Guid(cc27e95868ab32345b74b8338c01ebed) (TextureImporter) -> (artifact id: '989f88944dabac05d5305ddc555d08fe') in 0.001701333 seconds
Start importing Packages/com.unity.render-pipelines.core/Editor/LookDev/Icons/d_SunPosition.png using Guid(cc99218b39d91f84e9a26fac406c07e7) (TextureImporter) -> (artifact id: '55e1c00784f1b082fce00747f24f5c25') in 0.001442375 seconds
Start importing Packages/com.unity.render-pipelines.core/Editor/Icons/RenderGraphViewer/MemorylessTexture@2x.png using Guid(ec3a3173916c141d8962a4466c366be6) (TextureImporter) -> (artifact id: '7ed03a77ebc6699d6ae04a9b1b35526e') in 0.001082292 seconds
Start importing Packages/com.unity.ugui/Editor Resources/Gizmos/TMP - Sprite Asset Icon.psd using Guid(ec7c645d93308c04d8840982af12101e) (TextureImporter) -> (artifact id: '858103563ec6e96a691fe2bc161e6bb3') in 0.001574417 seconds
Start importing Packages/com.unity.render-pipelines.universal/Editor/2D/Resources/Cinemachine.png using Guid(ec2f01df0bb1bfe459b5562a9e71c8d4) (TextureImporter) -> (artifact id: '94c3d43981b718b3a516841b48e735d8') in 0.002573 seconds
Start importing Packages/com.unity.render-pipelines.core/Editor/LookDev/Icons/d_CenterLight.png using Guid(fca3bc21b4600e04faaddb69c5fad81e) (TextureImporter) -> (artifact id: 'f26ddc56b886f99fa6bfd4973abb0af4') in 0.001188958 seconds
Start importing Packages/com.unity.render-pipelines.universal/Textures/BlueNoise16/L/LDR_LLL1_11.png using Guid(fc3fa8f108657e14486697c9a84ccfc5) (TextureImporter) -> (artifact id: '4f3e3479db678e3d7fe2ed7646e005e1') in 0.00099375 seconds
Start importing Packages/com.unity.render-pipelines.core/Editor/LookDev/Icons/d_Duplicate.png using Guid(0d692588b1d40e9429620400bd5efe63) (TextureImporter) -> (artifact id: 'b36e643fd26b3a1181d93208ffd4d02f') in 0.001033666 seconds
Start importing Packages/com.unity.ugui/Editor Resources/Textures/btn_AlignCapLine.psd using Guid(0d9a36012a224080966c7b55896aa0f9) (TextureImporter) -> (artifact id: 'd851415e621d2619164a67a7bf64faff') in 0.001060709 seconds
Start importing Packages/com.unity.render-pipelines.core/Editor/Lighting/Icons/d_LightPlacement_Icon On.png using Guid(1d70e8f2a6df91f46a8e5b4f2378c8bc) (TextureImporter) -> (artifact id: 'b4fb06541d41257a8227c7194f6af589') in 0.000916875 seconds
Start importing Packages/com.unity.render-pipelines.core/Editor/Lighting/Icons/LightUnitIcons/MediumAreaLight@2x.png using Guid(1dea3362fb2f72d46b7e3351a7e12ccf) (TextureImporter) -> (artifact id: 'b909de9a2476dc74412566e29e2b58f5') in 0.004163708 seconds
Start importing Packages/com.unity.render-pipelines.core/Editor/Lighting/Icons/PresetRim_Right.png using Guid(1deb07c84dc414b4388bf2970d0c9aef) (TextureImporter) -> (artifact id: '29dd60fceee952b91889f7b7a8844565') in 0.004429166 seconds
Start importing Packages/com.unity.render-pipelines.universal/Editor/ShaderGraph/GraphTemplates/UITKFullTemplate.png using Guid(3d3db9f7026a8344cbbc2353827bbbc0) (TextureImporter) -> (artifact id: '18e16e6a3cde805239127c815f48d0d1') in 0.058587167 seconds
Start importing Packages/com.unity.render-pipelines.core/Editor/LookDev/Icons/d_Layout1@2x.png using Guid(4de5e4f3717b2c548bd8b90b6c628b2f) (TextureImporter) -> (artifact id: 'a8f154b7f603c3eebdfcba5de17c6845') in 0.001840875 seconds
Start importing Packages/com.unity.render-pipelines.core/Editor/Lighting/Icons/PresetBounce_Right.png using Guid(4dac1eeb02c481340801b3ac458b2976) (TextureImporter) -> (artifact id: '45355ff44ab6cf6c646675cd52d4d6a0') in 0.001053083 seconds
Start importing Packages/com.unity.render-pipelines.universal/Textures/BlueNoise16/L/LDR_LLL1_15.png using Guid(4dcc0502f8586f941b5c4a66717205e8) (TextureImporter) -> (artifact id: 'f49ac0126214c7e238e49f883196d556') in 0.000877166 seconds
Start importing Packages/com.unity.render-pipelines.core/Editor/Icons/MipLevels/VolumeProfile@256.png using Guid(5d574cebaf0c0a34aa93a406ad65a61b) (TextureImporter) -> (artifact id: '2117675f709ed3dec5092e6e270959b3') in 0.001631917 seconds
Start importing Packages/com.unity.render-pipelines.core/Editor/Lighting/Icons/LightUnitIcons/Overcast@2x.png using Guid(5db8233d631a83f429153aaeb8f8333a) (TextureImporter) -> (artifact id: '3fbcc5d70dfbc92ab6fbaff00e6210e4') in 0.001146 seconds
Start importing Packages/com.unity.shadergraph/Editor/Resources/Icons/sg_graph_icon_gray_light.png using Guid(7d62654fc399cc349a1ed7e0eab44ff0) (TextureImporter) -> (artifact id: '58a6dfe64ab72a29ac0978fa98e959a7') in 0.001239917 seconds
Start importing Packages/com.unity.shadergraph/Editor/Resources/GraphView/Nodes/PreviewExpand.png using Guid(8df757582ef08984bb6c3510e3a9fd1e) (TextureImporter) -> (artifact id: '13bd5f0bee553e9a5b8839e0f914342e') in 0.001156375 seconds
Start importing Packages/com.unity.render-pipelines.core/Runtime/Sampling/Textures/SobolBlueNoise/SobolOwenScrambled256.png using Guid(8d786511913a2cb4aacb1f9a188652b4) (TextureImporter) -> (artifact id: '1e175a8b904e8336c4ada7d859eed72c') in 0.0018765 seconds
Start importing Packages/com.unity.render-pipelines.universal/Textures/BlueNoise16/L/LDR_LLL1_16.png using Guid(9d92991794bb5864c8085468b97aa067) (TextureImporter) -> (artifact id: '2df1f1350a8fb62c0fe590a59c141698') in 0.000852709 seconds
Start importing Packages/com.unity.render-pipelines.core/Editor/Lighting/Icons/LightPlacement_Icon@256.png using Guid(9d1f3c50fbb907f4fba5095da15f23dc) (TextureImporter) -> (artifact id: '002e03bfff0d2af6a38414984d02da3f') in 0.00199975 seconds
Start importing Packages/com.unity.render-pipelines.core/Runtime/Sampling/Textures/SobolBlueNoise/RankingTile256SPP.png using Guid(adf003e8db5aef64fa57c155f2e599be) (TextureImporter) -> (artifact id: 'c495939553bfe9f2511ff7efb0d57311') in 0.002504 seconds
Start importing Packages/com.unity.render-pipelines.core/Editor/Icons/MipLevels/d_RenderPipelineResources@16.png using Guid(adc1ce28e3842cd46b0a08e5ac86a647) (TextureImporter) -> (artifact id: '6360530504c0e4df78bef4048bf798fb') in 0.003869875 seconds
Start importing Packages/com.unity.render-pipelines.core/Editor/Resources/Gizmos/ProbeTouchupVolume.png using Guid(adc48c15b6dfb444b865f111178f02ec) (TextureImporter) -> (artifact id: 'a6d55b1bcb6464ba3987aaa127468215') in 0.00220925 seconds
Start importing Packages/com.unity.shadergraph/Editor/Resources/GraphView/Nodes/PreviewCollapse@2x.png using Guid(adc5cc7a4034e1b41b9341fa124ef43d) (TextureImporter) -> (artifact id: 'cc083c410ad98f041401f01e49edaec3') in 0.000838291 seconds
Start importing Packages/com.unity.render-pipelines.core/Editor/Lighting/Icons/PresetKick_Right.png using Guid(bdb354565d2d91e48a7ffe02442fe226) (TextureImporter) -> (artifact id: 'baba3c50c974c55e0ce1e30a41cf17f9') in 0.001017959 seconds
Start importing Packages/com.unity.render-pipelines.core/Editor/LookDev/Icons/LookDev@2x.png using Guid(bd76726ffb1eb94429fb8143429bd978) (TextureImporter) -> (artifact id: '4e95755fcf3ef17de0c28c35dbf20c0b') in 0.001071958 seconds
Start importing Packages/com.unity.render-pipelines.core/Editor/Lighting/Icons/LightUnitIcons/VeryBrightSun.png using Guid(bdc9b1177bc1ad84e8532eec9f2dcc13) (TextureImporter) -> (artifact id: '2e6004896a5ee09f1c8e4f5349f6dd9d') in 0.000963875 seconds
Start importing Packages/com.unity.render-pipelines.universal/Textures/FilmGrain/Medium04.png using Guid(bd9e8c758250ef449a4b4bfaad7a2133) (TextureImporter) -> (artifact id: '2d6d89fcbfdb2b2884910777ea3ca50a') in 0.004542416 seconds
Start importing Packages/com.unity.render-pipelines.core/Editor/Icons/RenderGraphViewer/MultipleUsage.png using Guid(cd47f6d5edd2c7541a0baf3774a54fdd) (TextureImporter) -> (artifact id: 'dedc0ca158885428f48cadb08e96fbff') in 0.00124975 seconds
Start importing Packages/com.unity.render-pipelines.universal/Textures/FilmGrain/Thin02.png using Guid(dd77ffd079630404e879388999033049) (TextureImporter) -> (artifact id: 'afb5b6f02d4791f7a880f38328147f79') in 0.004142 seconds
Start importing Packages/com.unity.render-pipelines.core/Editor/Lighting/Icons/LightUnitIcons/InteriorLight.png using Guid(ddbb35633e84dde4a93c6662f696ae4c) (TextureImporter) -> (artifact id: '9200c67eb3a34cbd206663a206ba8708') in 0.001134917 seconds
Start importing Packages/com.unity.shadergraph/GraphTemplates/default_masks.png using Guid(dd2e21fb358baa649a7ad7d1d6e722f5) (TextureImporter) -> (artifact id: 'a44666d541515d60f9e5e63c8c6f0f4b') in 0.000806458 seconds
Start importing Packages/com.unity.render-pipelines.core/Editor/Lighting/Icons/LightUnitIcons/Candlelight.png using Guid(eda062bf16e02ef44a7bf24336ddac6c) (TextureImporter) -> (artifact id: 'b7b14ff0e4d437d1dd3bae965f2fd907') in 0.000926 seconds
Start importing Packages/com.unity.ugui/Editor Resources/Textures/btn_AlignTop_Light.psd using Guid(ed041e68439749a69d0efa0e3d896c2e) (TextureImporter) -> (artifact id: '64849603e118eca9a9bc3e63ad247a86') in 0.000977417 seconds
Start importing Packages/com.unity.render-pipelines.core/Editor/Icons/RenderGraphViewer/d_AccelerationStructure@2x.png using Guid(ed7bb161ec84da2458e0b8730958a76a) (TextureImporter) -> (artifact id: '0f9ea7a6b13bf59278963d6211a47726') in 0.000854958 seconds
Start importing Packages/com.unity.render-pipelines.universal/Textures/BlueNoise16/L/LDR_LLL1_8.png using Guid(ed5ea7ce59ca8ec4f9f14bf470a30f35) (TextureImporter) -> (artifact id: 'd3875bd6c59e043c56c00bd20f691dfe') in 0.000869041 seconds
Start importing Packages/com.unity.render-pipelines.universal/Textures/FilmGrain/Large01.png using Guid(fd2fd78b392986e42a12df2177d3b89c) (TextureImporter) -> (artifact id: '2aa3f6e0d87954ccbee8167cb7936ce1') in 0.004432667 seconds
Start importing Packages/com.unity.render-pipelines.core/Editor/Lighting/Icons/LightUnitIcons/MediumAreaLight.png using Guid(1eb691390c444f14bac0868bd61fd451) (TextureImporter) -> (artifact id: '7954f8eaa354206d7ded8753516e7fb0') in 0.000793292 seconds
Start importing Packages/com.unity.render-pipelines.core/Editor/Lighting/Icons/LightUnitIcons/DecorativeLight.png using Guid(1e2ae1a12a2a1ff498cab6444b9cd394) (TextureImporter) -> (artifact id: '007c16e2cb511e1f8cd0b330481a651c') in 0.000621833 seconds
Start importing Packages/com.unity.shadergraph/Editor/Resources/GraphView/Nodes/BlackboardFieldExposed.png using Guid(2e8113252e9a1b245a81dc384ae86446) (TextureImporter) -> (artifact id: '1405e9d54e3da80800ede13893d69d90') in 0.000914333 seconds
Start importing Packages/com.unity.render-pipelines.core/Editor/LookDev/Icons/Rotation.png using Guid(2ee66e81975377745aaa59fe11ad374d) (TextureImporter) -> (artifact id: '3f9cd793b9702aa433e9621aaeb02e32') in 0.001303792 seconds
Start importing Packages/com.unity.render-pipelines.core/Editor/Icons/MipLevels/d_VolumeProfile@16.png using Guid(2e6a4056f58607f4cb9a7430cffd3cf0) (TextureImporter) -> (artifact id: 'dc68f2cf9b0766fc60302ec1db213ee0') in 0.0008845 seconds
Start importing Packages/com.unity.render-pipelines.core/Editor/Icons/MipLevels/Volume@64.png using Guid(3e1119a71344058429824f48f89db02a) (TextureImporter) -> (artifact id: '6c5b452d19f660d92471de8e70727497') in 0.000869042 seconds
Start importing Packages/com.unity.ugui/Editor Resources/Gizmos/TMP - Input Field Icon.psd using Guid(3ee40aa79cd242a5b53b0b0ca4f13f0f) (TextureImporter) -> (artifact id: 'd7257f8c8e8e0d347b5840ebadb92de6') in 0.001542125 seconds
Start importing Packages/com.unity.render-pipelines.core/Editor/Icons/MipLevels/Volume@16.png using Guid(3e0af3c90ea2a304c8c241c8fbdce6e5) (TextureImporter) -> (artifact id: '3c1f7c3c0ebd9efae8dbd4daf319a050') in 0.000815834 seconds
Start importing Packages/com.unity.render-pipelines.core/Editor/Icons/RenderGraphViewer/d_PassInspector@2x.png using Guid(4e0d4fae0554052489fc6918c357d43c) (TextureImporter) -> (artifact id: '4797f79429c2dcd862f32c66521f0887') in 0.001091583 seconds
Start importing Packages/com.unity.render-pipelines.core/Editor/Icons/RenderGraphViewer/d_ScriptLink@2x.png using Guid(5e032f76278407d46a6a3dc6ff0bdc36) (TextureImporter) -> (artifact id: '6d46f6f311656de17278e5486136bbe9') in 0.00129375 seconds
Start importing Packages/com.unity.shadergraph/GraphTemplates/Cross Pipeline/TerrainStandardTemplateThumbnail.png using Guid(6e413e07ed366984daa954acc11e85e9) (TextureImporter) -> (artifact id: 'f8e753c0d3131529f01cc935bb381eaa') in 0.020576791 seconds
Start importing Packages/com.unity.render-pipelines.core/Editor/Icons/RenderGraphViewer/d_Resources@2x.png using Guid(6eb2e156a8a1f8149b02f135509f10ea) (TextureImporter) -> (artifact id: '2b2c21711cc777ff7b31449186b006da') in 0.001164584 seconds
Start importing Packages/com.unity.render-pipelines.core/Editor/Lighting/Icons/LightUnitIcons/MoonlessNight@2x.png using Guid(6e5a98aaa576d99408eeba30eb91eaba) (TextureImporter) -> (artifact id: '85c2b40ce1dbfb25574cba573d120242') in 0.00129875 seconds
Start importing Packages/com.unity.render-pipelines.universal/Editor/2D/Resources/InspectorIcons/PointLight.png using Guid(6eaa9958d83ec43499e946a21edba283) (TextureImporter) -> (artifact id: 'cd257a5e24e8c19b3f758e5785d08d48') in 0.001913083 seconds
Start importing Packages/com.unity.render-pipelines.core/Editor/PostProcessing/LensFlareResource/Flare@2x.png using Guid(6e8cc863e4120a341b5e87a5235120c4) (TextureImporter) -> (artifact id: '9fae6ce1c4b14efbd3c7d213f6dc7f94') in 0.001384375 seconds
Start importing Packages/com.unity.render-pipelines.core/Editor/Icons/MipLevels/d_RenderPipelineResources@64.png using Guid(7ef0eb993d6c43645b45ffcf1c0a91f0) (TextureImporter) -> (artifact id: '75a289dea2cfa4e8f1bc8613546a198b') in 0.001039375 seconds
Start importing Packages/com.unity.shadergraph/Editor/Resources/GraphView/Nodes/NodeChevronLeft@2x.png using Guid(7e575e166832cb7478f6d674d896b778) (TextureImporter) -> (artifact id: '07fde077bd7af54a246320c86836610c') in 0.001236291 seconds
Start importing Packages/com.unity.render-pipelines.core/Editor/Lighting/Icons/LightUnitIcons/d_Fluorescent@2x.png using Guid(9ed59abbb45e72140ae72a33b30ea19e) (TextureImporter) -> (artifact id: '805c68956af63baed3085fd92584bd1f') in 0.001238291 seconds
Start importing Packages/com.unity.shadergraph/Editor/Resources/Icons/blackboard@2x.png using Guid(aed2175e23cfe426e8678485b004714e) (TextureImporter) -> (artifact id: '05a7b0be7f72fa3b00cfc22524feec34') in 0.001193333 seconds
Start importing Assets/PoliceStationMobile/Preview_Hero.png using Guid(ae735328620d44447a8657268ffab1f2) (TextureImporter) -> (artifact id: '3abbd66e6d0b694fdf8696c0016ed04c') in 0.019270458 seconds
Start importing Packages/com.unity.render-pipelines.core/Editor/Lighting/Icons/LightPlacement_Icon@64.png using Guid(ce171bd6b515f1647a9a2c608ff705bb) (TextureImporter) -> (artifact id: '1f2ac26479a32604309a718f8d9c263c') in 0.001334333 seconds
Start importing Packages/com.unity.render-pipelines.universal/Editor/Gizmos/Camera_Overlay.png using Guid(de8dba0dc20209d4086c0dd93ddf0dd4) (TextureImporter) -> (artifact id: 'aa4c4933e21ab9d29c0c482e122b8e4b') in 0.004886083 seconds
Start importing Packages/com.unity.ugui/Editor Resources/Gizmos/TMP - Font Asset Icon.psd using Guid(ee148e281f3c41c5b4ff5f8a5afe5a6c) (TextureImporter) -> (artifact id: '2cc412bcbc96fe283c60d89d16529c2c') in 0.00186675 seconds
Start importing Assets/Piglet/Documentation/images/legacy-animation-components-figure.png using Guid(0f81a0d69d948db4681c00502f8209d5) (TextureImporter) -> (artifact id: 'cdc83d3a8efac031059ad4145d28654a') in 0.037013375 seconds
Start importing Packages/com.unity.shadergraph/GraphTemplates/Cross Pipeline/LitParticleTemplateThumbnail.png using Guid(0f0c228bd0a3835428c403a8d1568ef5) (TextureImporter) -> (artifact id: '604955217900e76c68c498e2f2ff16f9') in 0.082564666 seconds
Start importing Packages/com.unity.render-pipelines.core/Editor/Lighting/Icons/LightUnitIcons/Shade@2x.png using Guid(1f20ae185bcb2254a844ed304955beb3) (TextureImporter) -> (artifact id: '7b7af4b619db3b0eaf3faec8ad54babe') in 0.002845875 seconds
Start importing Packages/com.unity.shadergraph/GraphTemplates/Subgraphs/SmallNoiseMask.tga using Guid(2fe31a8312ab8524ebd8601be367f0c8) (TextureImporter) -> (artifact id: 'edba24b2b016818fd9442e4b27fecfb4') in 0.001341959 seconds
Start importing Packages/com.unity.render-pipelines.core/Editor/LookDev/Icons/SunPosition@2x.png using Guid(2f75c34a5bc525545916fb8367422dd0) (TextureImporter) -> (artifact id: 'bf7e59048c300196a65df4be17150c81') in 0.001343333 seconds
Start importing Packages/com.unity.ugui/Editor Resources/Gizmos/TMP - Text Component Icon.psd using Guid(2fd6421f253b4ef1a19526541f9ffc0c) (TextureImporter) -> (artifact id: 'a84f500b5884afa3e5d9289ea22e5385') in 0.001588875 seconds
Start importing Packages/com.unity.shadergraph/Editor/Resources/Icons/sg_subgraph_icon.png using Guid(2f2e2190c36a7b54295d734e567b3e44) (TextureImporter) -> (artifact id: 'a3c03864b5d09d8d83f7cd61c25e1150') in 0.00106325 seconds
Start importing Packages/com.unity.render-pipelines.core/Editor/LookDev/Icons/LayoutCustom@2x.png using Guid(2fffe801f98fb314484382ea4affcf94) (TextureImporter) -> (artifact id: '0f58c2bde359eb73788d646a91358c21') in 0.001095208 seconds
Start importing Packages/com.unity.render-pipelines.core/Editor/Lighting/Icons/LightUnitIcons/d_Candlelight.png using Guid(3f9a63faecec9a34c9ffbfedd9ac5c3b) (TextureImporter) -> (artifact id: '99f371bdeaaa505264cc2cef7afd51a8') in 0.002162958 seconds
Start importing Packages/com.unity.render-pipelines.core/Editor/LookDev/Icons/d_Remove.png using Guid(4ff71d806d58fd041be6e55d1d1ca70e) (TextureImporter) -> (artifact id: '0569128317cfb4c402260a29276cb8ed') in 0.00104225 seconds
Start importing Packages/com.unity.render-pipelines.universal/Editor/2D/Resources/SceneViewIcons/GlobalLight.png using Guid(7f923c32ff8dfab40b5673135ddb6cd4) (TextureImporter) -> (artifact id: '4de5644131c979d4675c47cffa0d1a56') in 0.002235125 seconds
Start importing Packages/com.unity.render-pipelines.universal/Editor/2D/Resources/InspectorIcons/GlobalLight.png using Guid(8f5dd14b314efbe4684329d8a14bbe38) (TextureImporter) -> (artifact id: 'e6f0a9d6e7792672b231481d09085d95') in 0.001168792 seconds
Start importing Packages/com.unity.render-pipelines.universal/Textures/BlueNoise16/L/LDR_LLL1_12.png using Guid(bfed3e498947fcb4890b7f40f54d85b9) (TextureImporter) -> (artifact id: '0ac75e720c467b63dd38df3cb06aa849') in 0.000901583 seconds
Start importing Packages/com.unity.render-pipelines.core/Editor/LookDev/Icons/renderdoc.png using Guid(cf13fb90f91d2a545a00591d75b43bd8) (TextureImporter) -> (artifact id: '24019a0ebeb245e82f369e0a70702e13') in 0.000919666 seconds
Start importing Packages/com.unity.render-pipelines.core/Editor/Lighting/Icons/LightAnchor_Icon.png using Guid(df491817340312f439c32f95902ddee7) (TextureImporter) -> (artifact id: 'c3b9871f2b291960aefc5c052e18314a') in 0.001339542 seconds
Start importing Packages/com.unity.render-pipelines.core/Editor/LookDev/Icons/RightArrow.png using Guid(df4dc708bd8692446a6d5c3531ac377b) (TextureImporter) -> (artifact id: '2e01cf061ed419fdbb5ceeccce457f5c') in 0.001062666 seconds
Start importing Packages/com.unity.render-pipelines.core/Editor/Lighting/Icons/LightPlacement_Icon@16.png using Guid(ef06ba4eb3daf484f8b1a9e1ac266945) (TextureImporter) -> (artifact id: 'd154bb8bbc414216de69926e065a56f0') in 0.000760875 seconds
Start importing Packages/com.unity.render-pipelines.universal/Textures/BlueNoise16/L/LDR_LLL1_28.png using Guid(ff47e5a0f105eb34883b973e51f4db62) (TextureImporter) -> (artifact id: '8b33a49979e9bf7db351c405d5df31de') in 0.000782334 seconds
Start importing Packages/com.unity.render-pipelines.core/Editor/LookDev/Icons/d_LookDev@2x.png using Guid(ffdf80dc342e69344b2dccafe04c30ee) (TextureImporter) -> (artifact id: '1cbe1c8163be7153e02c30ee09327ef8') in 0.001062666 seconds
Start importing Packages/com.unity.render-pipelines.core/Runtime/GPUDriven/OcclusionCullingDebugShaderVariables.cs.hlsl using Guid(00f96d87bb315084d89b58bd90c5304a) (ShaderIncludeImporter) -> (artifact id: '200b9e60b9d1347961ff2f9d0d5909f1') in 0.000802958 seconds
Start importing Packages/com.unity.render-pipelines.core/Runtime/GPUDriven/OcclusionTestCommon.hlsl using Guid(1024f2cfcd9723443be47989a040394e) (ShaderIncludeImporter) -> (artifact id: '4fbd482f007b8daccf1511048446913b') in 0.000726458 seconds
Start importing Packages/com.unity.render-pipelines.universal/ShaderLibrary/NormalReconstruction.hlsl using Guid(20013f01a8cbaef4c9545926c27b8d73) (ShaderIncludeImporter) -> (artifact id: '9f4a81eccee92a059d041ae960bd07f1') in 0.0008265 seconds
Start importing Packages/com.unity.render-pipelines.universal/Editor/ShaderGraph/Includes/Varyings.hlsl using Guid(2085a40153652db43a116297c1924476) (ShaderIncludeImporter) -> (artifact id: 'd0003ba4e16dd5dc29a9a311023b8ca1') in 0.000570792 seconds
Start importing Packages/com.unity.render-pipelines.core/ShaderLibrary/API/Validate.hlsl using Guid(30ba55673585a6e4f9afd796eb8b170e) (ShaderIncludeImporter) -> (artifact id: '7ff7c9773558a7df2eae3c89b7be433f') in 0.000735708 seconds
Start importing Packages/com.unity.render-pipelines.core/Runtime/ShaderLibrary/Sampling/Hammersley.cs.hlsl using Guid(5060b04656b69294cb1c5d9dc7185ad2) (ShaderIncludeImporter) -> (artifact id: '19f208623878e4987fae8626ec1df2db') in 0.000753875 seconds
Start importing Packages/com.unity.shadergraph/Editor/Generation/Targets/BuiltIn/ShaderLibrary/DeclareDepthTexture.hlsl using Guid(5080cbd4eecd4a74b849da7f9b53632b) (ShaderIncludeImporter) -> (artifact id: '707058c823c0f5060dca12b2828c9ba1') in 0.000667584 seconds
Start importing Packages/com.unity.shadergraph/Editor/Generation/Targets/BuiltIn/Editor/ShaderGraph/Includes/UnlitPass.hlsl using Guid(50370b309724a0440808e87f08aed757) (ShaderIncludeImporter) -> (artifact id: 'a902870d79012a924e376fe6a959101c') in 0.000751958 seconds
Start importing Packages/com.unity.render-pipelines.core/Runtime/UnifiedRayTracing/Compute/RadeonRays/kernels/aabb.hlsl using Guid(6065e50fcb17cf247938a4f5ed300176) (ShaderIncludeImporter) -> (artifact id: 'de4cb0bac77e1dc33d5153fc181888ca') in 0.00090375 seconds
Start importing Packages/com.unity.render-pipelines.core/Runtime/GPUDriven/InstanceOcclusionCullerShaderVariables.cs.hlsl using Guid(60581e86aa47d834785ca132fc385273) (ShaderIncludeImporter) -> (artifact id: 'ba711ec29549438de294187ede08dd2c') in 0.000587916 seconds
Start importing Packages/com.unity.render-pipelines.universal/Shaders/BakedLitForwardPass.hlsl using Guid(70003ec87ea6481a920369a377c1b623) (ShaderIncludeImporter) -> (artifact id: '43fd09ad54edddb1fb3da29c39dc660e') in 0.000609458 seconds
Start importing Packages/com.unity.shadergraph/ShaderGraphLibrary/ShaderVariablesFunctions.hlsl using Guid(7084c0669cdb2af4ab8c669b3139e0df) (ShaderIncludeImporter) -> (artifact id: '99b6d4961571c1f382558e570b862e11') in 0.00061775 seconds
Start importing Packages/com.unity.render-pipelines.universal/Runtime/RendererFeatures/SurfaceCacheGI/SurfaceCacheCore/PatchUtil.hlsl using Guid(804415e4b1bf68147a30546faefeeb0b) (ShaderIncludeImporter) -> (artifact id: '3409782ff82f50f9dca1350510d6f207') in 0.000761083 seconds
Start importing Packages/com.unity.render-pipelines.core/Runtime/UnifiedRayTracing/FetchGeometry.hlsl using Guid(8089a70b4819c714295530d5e01d5d36) (ShaderIncludeImporter) -> (artifact id: 'f2d72e8002ea7f79091a66ed7472a26b') in 0.000854083 seconds
Start importing Packages/com.unity.render-pipelines.universal/ShaderLibrary/DBuffer.hlsl using Guid(9041fd6e0797cf74a8f08340e6157c0d) (ShaderIncludeImporter) -> (artifact id: 'b029d5fd438e295b17378139da4d3437') in 0.000608875 seconds
Start importing Packages/com.unity.shadergraph/Editor/Generation/Targets/BuiltIn/ShaderLibrary/ShaderTypes.cs.hlsl using Guid(90c38a95e899f254f984aef093366e94) (ShaderIncludeImporter) -> (artifact id: '7b1037aa0564bb1c4f8c1e8b0e0135e3') in 0.000789583 seconds
Start importing Packages/com.unity.render-pipelines.core/ShaderLibrary/Debug.hlsl using Guid(90f3145f58b7eb44cb4252ac2a3ab258) (ShaderIncludeImporter) -> (artifact id: 'f5b988e0707d4b932ffda7e1ccaea7b5') in 0.000709417 seconds
Start importing Packages/com.unity.render-pipelines.core/ShaderLibrary/HDROutput.hlsl using Guid(b06473c622f844540bd141fc0efae169) (ShaderIncludeImporter) -> (artifact id: 'a35aac64096c91582a6e290b0cceb13b') in 0.000799083 seconds
Start importing Packages/com.unity.render-pipelines.universal/Shaders/Particles/ParticlesSimpleLitForwardPass.hlsl using Guid(d0ccc42c5a0934462a0ff237772dceff) (ShaderIncludeImporter) -> (artifact id: 'dac9702cdf65791bfb6764afa8e18713') in 0.000714166 seconds
Start importing Packages/com.unity.render-pipelines.universal/Shaders/Terrain/TerrainLitMetaPass.hlsl using Guid(d00e32bd7638d40538d108b4e2581147) (ShaderIncludeImporter) -> (artifact id: '51a6e1daa4a4233f6b3f8fad6c694116') in 0.00070025 seconds
Start importing Packages/com.unity.render-pipelines.core/ShaderLibrary/API/WebGPU.hlsl using Guid(e0badbba7ccb42748817520dc250e720) (ShaderIncludeImporter) -> (artifact id: 'd88fb2f2d9e2be463ba910494a604db1') in 0.000511167 seconds
Start importing Packages/com.unity.shadergraph/Editor/Generation/Targets/BuiltIn/ShaderLibrary/Core.hlsl using Guid(e01bb373f731e2946bb996c6b980c1ab) (ShaderIncludeImporter) -> (artifact id: '2f1c7a85fdc1aafb620ae74c7404aef3') in 0.00068725 seconds
Start importing Packages/com.unity.render-pipelines.universal/Shaders/Utils/FogDeferred.hlsl using Guid(0172f7cbd9e44e8b844a485dbd8e8349) (ShaderIncludeImporter) -> (artifact id: 'd0300505a4d2770e052cc4c51fc8ffc6') in 0.001277791 seconds
Start importing Packages/com.unity.render-pipelines.core/ShaderLibrary/Sampling/SampleUVMappingInternal.hlsl using Guid(01b8f0e33ff01164da19412b5fbdc7d4) (ShaderIncludeImporter) -> (artifact id: 'b3db4251ee50bf482427683d81dfdcec') in 0.000891042 seconds
Start importing Packages/com.unity.render-pipelines.universal/Shaders/Particles/ParticlesSimpleLitInput.hlsl using Guid(01fa3f8c89aa44160b9a735fc22362d0) (ShaderIncludeImporter) -> (artifact id: '2f8c803136dd9b49e9b2aaefa0f69b6f') in 0.000775125 seconds
Start importing Packages/com.unity.render-pipelines.core/ShaderLibrary/Random.hlsl using Guid(11914c30949383848ab39385375eff34) (ShaderIncludeImporter) -> (artifact id: '782f9f9e5b2e03acb2bb674d2417edcd') in 0.000553709 seconds
Start importing Packages/com.unity.render-pipelines.universal/Shaders/LitForwardPass.hlsl using Guid(116bd973269b9f741b7177c8523b9e50) (ShaderIncludeImporter) -> (artifact id: 'db0dd0e8869b68637c022675d96e785e') in 0.001018792 seconds
Start importing Packages/com.unity.render-pipelines.core/Runtime/STP/StpCommon.hlsl using Guid(11eb6b38eb2cd494cb1ccc8742453265) (ShaderIncludeImporter) -> (artifact id: 'a9c9ddbcbf7226166ea74236f0376546') in 0.000695875 seconds
Start importing Packages/com.unity.shadergraph/Editor/Generation/Targets/BuiltIn/ShaderLibrary/SurfaceInput.hlsl using Guid(114d56cbf65e5a94ca8aaf64e35d43a9) (ShaderIncludeImporter) -> (artifact id: 'cd9e08cfcc4b5a5a8d39f4c542f7831e') in 0.000757041 seconds
Start importing Packages/com.unity.render-pipelines.universal/ShaderLibrary/Fog.hlsl using Guid(31a96610f8f1dce418026fb1dec1be06) (ShaderIncludeImporter) -> (artifact id: 'e5054d761a88c0a8df13c10c09922c6c') in 0.000524375 seconds
Start importing Packages/com.unity.render-pipelines.universal/Shaders/2D/Include/ShapeLightShared.hlsl using Guid(4151cfb2494f10243a255c8a553306e3) (ShaderIncludeImporter) -> (artifact id: '142d7ee5133d1abc9674f8626acd9469') in 0.000761709 seconds
Start importing Packages/com.unity.render-pipelines.universal/ShaderLibrary/ProbeVolumeVariants.hlsl using Guid(4156fde60711cfd4c9cc05a737bd013e) (ShaderIncludeImporter) -> (artifact id: 'b10cf71e97bf2606cc882f73c0903caf') in 0.000704042 seconds
Start importing Packages/com.unity.render-pipelines.universal/ShaderLibrary/VisualEffectVertex.hlsl using Guid(41a9ae1971520f84c89225b0e84299ec) (ShaderIncludeImporter) -> (artifact id: 'bb53964fb9d20a2f4c01189c020a3adb') in 0.000750958 seconds
Start importing Packages/com.unity.render-pipelines.core/Runtime/PostProcessing/HDROutputDefines.cs.hlsl using Guid(413c288ef05043d4285cf0407f8188b9) (ShaderIncludeImporter) -> (artifact id: '627e8592984465763508acb45f33b07a') in 0.00075275 seconds
Start importing Packages/com.unity.render-pipelines.universal/Shaders/Nature/SpeedTree7Input.hlsl using Guid(519469e5f151ddb40a650b66f48175cb) (ShaderIncludeImporter) -> (artifact id: '3bae4d32591754dcf53381557daeef5b') in 0.000565459 seconds
Start importing Packages/com.unity.render-pipelines.universal/ShaderLibrary/Shadows.deprecated.hlsl using Guid(51fae96488b3f402a8abcda4217b37e1) (ShaderIncludeImporter) -> (artifact id: 'b293d4e8ee14b25b7c1dd0bd5a68ba08') in 0.000502 seconds
Start importing Packages/com.unity.shadergraph/Editor/Generation/Targets/BuiltIn/ShaderLibrary/MetaInput.hlsl using Guid(51db4cfe7bc15d249a840d3643e41b7a) (ShaderIncludeImporter) -> (artifact id: 'e117fe6074bf7eefa199014ec97dddb3') in 0.000701667 seconds
Start importing Packages/com.unity.render-pipelines.core/ShaderLibrary/ThreadingSM6Impl.hlsl using Guid(517e6b6a28d958f4d957127836465b2e) (ShaderIncludeImporter) -> (artifact id: 'cb520658b743619e44daa91015a5f0dc') in 0.000939375 seconds
Start importing Packages/com.unity.render-pipelines.core/ShaderLibrary/Refraction.hlsl using Guid(61125f624d229884d8cff04fc0fceab7) (ShaderIncludeImporter) -> (artifact id: 'ec51dc7961a914dbb702f56003c51c6d') in 0.00071575 seconds
Start importing Packages/com.unity.render-pipelines.universal/ShaderLibrary/DOTS.hlsl using Guid(71338c4661f9c40249e1fdb27df62e92) (ShaderIncludeImporter) -> (artifact id: 'fb071ccf5881156df1b413098a64ede7') in 0.000585625 seconds
Start importing Packages/com.unity.render-pipelines.core/Runtime/UnifiedRayTracing/Compute/ComputeRaygenShader.hlsl using Guid(7176b7aa19c704f439cdab57ccf4bceb) (ShaderIncludeImporter) -> (artifact id: '3b8b03abc6020eb91950649506995728') in 0.000477416 seconds
Start importing Packages/com.unity.render-pipelines.universal/Editor/ShaderGraph/Includes/Terrain/PBRForwardPass.hlsl using Guid(713d6952dfc661f44b856f1bfc9a4880) (ShaderIncludeImporter) -> (artifact id: '7529ed13cdd73ff6b73b931959ce436e') in 0.00065725 seconds
Start importing Packages/com.unity.render-pipelines.core/Runtime/PostProcessing/LensFlareOcclusionPermutation.cs.hlsl using Guid(81fe9e8731660404b8d68e384d6c03a9) (ShaderIncludeImporter) -> (artifact id: '117c192bc1ebf39adffd68d625745dae') in 0.000417791 seconds
Start importing Packages/com.unity.render-pipelines.core/Runtime/Sampling/Common.hlsl using Guid(91796a9618276ff42930ee05801207aa) (ShaderIncludeImporter) -> (artifact id: 'b85205fcbe0b78e3391fab41ffc501a8') in 0.00063475 seconds
Start importing Packages/com.unity.render-pipelines.universal/ShaderLibrary/UniversalDOTSInstancing.hlsl using Guid(91bd1404255c4cb28a6c81f20300308f) (ShaderIncludeImporter) -> (artifact id: 'cbc46a1be732a58c87f4106e707f2bc0') in 0.000754166 seconds
Start importing Packages/com.unity.render-pipelines.core/ShaderLibrary/AmbientProbe.hlsl using Guid(a1a94b80a0038af4484e8122c5df419e) (ShaderIncludeImporter) -> (artifact id: 'cb8f629343b1a24ab991c72e064c4fc1') in 0.00055625 seconds
Start importing Packages/com.unity.render-pipelines.core/ShaderLibrary/VertexCubeSlicing.hlsl using Guid(b19e52fd23b5c7549b05da06be1b1614) (ShaderIncludeImporter) -> (artifact id: 'd3c11a4c2f9c2d7930f38a990c273b6c') in 0.000387125 seconds
Start importing Packages/com.unity.shadergraph/Editor/Generation/Targets/Fullscreen/Includes/FullscreenBlit.hlsl using Guid(c1931467a12255f489f3c72e4aa99ade) (ShaderIncludeImporter) -> (artifact id: '3dcd8326fa90636cf818d82c46fb1928') in 0.000561583 seconds
Start importing Packages/com.unity.shadergraph/Editor/Generation/Targets/BuiltIn/Editor/ShaderGraph/Templates/SharedCode.template.hlsl using Guid(d1c01b917a304614daf4994f4ca27e6d) (ShaderIncludeImporter) -> (artifact id: '0bf7a13027de60fa871fdd0015ba89db') in 0.00064825 seconds
Start importing Packages/com.unity.render-pipelines.core/ShaderLibrary/UnityInstancing.hlsl using Guid(e1cfc5ca61db3d448825f316ff92cb0b) (ShaderIncludeImporter) -> (artifact id: 'a8fb22e0b3f07d881a64078d4b66a813') in 0.000686333 seconds
Start importing Packages/com.unity.shadergraph/Editor/Generation/Targets/BuiltIn/Editor/ShaderGraph/Includes/BuildInputData.hlsl using Guid(f1a1da3eef3aa834d9c94eb0a5c04358) (ShaderIncludeImporter) -> (artifact id: '45864237a931476765752a829de100f1') in 0.000685125 seconds
Start importing Packages/com.unity.render-pipelines.core/Runtime/UnifiedRayTracing/Common.hlsl using Guid(f1fa02d2f89398244bd06abebd7e1840) (ShaderIncludeImporter) -> (artifact id: '2e6cc6c1656d9ea9b857a522cc1348b1') in 0.000602917 seconds
Start importing Packages/com.unity.render-pipelines.core/ShaderLibrary/DynamicScaling.hlsl using Guid(024209fcf73c38243ae3b71c8955f187) (ShaderIncludeImporter) -> (artifact id: '3d8dedb1f92ea079235990bbf993a3e9') in 0.000702417 seconds
Start importing Packages/com.unity.shadergraph/Editor/Generation/Targets/BuiltIn/Editor/ShaderGraph/Includes/PBRDeferredPass.hlsl using Guid(12263a5b80a209c44ae6188994252ecd) (ShaderIncludeImporter) -> (artifact id: '39906155d6c2a3d344fac87d9b8adc28') in 0.000592292 seconds
Start importing Packages/com.unity.shadergraph/Editor/Generation/Targets/BuiltIn/ShaderLibrary/SSAO.hlsl using Guid(225d6e653df7a2440a907ddd6d2dd1fc) (ShaderIncludeImporter) -> (artifact id: 'e8da4dc2e3583508d48729630af05f67') in 0.000609833 seconds
Start importing Packages/com.unity.shadergraph/Editor/Generation/Targets/BuiltIn/Editor/ShaderGraph/Includes/PBRForwardAddPass.hlsl using Guid(32b23321ec58ddc4e88879d693256c3a) (ShaderIncludeImporter) -> (artifact id: '78fa21cd7e095dd1e39b74c0b280a710') in 0.000518916 seconds
Start importing Packages/com.unity.render-pipelines.core/ShaderLibrary/SDF2D.hlsl using Guid(325b1a823e35d84478e89669f808ecb9) (ShaderIncludeImporter) -> (artifact id: '8e7abacd98b635045657d550b80af0ac') in 0.000544542 seconds
Start importing Packages/com.unity.render-pipelines.universal/ShaderLibrary/Debug/DebuggingFullscreen.hlsl using Guid(4203f0a40f114a18a614d8fa38c29be9) (ShaderIncludeImporter) -> (artifact id: 'a7952aa8b25986bd598716f03f5f9ffc') in 0.000692833 seconds
Start importing Packages/com.unity.shadergraph/Editor/Generation/Targets/BuiltIn/ShaderLibrary/Particles.hlsl using Guid(4273cde13e0f6f9428ee53ed68036d6a) (ShaderIncludeImporter) -> (artifact id: '07c80900ea7d55a752cc8555ea18a8a2') in 0.00067175 seconds
Start importing Packages/com.unity.render-pipelines.universal/Editor/2D/ShaderGraph/Includes/MeshNormalPass.hlsl using Guid(523042f52a938dd469d367936b00da21) (ShaderIncludeImporter) -> (artifact id: '8938139760ce25804f666acbb6178698') in 0.000664209 seconds
Start importing Packages/com.unity.shadergraph/ShaderGraphLibrary/LODDitheringTransition.hlsl using Guid(5248225944112fb418a213fa587fe10d) (ShaderIncludeImporter) -> (artifact id: '5a7c107ad0e8807ef6c3b8f56123a85b') in 0.000674708 seconds
Start importing Packages/com.unity.render-pipelines.core/Runtime/STP/STP.cs.hlsl using Guid(62ccbd1f548f598418c8662d9f7da3ee) (ShaderIncludeImporter) -> (artifact id: 'df9c346b77d143586b9418f3d074489d') in 0.000723541 seconds
Start importing Packages/com.unity.render-pipelines.universal/ShaderLibrary/UnityGBuffer.deprecated.hlsl using Guid(726f208616c14aa6a29cfa28e9f028dd) (ShaderIncludeImporter) -> (artifact id: 'acb87652b4d5b36c1b3ed85c6c49acaa') in 0.000561375 seconds
Start importing Packages/com.unity.render-pipelines.universal/ShaderLibrary/Unlit.hlsl using Guid(823e07282e194f119e8032f1555676ee) (ShaderIncludeImporter) -> (artifact id: '4492947ff33d0fb8f3d0ee416f791683') in 0.000399791 seconds
Start importing Packages/com.unity.render-pipelines.universal/Shaders/LitGBufferPass.hlsl using Guid(92673cbb58cac8e4d8b5d044ce912dd8) (ShaderIncludeImporter) -> (artifact id: 'da94a980b7f0a979d657269f6769b25b') in 0.000578583 seconds
Start importing Packages/com.unity.render-pipelines.universal/ShaderLibrary/DeclareNormalsTexture.hlsl using Guid(92a8a2733f9d18a44aad998449c6ee51) (ShaderIncludeImporter) -> (artifact id: '330219838c2d22ff78774201555f24c4') in 0.000488 seconds
Start importing Packages/com.unity.render-pipelines.universal/ShaderLibrary/MotionVectorsCommon.hlsl using Guid(a20568904d9c412459181938be987e12) (ShaderIncludeImporter) -> (artifact id: '3d88cfd1699bf9bfb464e46fbf1a64da') in 0.000649417 seconds
Start importing Packages/com.unity.render-pipelines.core/Runtime/PostProcessing/Shaders/LensFlareCommon.hlsl using Guid(a279154a65cb87e46a9922aeaf9b7bc4) (ShaderIncludeImporter) -> (artifact id: '3226eacfd8eda349d090cc16516b9082') in 0.000587208 seconds
Start importing Packages/com.unity.render-pipelines.universal/ShaderLibrary/Input.hlsl using Guid(b2555155ead696140913bef1ec93adf0) (ShaderIncludeImporter) -> (artifact id: 'f7d99524e37c67feebc9894512a9553d') in 0.000539958 seconds
Start importing Packages/com.unity.render-pipelines.universal/Shaders/Nature/SpeedTreeUtility.hlsl using Guid(c245162389fbe944dbc0d721bee26fe0) (ShaderIncludeImporter) -> (artifact id: '7e9da17f72b50f17948a72ff0169c1a4') in 0.000780209 seconds
Start importing Packages/com.unity.render-pipelines.core/Runtime/GPUDriven/InstanceData/InstanceWindDataUpdateDefs.cs.hlsl using Guid(f267e53cd6dfdee4c820be8c35548ffe) (ShaderIncludeImporter) -> (artifact id: '425137d45b59e7a8d86cb555cc1d7e5c') in 0.000636917 seconds
Start importing Packages/com.unity.render-pipelines.core/Runtime/UnifiedRayTracing/Compute/RadeonRays/kernels/intersect_structures.hlsl using Guid(f20cb86c2d6c414d9ff78df5fc04cd1d) (ShaderIncludeImporter) -> (artifact id: 'fe354a97d7673ddb942b5c5a66941454') in 0.000700125 seconds
Start importing Packages/com.unity.render-pipelines.core/ShaderLibrary/EntityLighting.hlsl using Guid(0303be75670325342b4bf5697686e77b) (ShaderIncludeImporter) -> (artifact id: 'b1dae7f1bd7ca9dcb96bd9220d49564d') in 0.000709667 seconds
Start importing Packages/com.unity.render-pipelines.universal/Editor/Terrain/TerrainBaseMapGenPass.hlsl using Guid(038de1c4d210733429acda9d6f95d183) (ShaderIncludeImporter) -> (artifact id: '2bc6ef567f3ba5599a1096f0dc394936') in 0.000577875 seconds
Start importing Packages/com.unity.render-pipelines.core/Runtime/GPUDriven/OcclusionCullingCommon.hlsl using Guid(13f1cda4ab8412041ac157181fa6e421) (ShaderIncludeImporter) -> (artifact id: '9508e71b0e339780597973dd9a9582a6') in 0.000775709 seconds
Start importing Packages/com.unity.render-pipelines.universal/Shaders/UnlitMetaPass.hlsl using Guid(138efaf7fb432134da44d5a4981a62ad) (ShaderIncludeImporter) -> (artifact id: '27c03322e925e28021de970d5d5008c2') in 0.000568791 seconds
Start importing Packages/com.unity.render-pipelines.universal/Editor/ShaderGraph/Includes/ShaderPassDecal.hlsl using Guid(131f64991fbd3cb4286f7fbc05dcf29e) (ShaderIncludeImporter) -> (artifact id: '0cd75daeb71a568e565cf195bc4e71c1') in 0.000627667 seconds
Start importing Packages/com.unity.render-pipelines.core/ShaderLibrary/Color.hlsl using Guid(23284bbc36146a94995a8a08e61f4e73) (ShaderIncludeImporter) -> (artifact id: '015cd738248042058fd6ee734aee60b0') in 0.000704125 seconds
Start importing Packages/com.unity.render-pipelines.core/Runtime/Vrs/Shaders/VrsTileSize.hlsl using Guid(234c0613ab6043a7852e6ab1a268352a) (ShaderIncludeImporter) -> (artifact id: 'e099b766c6a28593e25302ed78116b05') in 0.001180083 seconds
Start importing Packages/com.unity.render-pipelines.core/ShaderLibrary/TextureXR.hlsl using Guid(33098eef498723540b0b7705cf69a338) (ShaderIncludeImporter) -> (artifact id: '02f327cfded0cf12eb10ca5c2b88e256') in 0.0008005 seconds
Start importing Packages/com.unity.shadergraph/ShaderGraphLibrary/Nature/SpeedTreeCommon.hlsl using Guid(33eafb83c6bce0842b6887eebaf95436) (ShaderIncludeImporter) -> (artifact id: '0c90e2270419636f447db87e4559bb7c') in 0.000657583 seconds
Start importing Packages/com.unity.shadergraph/Editor/Generation/Templates/BuildVertexDescriptionInputs.template.hlsl using Guid(430a733c64a5c474787ac95203c2056b) (ShaderIncludeImporter) -> (artifact id: '632e7b0be9eb0285bfb6ca5e144f6648') in 0.000659417 seconds
Start importing Packages/com.unity.render-pipelines.core/ShaderLibrary/ScreenCoordOverride.hlsl using Guid(435c74ddc7b1fd744b934a196d6d3d82) (ShaderIncludeImporter) -> (artifact id: '3c801ef6f5a5fc5018b9d8ba96c9a3fb') in 0.000675292 seconds
Start importing Packages/com.unity.render-pipelines.core/Editor/Lighting/ProbeVolume/ProbePlacement.cs.hlsl using Guid(53a7b15acf3ceaf41b7f56dbca27f6c8) (ShaderIncludeImporter) -> (artifact id: '08db22b4bfa26ac4b7a01b4502685e2b') in 0.000633584 seconds
Start importing Packages/com.unity.render-pipelines.universal/ShaderLibrary/Core.hlsl using Guid(53686bf58189656459fca4c6ab04ebe5) (ShaderIncludeImporter) -> (artifact id: 'c2a256c307b5782ec860ef8f8ca4dcd6') in 0.0007225 seconds
Start importing Packages/com.unity.render-pipelines.core/ShaderLibrary/Macros.hlsl using Guid(6300b0e79f5d15e499b9d6b5d23ca01b) (ShaderIncludeImporter) -> (artifact id: '89c1ea0ea21c7eca6fbf3a2fdd2209c1') in 0.000680917 seconds
Start importing Packages/com.unity.render-pipelines.core/ShaderLibrary/Sampling/Fibonacci.hlsl using Guid(63275e6ba7e477f43a376217dc2e147f) (ShaderIncludeImporter) -> (artifact id: '67b0d854f445c108f2686ff5563325a2') in 0.000613959 seconds
Start importing Packages/com.unity.render-pipelines.universal/Shaders/Particles/ParticlesDepthNormalsPass.hlsl using Guid(637c27b6fe6224a06b2b066769d0a6e6) (ShaderIncludeImporter) -> (artifact id: 'ce3976ce067acbfa6db18e48d95f1f27') in 0.000832625 seconds
Start importing Packages/com.unity.render-pipelines.core/ShaderLibrary/MostRepresentativePoint.hlsl using Guid(73b08ea164ce48f382a510231156102f) (ShaderIncludeImporter) -> (artifact id: 'c27c07d654ffbc3e8d081c64ce49b649') in 0.000664084 seconds
Start importing Packages/com.unity.render-pipelines.universal/Editor/ShaderGraph/Includes/UnlitGBufferPass.hlsl using Guid(73b8a22390b7d43f7803cb609e674fe6) (ShaderIncludeImporter) -> (artifact id: '6212ed7d88f11bc2cada00cb4474faf9') in 0.000557667 seconds
Start importing Packages/com.unity.render-pipelines.universal/Runtime/VFXGraph/Shaders/VFXDefines.hlsl using Guid(730c9c8a21ae0a64aba043694dfacca7) (ShaderIncludeImporter) -> (artifact id: 'd7e5c7930f9b3f2a8524a57c28e40bf1') in 0.000562958 seconds
Start importing Packages/com.unity.render-pipelines.universal/Shaders/Utils/StencilDeferred.hlsl using Guid(83384e2d6206c8649ba879ec271c4254) (ShaderIncludeImporter) -> (artifact id: 'c1741e4057de1bf64c03aadb353fa034') in 0.00067975 seconds
Start importing Packages/com.unity.render-pipelines.core/Runtime/UnifiedRayTracing/Common/GeometryPool/GeometryPool.hlsl using Guid(839bff092489da0498be737d665c0665) (ShaderIncludeImporter) -> (artifact id: '0f747fb3b49abea30d27dae0e425e445') in 0.000784333 seconds
Start importing Packages/com.unity.render-pipelines.universal/Editor/Terrain/BuildTerrainVertexDescriptionInputs.template.hlsl using Guid(93d037989b854c24d8f2a8284a46acf3) (ShaderIncludeImporter) -> (artifact id: 'fff04758706545f29a29e6aa3b4f29ae') in 0.000647583 seconds
Start importing Packages/com.unity.render-pipelines.universal/ShaderLibrary/SSAO.hlsl using Guid(930a5f40803cb414b84db9a1889f890c) (ShaderIncludeImporter) -> (artifact id: '07aa601dd1b5fa522ae19095c9ec731b') in 0.00064675 seconds
Start importing Packages/com.unity.render-pipelines.core/ShaderLibrary/CommonLighting.hlsl using Guid(93bbf250faa37d446990b9501e7fb7e8) (ShaderIncludeImporter) -> (artifact id: '456184ffa1aac50844df96c27470d6f5') in 0.000820958 seconds
Start importing Packages/com.unity.render-pipelines.universal/Shaders/2D/Include/LightingUtility.hlsl using Guid(931e5ffca47cea54783e99bf989216b5) (ShaderIncludeImporter) -> (artifact id: 'de11e4cf930f153bed4eb851bdd12e74') in 0.000664417 seconds
Start importing Packages/com.unity.render-pipelines.universal/Shaders/Particles/ParticlesUnlitForwardPass.hlsl using Guid(a361552991159403bbd785132d5cb812) (ShaderIncludeImporter) -> (artifact id: '52a85ab96af1c284fa587292ab9c5139') in 0.000680084 seconds
Start importing Packages/com.unity.render-pipelines.universal/Shaders/Particles/ParticlesLitInput.hlsl using Guid(a3129e299d0744bb7bd42c2cea7cea2b) (ShaderIncludeImporter) -> (artifact id: '07cd3142f6a328b4dd50dca631586f08') in 0.000576375 seconds
Start importing Packages/com.unity.render-pipelines.universal/Runtime/RendererFeatures/SurfaceCacheGI/SurfaceCacheCore/PathTracing.hlsl using Guid(a30369464edbd71488d5d8fdb678695f) (ShaderIncludeImporter) -> (artifact id: 'f7ebf7be920621d9b1a23202f85aceea') in 0.000721042 seconds
Start importing Packages/com.unity.render-pipelines.core/ShaderLibrary/FoveatedRenderingKeywords.hlsl using Guid(c32bc6ee3c5a47b5829b4db408c79d3b) (ShaderIncludeImporter) -> (artifact id: '3636aebe82927ae6c83865486e890237') in 0.001157167 seconds
Start importing Packages/com.unity.render-pipelines.core/Runtime/Sampling/PathTracingSampler.hlsl using Guid(d330e4a95eccc4eb9bb75e79bc736ce7) (ShaderIncludeImporter) -> (artifact id: '07ed77f5cb47022daf0b7b3903f04cef') in 0.000759584 seconds
Start importing Packages/com.unity.shadergraph/Editor/Generation/Templates/BuildSurfaceDescriptionInputs.template.hlsl using Guid(d3b47ff860a51904395688d633cb1018) (ShaderIncludeImporter) -> (artifact id: '7b9ae673321c46b5d652b213150448c3') in 0.0006365 seconds
Start importing Packages/com.unity.render-pipelines.core/Runtime/PostProcessing/Shaders/ffx/ffx_a.hlsl using Guid(e3711cae0eaec834eb4ae197be7dd569) (ShaderIncludeImporter) -> (artifact id: '5b2d0e34acc18bb27ea8115aac26ccf0') in 0.000718833 seconds
Start importing Packages/com.unity.render-pipelines.universal/ShaderLibrary/BRDF.hlsl using Guid(e325eaafb90d419598a94581ba3335a4) (ShaderIncludeImporter) -> (artifact id: '64658394d846b3e15fbc50a1c8b404f2') in 0.000584875 seconds
Start importing Packages/com.unity.render-pipelines.core/ShaderLibrary/Sampling/SampleUVMapping.hlsl using Guid(f3e4d64dcf820e040a738f576d8d1f79) (ShaderIncludeImporter) -> (artifact id: '5f21f15e095bbfcfbbc9a03fb99f9c84') in 0.000616667 seconds
Start importing Packages/com.unity.render-pipelines.universal/Shaders/Nature/SpeedTree7Passes.hlsl using Guid(f3f941933e171854386001194281536f) (ShaderIncludeImporter) -> (artifact id: '2ccf47dc516883e7023e9e85554447d0') in 0.000663167 seconds
Start importing Packages/com.unity.render-pipelines.universal/Shaders/BakedLitMetaPass.hlsl using Guid(f31bf343921b848fa8e5cde15f1dbaab) (ShaderIncludeImporter) -> (artifact id: '0b1fdd55f93155bd1a35dadc29a47b5e') in 0.000772 seconds
Start importing Packages/com.unity.render-pipelines.core/ShaderLibrary/FoveatedRendering.hlsl using Guid(f36f5598be293c04db2a21f9e7463518) (ShaderIncludeImporter) -> (artifact id: '2bf3bec41aed5f0138582dd0cd46c47b') in 0.000625417 seconds
Start importing Packages/com.unity.render-pipelines.core/Runtime/UnifiedRayTracing/Bindings.hlsl using Guid(047623a35563f0e45bbfce747454416c) (ShaderIncludeImporter) -> (artifact id: 'd6dcf6cadb62096fa0d104f4fe471e03') in 0.000551208 seconds
Start importing Packages/com.unity.render-pipelines.universal/Runtime/VFXGraph/Shaders/VFXLit.hlsl using Guid(045a06f7c76196a43a929d2a916c7d95) (ShaderIncludeImporter) -> (artifact id: 'a62bcb0fc43aff1f72f08bdee603d4d7') in 0.000476042 seconds
Start importing Packages/com.unity.render-pipelines.core/ShaderLibrary/API/GLES3.hlsl using Guid(14a46e0dac04a0245b3f95359167b663) (ShaderIncludeImporter) -> (artifact id: '242e3876f0e365494e69183dc91034c2') in 0.000554417 seconds
Start importing Packages/com.unity.shadergraph/Editor/Generation/Targets/BuiltIn/ShaderLibrary/Lighting.hlsl using Guid(14bcae32932007341a82b552c24738fd) (ShaderIncludeImporter) -> (artifact id: '2afdc64e829e49fb80339ef9779adc96') in 0.000607125 seconds
Start importing Packages/com.unity.render-pipelines.universal/ShaderLibrary/Debug/DebugViewEnums.cs.hlsl using Guid(448811f26ae38ae4cbb2edb0d2b9186c) (ShaderIncludeImporter) -> (artifact id: '74c95890c202779f329cf6bb5229bca2') in 0.00071725 seconds
Start importing Packages/com.unity.render-pipelines.core/ShaderLibrary/CommonMaterial.hlsl using Guid(540178d5ddc29e74da771e38536aee22) (ShaderIncludeImporter) -> (artifact id: '465a2d9ca56f9557477c6a98f7ba65ad') in 0.000693208 seconds
Start importing Packages/com.unity.shadergraph/Editor/Generation/Targets/BuiltIn/Editor/ShaderGraph/Includes/LegacySurfaceVertex.hlsl using Guid(5461cde96a0881146aed77bccd1c72ec) (ShaderIncludeImporter) -> (artifact id: 'f89c2729cfa7c8f942d4ef3738c784b5') in 0.000641792 seconds
Start importing Packages/com.unity.shadergraph/Editor/Generation/Targets/Fullscreen/Includes/FullscreenCommon.hlsl using Guid(54f14acd1960c2a459a0fcd6c959938d) (ShaderIncludeImporter) -> (artifact id: '4703562ff5bd660eeb6a579fc33512e9') in 0.000547667 seconds
Start importing Packages/com.unity.render-pipelines.core/ShaderLibrary/Filtering.hlsl using Guid(54ca0b3b7814f804aac1450b38477c74) (ShaderIncludeImporter) -> (artifact id: '9b44bad3b320edabad789b8a955d3ae6') in 0.000685125 seconds
Start importing Packages/com.unity.render-pipelines.universal/ShaderLibrary/SurfaceInput.hlsl using Guid(546b9685ee7cc0941afd734baa08db2a) (ShaderIncludeImporter) -> (artifact id: 'e01ecd216b69a380356a94dfa1bd697a') in 0.00068925 seconds
Start importing Packages/com.unity.render-pipelines.universal/Editor/ShaderGraph/Includes/DecalMeshBiasTypeEnum.cs.hlsl using Guid(6483447b285419e4b89f8a853712e1ab) (ShaderIncludeImporter) -> (artifact id: '13788609ee3e530eb7e386fe3a5522e2') in 0.000631458 seconds
Start importing Packages/com.unity.render-pipelines.core/ShaderLibrary/ShaderDebugPrint.hlsl using Guid(6487e82b005541789deacb92eaa88bed) (ShaderIncludeImporter) -> (artifact id: '9df46d4723211796452a6ff53f434039') in 0.000567666 seconds
Start importing Packages/com.unity.render-pipelines.universal/Shaders/Terrain/TerrainDetailLitPasses.hlsl using Guid(749e1c2d203942319da1fdb1d94c5f2a) (ShaderIncludeImporter) -> (artifact id: 'b6111819b6b00b4ce7c3a41816d653d7') in 0.000707333 seconds
Start importing Packages/com.unity.render-pipelines.universal/Runtime/RendererFeatures/SurfaceCacheGI/SurfaceCacheCore/PathTracingMaterials.hlsl using Guid(8441f2d912ff46d418f324f16d4540c1) (ShaderIncludeImporter) -> (artifact id: 'a60375c41e2fe300bde942c4ca6e875d') in 0.000850375 seconds
Start importing Packages/com.unity.render-pipelines.core/Runtime/Sampling/SamplingResources.hlsl using Guid(a4f17041120a6f24c8d78d484c813aec) (ShaderIncludeImporter) -> (artifact id: '11c2293da77393bb0ff38da578dad87b') in 0.000727792 seconds
Start importing Packages/com.unity.render-pipelines.universal/ShaderLibrary/Debug/DebuggingCommon.hlsl using Guid(a419d344c87843af8e1ce2e8c571fcb6) (ShaderIncludeImporter) -> (artifact id: 'cbdbce475911215b7ad04a065144a717') in 0.000772916 seconds
Start importing Packages/com.unity.render-pipelines.universal/Shaders/Terrain/WavingGrassPasses.hlsl using Guid(b4bc78a1364154f15b718a412e9710b6) (ShaderIncludeImporter) -> (artifact id: '059c9cdb36269e647e1851718c299aeb') in 0.000732375 seconds
Start importing Packages/com.unity.render-pipelines.universal/Shaders/LitInput.hlsl using Guid(c46f85bf266d7496d9b3659acfbdc711) (ShaderIncludeImporter) -> (artifact id: '79d9d667344da248ee273844adaeb685') in 0.000531666 seconds
Start importing Packages/com.unity.render-pipelines.universal/Runtime/RendererFeatures/SurfaceCacheGI/SurfaceCacheCore/VectorLogic.hlsl using Guid(d4da391a9b2648a980105cdee7aba311) (ShaderIncludeImporter) -> (artifact id: '6e649a2e8a9f823321447110317b2ead') in 0.000566709 seconds
Start importing Packages/com.unity.render-pipelines.core/Runtime/Lighting/ProbeVolume/ProbeVolumeBlendStates.hlsl using Guid(e478f7f7b57c7ab46a2933b408f63161) (ShaderIncludeImporter) -> (artifact id: '826b28742c9d4e4aa3b575afc0abd720') in 0.0007255 seconds
Start importing Packages/com.unity.render-pipelines.core/ShaderLibrary/API/Metal.hlsl using Guid(f4d51e77f119d4dc8899ff02b46bb621) (ShaderIncludeImporter) -> (artifact id: 'a7452f5faa5f394b0cbc174e56ed4abf') in 0.000677458 seconds
Start importing Packages/com.unity.render-pipelines.core/ShaderLibrary/Sampling/Sampling.hlsl using Guid(f4c850bea2c5d45449ba8e228333c82c) (ShaderIncludeImporter) -> (artifact id: 'c6f22666467a1913aa7a5ee000d91863') in 0.000554459 seconds
Start importing Packages/com.unity.render-pipelines.core/ShaderLibrary/API/Vulkan.hlsl using Guid(05a00b34d7740a643a8a6de19c6d9aa6) (ShaderIncludeImporter) -> (artifact id: 'cf4a9f0ea85774ab6ef81e18e330be34') in 0.000713 seconds
Start importing Packages/com.unity.render-pipelines.universal/Shaders/2D/Include/InputData2D.hlsl using Guid(15c09e9f82634f5881e6676d62f25bcb) (ShaderIncludeImporter) -> (artifact id: '161e1a2c6929b3c12a52882f37b2aba7') in 0.000752875 seconds
Start importing Packages/com.unity.render-pipelines.core/ShaderLibrary/PhysicalCamera.hlsl using Guid(259e4e1d42f9302459819d218966a11c) (ShaderIncludeImporter) -> (artifact id: '58657bcef39ca300673eb76a02080f96') in 0.000633625 seconds
Start importing Packages/com.unity.shadergraph/Editor/Generation/Targets/BuiltIn/Editor/ShaderGraph/Includes/ShadowCasterPass.hlsl using Guid(35c8158e574671d43b32c60a61df1b0f) (ShaderIncludeImporter) -> (artifact id: '8b917fc134770d558a385ec32822a173') in 0.000601833 seconds
Start importing Packages/com.unity.render-pipelines.core/Runtime/UnifiedRayTracing/Compute/RadeonRays/kernels/bvh2il.hlsl using Guid(4541f1bb75b10ac4597809e3016f3026) (ShaderIncludeImporter) -> (artifact id: '22fe95e476e1e01e84b9ff3148fcf0e1') in 0.000572625 seconds
Start importing Packages/com.unity.render-pipelines.universal/Shaders/Nature/SpeedTree7CommonInput.hlsl using Guid(55e6929e00a20d64eadff49d59e097db) (ShaderIncludeImporter) -> (artifact id: '9cdca858a44dc82e77a68cb26686201b') in 0.000838083 seconds
Start importing Packages/com.unity.shadergraph/Editor/Generation/Targets/BuiltIn/Editor/ShaderGraph/Includes/ShaderPass.hlsl using Guid(65e35b38e39fde248977f1e9a8ec2e10) (ShaderIncludeImporter) -> (artifact id: 'ced89eb0a1e8cb8214937d7b8bef88ac') in 0.000756542 seconds
Start importing Packages/com.unity.render-pipelines.universal/ShaderLibrary/UnityInput.hlsl using Guid(6564342aa7c6ca44a86b97323a311d74) (ShaderIncludeImporter) -> (artifact id: '4beb49bad9e4a7b77fccd4f5f2959f2d') in 0.00062125 seconds
Start importing Packages/com.unity.render-pipelines.core/Editor/Lighting/ProbeVolume/VoxelizeScene.hlsl using Guid(7530ec596e48f41e2bc1cc954be9b805) (ShaderIncludeImporter) -> (artifact id: '78635e517d88ad23ae60c4c31f083bfd') in 0.000577042 seconds
Start importing Packages/com.unity.render-pipelines.universal/Shaders/Nature/SpeedTree7CommonPasses.hlsl using Guid(85f7860cf76171b438c51eb5fcd238ce) (ShaderIncludeImporter) -> (artifact id: '92b982b93debc4638ec9e430cb9e430e') in 0.000572042 seconds
Start importing Packages/com.unity.shadergraph/Editor/Generation/Targets/BuiltIn/ShaderLibrary/UnityGBuffer.hlsl using Guid(951755fce4d8bae4ca6cfbe7908e1149) (ShaderIncludeImporter) -> (artifact id: '459df165b451296ddff8c058b9a6e419') in 0.000567458 seconds
Start importing Packages/com.unity.render-pipelines.universal-config/Runtime/ShaderConfig.cs.hlsl using Guid(956ff25f08f5e1d4a9ffc96f5803d5a1) (ShaderIncludeImporter) -> (artifact id: 'eb27e6ad7306f78a0c98f9bc6ba90697') in 0.000598625 seconds
Start importing Packages/com.unity.render-pipelines.core/Runtime/GPUDriven/OcclusionCullingCommonShaderVariables.cs.hlsl using Guid(a5ea6c3e82289ce4d8ea0b60a96b1ee2) (ShaderIncludeImporter) -> (artifact id: 'a112cb6144114d3626072cc17f68ef36') in 0.000533959 seconds
Start importing Packages/com.unity.render-pipelines.core/ShaderLibrary/Common.hlsl using Guid(a57f9f83ea626ae45b402953fe637268) (ShaderIncludeImporter) -> (artifact id: 'cd3174d94281f8cd36f910f78ba427f4') in 0.000600917 seconds
Start importing Packages/com.unity.render-pipelines.core/ShaderLibrary/ACES.hlsl using Guid(b52d68e305b98a94bac88855d8ea5936) (ShaderIncludeImporter) -> (artifact id: '176191ae28163d3f27e89e384a1a2175') in 0.000703417 seconds
Start importing Packages/com.unity.render-pipelines.core/ShaderLibrary/GraniteShaderLibBase.hlsl using Guid(c5520328ccc5d6c4e8a923677cbb21cf) (ShaderIncludeImporter) -> (artifact id: '77ad9bcb2cac851a8bc6fa599cac3bdc') in 0.000581666 seconds
Start importing Packages/com.unity.render-pipelines.core/Runtime/Utilities/Blit.hlsl using Guid(d55706914cfa84431bb4f9277ebd1054) (ShaderIncludeImporter) -> (artifact id: '180c9211917b736bb830a0291e538622') in 0.000815125 seconds
Start importing Packages/com.unity.render-pipelines.universal/ShaderLibrary/SixWayLighting.hlsl using Guid(d5c9d8a733254102b894def0429c24c4) (ShaderIncludeImporter) -> (artifact id: 'ee38984d55f64f406d0e83a9ffa0fc91') in 0.000740625 seconds
Start importing Packages/com.unity.render-pipelines.universal/Editor/ShaderGraph/Includes/PBRGBufferPass.hlsl using Guid(f562fc45f8fc5434a96065e20892eff9) (ShaderIncludeImporter) -> (artifact id: '9bb6c226b3dce4afa3131cc130b894c9') in 0.000590625 seconds
Start importing Packages/com.unity.render-pipelines.core/ShaderLibrary/SpaceFillingCurves.hlsl using Guid(063144fddd2c1be41b9d09dec6314fc7) (ShaderIncludeImporter) -> (artifact id: '1004bb81984830596d8a0d55d3c9d2f0') in 0.000794709 seconds
Start importing Packages/com.unity.render-pipelines.universal/Shaders/Nature/SpeedTree8Passes.hlsl using Guid(0613a5abac2db2247bdcd7380e98bba1) (ShaderIncludeImporter) -> (artifact id: 'f01dfdecdba3b147a5f99358b7c7410a') in 0.000667667 seconds
Start importing Packages/com.unity.render-pipelines.universal/Editor/ShaderGraph/Includes/CanvasPass.hlsl using Guid(0618e9bb046736646afe2346a3813db4) (ShaderIncludeImporter) -> (artifact id: '65f0473640811a64b01f1649ca38074d') in 0.000609792 seconds
Start importing Packages/com.unity.shadergraph/Editor/Generation/Targets/BuiltIn/ShaderLibrary/Shim/InputsShim.hlsl using Guid(160030f5e9c5e9b43bfd7646d5712b8a) (ShaderIncludeImporter) -> (artifact id: 'e38ec1e66ac41dcddb426c539467f8bf') in 0.000595917 seconds
Start importing Packages/com.unity.shadergraph/Editor/Generation/Targets/Fullscreen/Templates/SharedCode.template.hlsl using Guid(16201fed0715efa48a8908fedb361bf0) (ShaderIncludeImporter) -> (artifact id: '39ae7fb5e44edae5c7e1f09fd31f5f2d') in 0.000569167 seconds
Start importing Packages/com.unity.shadergraph/ShaderGraphLibrary/PreviewVaryings.hlsl using Guid(1634e4cba986f4a4aabc82c280e09d13) (ShaderIncludeImporter) -> (artifact id: '517b420a32138be80a6e1c29cd3e2712') in 0.000627708 seconds
Start importing Packages/com.unity.render-pipelines.universal/Runtime/RendererFeatures/SurfaceCacheGI/SurfaceCacheCore/PathTracingCommon.hlsl using Guid(26c202ba0499aad4387888eff3a31187) (ShaderIncludeImporter) -> (artifact id: '05c5871e32fe28834855ff1eaadf3961') in 0.000572583 seconds
Start importing Packages/com.unity.render-pipelines.core/Runtime/Lighting/ProbeVolume/ProbeReferenceVolume.Streaming.cs.hlsl using Guid(2675e3c7f72788145b4a5bc872a75211) (ShaderIncludeImporter) -> (artifact id: 'c6e477d10269b138a098bd1a257da760') in 0.000803875 seconds
Start importing Packages/com.unity.render-pipelines.core/ShaderLibrary/DebugMipmapStreaming.hlsl using Guid(369a40fd4db19d048ad2cf161cc89fcd) (ShaderIncludeImporter) -> (artifact id: '9347a9d4488ea9c341dfbc0a4ec9c80e') in 0.000620375 seconds
Start importing Packages/com.unity.render-pipelines.universal/Shaders/BakedLitInput.hlsl using Guid(463a8185744c2459f8e621f4e4eb74d3) (ShaderIncludeImporter) -> (artifact id: 'a3214aec7f08536da6900203e44668cb') in 0.000608333 seconds
Start importing Packages/com.unity.render-pipelines.core/Runtime/Sampling/SobolBluenoiseSampling.hlsl using Guid(563a0665ce2f07e419c80acd1ad6e1f0) (ShaderIncludeImporter) -> (artifact id: '67fbdf27158d955fe6bd3935d3f13bf0') in 0.000693334 seconds
Start importing Packages/com.unity.render-pipelines.core/Runtime/Utilities/GPUPrefixSum/GPUPrefixSum.Data.cs.hlsl using Guid(56dcfb5655d6cc74cb661e531de4bbdf) (ShaderIncludeImporter) -> (artifact id: '7b4cd810376705b9c6f3462f803389e4') in 0.000653834 seconds
Start importing Packages/com.unity.render-pipelines.universal/Runtime/RendererFeatures/SurfaceCacheGI/SurfaceCacheCore/RestirEstimation.hlsl using Guid(66f41beb195ccdf408b955566b037e9d) (ShaderIncludeImporter) -> (artifact id: '142cc5be793a105686b8d4e49387a668') in 0.000652917 seconds
Start importing Packages/com.unity.render-pipelines.core/Runtime/Lighting/ProbeVolume/DecodeSH.hlsl using Guid(6646f462aeb8278489c25fda24fd2db8) (ShaderIncludeImporter) -> (artifact id: 'e26a71bb6ee3037948c69b64e5154cc4') in 0.000584375 seconds
Start importing Packages/com.unity.render-pipelines.core/Runtime/UnifiedRayTracing/Compute/RadeonRays/kernels/triangle_mesh.hlsl using Guid(76757b5514dd6404dafc9fbe2566522d) (ShaderIncludeImporter) -> (artifact id: 'bba26e1a14001342016a3a6b62be9a97') in 0.000625459 seconds
Start importing Packages/com.unity.shadergraph/ShaderGraphLibrary/Functions.hlsl using Guid(76c5c0b7561134f0ca526e50f239a4a2) (ShaderIncludeImporter) -> (artifact id: 'fb9f2e7280bcbc323bec5c790618b27b') in 0.000554791 seconds
Start importing Packages/com.unity.render-pipelines.core/ShaderLibrary/VolumeRendering.hlsl using Guid(76b6dbce57ad3e647a01b5ad36f737a5) (ShaderIncludeImporter) -> (artifact id: 'f4c05a7ccb57a236c85a94925f7babe2') in 0.000688084 seconds
Start importing Packages/com.unity.render-pipelines.universal/ShaderLibrary/Lighting.hlsl using Guid(762f0a4829f44584ba01e2f0661150d9) (ShaderIncludeImporter) -> (artifact id: '6c63dfe35c19474719b92ec91d194832') in 0.000647708 seconds
Start importing Packages/com.unity.render-pipelines.universal/Shaders/BakedLitDepthNormalsPass.hlsl using Guid(9604e389528d04ae39fe05a7b4212172) (ShaderIncludeImporter) -> (artifact id: 'f008c16ae36e3177446511a4cbfe4522') in 0.000624375 seconds
Start importing Packages/com.unity.shadergraph/Editor/Generation/Targets/CustomRenderTexture/CustomTextureGraph.hlsl using Guid(96a8b300b2dfb474bb4fd8118749fdec) (ShaderIncludeImporter) -> (artifact id: '044b3165fda609191102d2a1ba89c728') in 0.000783625 seconds
Start importing Packages/com.unity.render-pipelines.core/ShaderLibrary/Version.hlsl using Guid(96eb0e7285e8ec64b9b711f1e6b78dea) (ShaderIncludeImporter) -> (artifact id: '433b9e977a90d01e871a0133898c81c4') in 0.000560583 seconds
Start importing Packages/com.unity.render-pipelines.universal/Shaders/SimpleLitDepthNormalsPass.hlsl using Guid(a63ccbef6bed14464a35b8a62ee9b775) (ShaderIncludeImporter) -> (artifact id: '7875d8d6c72e46e2bf55e059e7d3fa9a') in 0.000952166 seconds
Start importing Packages/com.unity.render-pipelines.core/ShaderLibrary/NormalSurfaceGradient.hlsl using Guid(b6ff088bebec9f941ae19a0086e4f097) (ShaderIncludeImporter) -> (artifact id: 'd006626f4b3a9fd9eb807ca6957e945e') in 0.000685333 seconds
Start importing Packages/com.unity.render-pipelines.core/ShaderLibrary/ParallaxMapping.hlsl using Guid(c6976b17260ed7d4ca3810ae8488f67f) (ShaderIncludeImporter) -> (artifact id: '4df7e0a7a01c4de0060eacf032a77323') in 0.000716625 seconds
Start importing Packages/com.unity.render-pipelines.universal/Shaders/LitDepthNormalsPass.hlsl using Guid(d6641dcdedd1f422aa58ffec746e5342) (ShaderIncludeImporter) -> (artifact id: 'f2c5341c5662c090bdac34f72cda4f2c') in 0.000813583 seconds
Start importing Packages/com.unity.render-pipelines.core/Runtime/Lighting/ProbeVolume/ProbeReferenceVolume.Debug.cs.hlsl using Guid(f6e06ceb4cc6a38458f4b614e8000dc8) (ShaderIncludeImporter) -> (artifact id: '86ecbcc56dc6ecc8002d61715141c556') in 0.000649917 seconds
Start importing Packages/com.unity.render-pipelines.universal/Runtime/RendererFeatures/SurfaceCacheGI/SurfaceCacheCore/RingBuffer.hlsl using Guid(f6915963f3bd8724b9def69a1ecdd73d) (ShaderIncludeImporter) -> (artifact id: '3985b6105dd117fe1b8811a24902927c') in 0.000668667 seconds
Start importing Packages/com.unity.render-pipelines.core/ShaderLibrary/SpaceTransforms.hlsl using Guid(07d22e3065efb5a489e5e2644df19bc7) (ShaderIncludeImporter) -> (artifact id: '62e85ed44f808449abeb8d83da45b386') in 0.000576334 seconds
Start importing Packages/com.unity.shadergraph/ShaderGraphLibrary/GeometricTools.hlsl using Guid(07d3f5482ecfe425f91b12cd32be4cbe) (ShaderIncludeImporter) -> (artifact id: 'f7dae6aa20f4d2735b653bbd8d01a834') in 0.000532291 seconds
Start importing Packages/com.unity.render-pipelines.universal/Editor/ShaderGraph/Includes/UnlitPass.hlsl using Guid(07da8e9cacb587246ade02755c273666) (ShaderIncludeImporter) -> (artifact id: 'aa34c9e08173dc9f65f41d6ed27a3652') in 0.000653667 seconds
Start importing Packages/com.unity.render-pipelines.core/ShaderLibrary/API/GLCore.hlsl using Guid(17e9ff94ac9e8aa4e81b23222a4dc205) (ShaderIncludeImporter) -> (artifact id: '30e6a1f4e483a770bcddf68b66356f67') in 0.00071225 seconds
Start importing Packages/com.unity.render-pipelines.universal/Editor/2D/ShaderGraph/Includes/SpriteUnlitPass.hlsl using Guid(172e304acf14e434e967133e7ee67273) (ShaderIncludeImporter) -> (artifact id: '138301af7ca03afdaff24b6fd89eb6f9') in 0.000642792 seconds
Start importing Packages/com.unity.render-pipelines.universal/Editor/ShaderGraph/Includes/PBRForwardPass.hlsl using Guid(2774e65a956f7428a9ba09fe1098e1eb) (ShaderIncludeImporter) -> (artifact id: 'd9f575aa5db2e3a8ac267f74a31c8ba3') in 0.000850667 seconds
Start importing Packages/com.unity.render-pipelines.core/ShaderLibrary/BC6H.hlsl using Guid(27d419a4917d0ea49978c236e058d464) (ShaderIncludeImporter) -> (artifact id: 'b175b05405675d4c79fefa46f7c8c385') in 0.000769791 seconds
Start importing Packages/com.unity.render-pipelines.core/ShaderLibrary/API/Switch2.hlsl using Guid(27b804a87c546b2429017809b12cd1c9) (ShaderIncludeImporter) -> (artifact id: '51b06e7383592489e5e1ce3e433c1888') in 0.000663291 seconds
Start importing Packages/com.unity.render-pipelines.core/Runtime/Sampling/PseudoRandom.hlsl using Guid(270be7a3bca5b4e038d7e90c1ca0f18c) (ShaderIncludeImporter) -> (artifact id: '5f053e747597ed078b37d9983fa9481f') in 0.000590875 seconds
Start importing Packages/com.unity.render-pipelines.core/ShaderLibrary/GlobalSamplers.hlsl using Guid(47ecc1e1971024be4a44aa322690660e) (ShaderIncludeImporter) -> (artifact id: '2b7d4275608c06d377e802691a801385') in 0.000613 seconds
Start importing Packages/com.unity.render-pipelines.universal/Shaders/UnlitForwardPass.hlsl using Guid(574332cc54d34b3b96cd214f5febe833) (ShaderIncludeImporter) -> (artifact id: 'e2cf2bb16ada96214aa61ae8779b6a99') in 0.000776166 seconds
Start importing Packages/com.unity.render-pipelines.universal/ShaderLibrary/UniversalMetaPass.hlsl using Guid(573542356fb54fe4583ff78639189cf8) (ShaderIncludeImporter) -> (artifact id: '055eed10ded5189fad8e37cb5f71138d') in 0.000642083 seconds
Start importing Packages/com.unity.render-pipelines.universal/Shaders/Utils/Universal2D.hlsl using Guid(67e3e0cfa0204244683a6c506307f311) (ShaderIncludeImporter) -> (artifact id: '27910d759c79e21b1086472e8168fe91') in 0.000725209 seconds
Start importing Packages/com.unity.render-pipelines.universal/ShaderLibrary/ShaderVariablesFunctions.deprecated.hlsl using Guid(77a6d2810aa974e0bad8b56aec6e87f4) (ShaderIncludeImporter) -> (artifact id: '42db13cb2bc5fdfdf6c2cc63243c279d') in 0.0005505 seconds
Start importing Packages/com.unity.render-pipelines.universal/ShaderLibrary/GBufferOutputFormat.hlsl using Guid(87322610c9b88a64e8bce40c056d8116) (ShaderIncludeImporter) -> (artifact id: '1b24a2ef63c47cec4ce5844d25b21eb2') in 0.000483708 seconds
Start importing Packages/com.unity.shadergraph/Editor/Generation/Targets/BuiltIn/ShaderLibrary/Shadows.hlsl using Guid(87c2af44d69c0194687e11c33c85f6c2) (ShaderIncludeImporter) -> (artifact id: 'ffb46551ea43c0d8ebcca6f556893ff9') in 0.000734958 seconds
Start importing Packages/com.unity.render-pipelines.universal/Runtime/RendererFeatures/SurfaceCacheGI/SurfaceCacheCore/UniformEstimation.hlsl using Guid(87f25dcc02b54e84ab16e783d04d72d8) (ShaderIncludeImporter) -> (artifact id: 'a756107819a89a5065c22ef9a18e994b') in 0.00056475 seconds
Start importing Packages/com.unity.render-pipelines.universal/Shaders/2D/Include/ShadowProjectVertex.hlsl using Guid(97832dc646b4fb4498bf5aa61e366c13) (ShaderIncludeImporter) -> (artifact id: '459f1430ddf09488d8dc88d6cacc66ac') in 0.000561167 seconds
Start importing Packages/com.unity.render-pipelines.universal/Shaders/Utils/CopyDepthPass.hlsl using Guid(971e7c84ed6bc40fc95bdbb2e008013f) (ShaderIncludeImporter) -> (artifact id: 'de0a052fb66c901b2d52dc2b8f7a35b7') in 0.00070075 seconds
Start importing Packages/com.unity.render-pipelines.universal/Shaders/Terrain/WavingGrassDepthNormalsPass.hlsl using Guid(97ce72d5527034cbca1d95b53d583472) (ShaderIncludeImporter) -> (artifact id: 'e78287aad14f526aa0813ae0b335a763') in 0.000717 seconds
Start importing Packages/com.unity.render-pipelines.universal/ShaderLibrary/LightCookie/LightCookieInput.hlsl using Guid(a70b6c101edaa442a80370b0d514fb3c) (ShaderIncludeImporter) -> (artifact id: '353d2f218d28b217bf609620cc16ba98') in 0.000433083 seconds
Start importing Packages/com.unity.render-pipelines.core/Runtime/GPUDriven/InstanceOcclusionCuller.cs.hlsl using Guid(a71fe447aa3034341b4a16245852e2f5) (ShaderIncludeImporter) -> (artifact id: 'ae6d0ccdd602a3e984bbc027db9920c8') in 0.000584375 seconds
Start importing Packages/com.unity.render-pipelines.universal/Shaders/Particles/ParticlesEditorPass.hlsl using Guid(b75058dfffdae7a41bf0373f3d2f264c) (ShaderIncludeImporter) -> (artifact id: '73354632a7b762bdb1c9bc491c24ccf3') in 0.000658542 seconds
Start importing Packages/com.unity.render-pipelines.universal/Shaders/DepthNormalsPass.hlsl using Guid(b76d45ea333b2a049bc45c5328ef3e7c) (ShaderIncludeImporter) -> (artifact id: '434a8f2cc616b035f762404cbdf64bcd') in 0.000553458 seconds
Start importing Packages/com.unity.render-pipelines.universal/ShaderLibrary/ParticlesInstancing.hlsl using Guid(c70398529f54bc44ca6a3ed0211e039f) (ShaderIncludeImporter) -> (artifact id: 'f2c6f48416aa0fb3a17f2cb8dc3911ff') in 0.000392708 seconds
Start importing Packages/com.unity.shadergraph/Editor/Generation/Targets/BuiltIn/Editor/ShaderGraph/Includes/BuiltInCanvasPass.hlsl using Guid(c79cdcb9c21d4339a577df76710eafd5) (ShaderIncludeImporter) -> (artifact id: 'ddc469c07568d2f8bc73e51f059d5722') in 0.000593417 seconds
Start importing Packages/com.unity.render-pipelines.core/Runtime/GPUDriven/InstanceData/InstanceTransformUpdateDefs.cs.hlsl using Guid(d73035ddef2bea3469c6784cf7f2e865) (ShaderIncludeImporter) -> (artifact id: '7180160fa486d9297f406d93ab6c562f') in 0.000584583 seconds
Start importing Packages/com.unity.render-pipelines.core/ShaderLibrary/MetaPass.hlsl using Guid(d7414e735eb09cd40855d8142a1c2e18) (ShaderIncludeImporter) -> (artifact id: 'ccf81b0c96107306ceaf5e8a8130d3ec') in 0.000708959 seconds
Start importing Packages/com.unity.render-pipelines.universal/Shaders/2D/Include/2DCommon.hlsl using Guid(e707208f874722b45a81cf2f59f81458) (ShaderIncludeImporter) -> (artifact id: 'af421ba3779dc22cbb1fcd7c75ee6bfe') in 0.000794708 seconds
Start importing Packages/com.unity.render-pipelines.core/ShaderLibrary/SphericalHarmonics.hlsl using Guid(e7990b191f2f28e4884a439c088c4fe0) (ShaderIncludeImporter) -> (artifact id: '1f77ab63705fcaa53a92eddd0fbed2fc') in 0.000563334 seconds
Start importing Packages/com.unity.render-pipelines.universal/Runtime/RendererFeatures/SurfaceCacheGI/SurfaceCacheCore/RestirCandidateTemporal.hlsl using Guid(e78ab4c515da1e442a19a4905ed03844) (ShaderIncludeImporter) -> (artifact id: '11fc3476bcaa23f79c206ce3b78329d1') in 0.000626583 seconds
Start importing Packages/com.unity.render-pipelines.universal/Shaders/UnlitInput.hlsl using Guid(e7ba75cc852b14b7f934978b5697bf1b) (ShaderIncludeImporter) -> (artifact id: '65bcba20103aa1eef9f02fa0531e0706') in 0.000535833 seconds
Start importing Packages/com.unity.shadergraph/Editor/Generation/Targets/BuiltIn/ShaderLibrary/ShaderGraphFunctions.hlsl using Guid(e74b0f1b5e52c5642a66b47b7fc87799) (ShaderIncludeImporter) -> (artifact id: 'cedc005a6f9016efa19b90ca196354f8') in 0.0005975 seconds
Start importing Packages/com.unity.render-pipelines.universal/Shaders/2D/Include/CombinedShapeLightShared.hlsl using Guid(e7ee44e4db2311b428e6f789318838f8) (ShaderIncludeImporter) -> (artifact id: '901ae6325472d5b24ab84042ba63ceef') in 0.000636833 seconds
Start importing Packages/com.unity.render-pipelines.universal/Editor/Terrain/TerrainPassUtils.hlsl using Guid(08f4bc71ad275bc4b90168fda29f36b5) (ShaderIncludeImporter) -> (artifact id: 'a89468ce7502d2657aab55fbdb73ca5b') in 0.000559167 seconds
Start importing Packages/com.unity.shadergraph/Editor/Generation/Targets/BuiltIn/ShaderLibrary/Shim/UIShim.hlsl using Guid(0807df336df54b879e1b97aa9306c0da) (ShaderIncludeImporter) -> (artifact id: '9668ecd58101c9bb3c930e4adbfba771') in 0.000579125 seconds
Start importing Packages/com.unity.render-pipelines.core/Runtime/Vrs/Shaders/VrsMainTex.hlsl using Guid(08b9525dab8d497cb640174e593275d1) (ShaderIncludeImporter) -> (artifact id: 'b23941fcd6468d20d32d8b51af6bea7e') in 0.000608833 seconds
Start importing Packages/com.unity.render-pipelines.universal/ShaderLibrary/SurfaceData.hlsl using Guid(181b211e2007bd4478d853b8964457ab) (ShaderIncludeImporter) -> (artifact id: '4928f064fafbcb6a0a4c7b33795105d2') in 0.000558417 seconds
Start importing Packages/com.unity.render-pipelines.universal/Shaders/2D/Include/SurfaceData2D.hlsl using Guid(2861459260b14a2481f8f8e7f6637d8f) (ShaderIncludeImporter) -> (artifact id: '95037b5ee209f753458e26780603f1ea') in 0.000586167 seconds
Start importing Packages/com.unity.render-pipelines.universal/Shaders/UnlitGBufferPass.hlsl using Guid(28fcbf208a4c04495b93bb6d554908e0) (ShaderIncludeImporter) -> (artifact id: '237bb0529b6e41ac413c5ec0c5ffbb6f') in 0.000555375 seconds
Start importing Packages/com.unity.render-pipelines.universal/Runtime/VFXGraph/Shaders/VFXCommon.hlsl using Guid(385bc181e02fb7549a92fc001133ad46) (ShaderIncludeImporter) -> (artifact id: '026338b7c786d277ed5cd87f00f42141') in 0.000567208 seconds
Start importing Packages/com.unity.shadergraph/Editor/Generation/Targets/BuiltIn/Editor/ShaderGraph/Includes/Varyings.hlsl using Guid(48ba7a8ce29978c4690d3d53549a5a4c) (ShaderIncludeImporter) -> (artifact id: '1cb66669934fced0d9d6f3f14c16059f') in 0.000528542 seconds
Start importing Packages/com.unity.render-pipelines.universal/ShaderLibrary/Particles.hlsl using Guid(58997c4bd657ad848919e91029ee01eb) (ShaderIncludeImporter) -> (artifact id: '587a5a8772c68e570548f6b6e0189cb2') in 0.000758542 seconds
Start importing Packages/com.unity.render-pipelines.core/Runtime/Lighting/ProbeVolume/ProbeVolume.hlsl using Guid(688129ab15b222340a2c7fa427269889) (ShaderIncludeImporter) -> (artifact id: '285f9beafc2d2e596de0dd87d5bce0d2') in 0.00085425 seconds
Start importing Packages/com.unity.render-pipelines.universal/ShaderLibrary/UnityGBuffer.hlsl using Guid(688ed6f8ef8246529e7fdd721e43d639) (ShaderIncludeImporter) -> (artifact id: 'd628a2a222c8401e8640fd94c8d0eef3') in 0.000381917 seconds
Start importing Packages/com.unity.render-pipelines.universal/Editor/ShaderGraph/Includes/Terrain/DepthNormalsOnlyPass.hlsl using Guid(78121747aa974234f94f7fda667dbbe1) (ShaderIncludeImporter) -> (artifact id: '2126eba93685ac21e3223f098a9654a8') in 0.000513625 seconds
Start importing Packages/com.unity.shadergraph/Editor/Generation/Targets/BuiltIn/ShaderLibrary/SurfaceData.hlsl using Guid(88329a10539cce1418e6aa8c8b62c896) (ShaderIncludeImporter) -> (artifact id: '422b404fe6880f18e30978b2b7a8475a') in 0.000582 seconds
Start importing Packages/com.unity.render-pipelines.universal/ShaderLibrary/LightCookie/LightCookie.hlsl using Guid(8878828335bd847b493e10211fcbf825) (ShaderIncludeImporter) -> (artifact id: '8386f0f52bfe2f88bbdb4ef48b3d2d80') in 0.000592166 seconds
Start importing Packages/com.unity.render-pipelines.universal/Shaders/2D/Include/Core2D.hlsl using Guid(882f88039036f6c49a8df5ce3d214444) (ShaderIncludeImporter) -> (artifact id: 'c1f3a6afaad2f1b10b83fa39bfb77795') in 0.000758375 seconds
Start importing Packages/com.unity.render-pipelines.universal/ShaderLibrary/Deprecated.hlsl using Guid(9802e36ef1c38064d9bcd7bf2e01cccb) (ShaderIncludeImporter) -> (artifact id: 'a2dbff075d600e0c8c86aeb0006f6c93') in 0.000633958 seconds
Start importing Packages/com.unity.render-pipelines.universal/Shaders/Particles/ParticlesLitForwardPass.hlsl using Guid(a8d5c97876fe84413b2f630e2debf75b) (ShaderIncludeImporter) -> (artifact id: 'c186d5fa8e308c171c0ae7cbc2ba05a5') in 0.000618 seconds
Start importing Packages/com.unity.render-pipelines.universal/Shaders/Terrain/TerrainLitInput.hlsl using Guid(a817cb90496894b368593402e13b040c) (ShaderIncludeImporter) -> (artifact id: '1d1df1164648d3a52340f5783c1c404b') in 0.000558042 seconds
Start importing Packages/com.unity.render-pipelines.universal/ShaderLibrary/ShaderVariablesFunctions.hlsl using Guid(a8db2eae5ac4548a683f17e8c528c05c) (ShaderIncludeImporter) -> (artifact id: '8a218ea6749e5251f3e3be7f1352b822') in 0.000501375 seconds
Start importing Packages/com.unity.render-pipelines.core/ShaderLibrary/CommonShadow.hlsl using Guid(a85db80be6def144e938df4cbf0d1aa6) (ShaderIncludeImporter) -> (artifact id: '21f3864ee28d3beb7f4f0f95f04e534f') in 0.000414125 seconds
Start importing Packages/com.unity.render-pipelines.core/Runtime/UnifiedRayTracing/TraceRay.hlsl using Guid(d89584fc78a387b4b89d50da624e2695) (ShaderIncludeImporter) -> (artifact id: 'b5d835f9178e3b10893ac9cc25706194') in 0.00053625 seconds
Start importing Packages/com.unity.render-pipelines.universal/Editor/ShaderGraph/Includes/MotionVectorPass.hlsl using Guid(d8b8f4c97d2074ea9a54a1d0dbefb62c) (ShaderIncludeImporter) -> (artifact id: '6427f194c201df6beec740b13b78285f') in 0.000538041 seconds
Start importing Packages/com.unity.shadergraph/Editor/Generation/Targets/Terrain/Includes/TerrainTextureVariables.hlsl using Guid(d85c65f9f4934f44bfa653df1ef8875c) (ShaderIncludeImporter) -> (artifact id: '10e7c612f28d8fac67bece28c50cc108') in 0.000627334 seconds
Start importing Packages/com.unity.render-pipelines.universal/ShaderLibrary/Debug/Debugging3D.hlsl using Guid(d8ae717b647341719f2a89f20faaf51b) (ShaderIncludeImporter) -> (artifact id: 'b250aaa4b46afdd33101915572e06a31') in 0.000503625 seconds
Start importing Packages/com.unity.render-pipelines.core/ShaderLibrary/API/Switch.hlsl using Guid(e81335bf0a3c45c4fa81ed2fe67eeba0) (ShaderIncludeImporter) -> (artifact id: '099ffeeb79a282bb7b3b465dfabae3ba') in 0.000548833 seconds
Start importing Packages/com.unity.render-pipelines.core/ShaderLibrary/API/FoveatedRendering_Metal.hlsl using Guid(e885d2d1e5bc4382b9f742451fef9b1f) (ShaderIncludeImporter) -> (artifact id: 'b41dc7b3b492d9a58f635740d346e0d9') in 0.000647459 seconds
Start importing Packages/com.unity.render-pipelines.core/ShaderLibrary/DebugMipmapStreamingMacros.hlsl using Guid(0986d558af63ed0418f7eb24eeaa2308) (ShaderIncludeImporter) -> (artifact id: '58c8883caf2dceff7aad099d56cbfbc3') in 0.000630209 seconds
Start importing Packages/com.unity.render-pipelines.core/ShaderLibrary/ThreadingEmuImpl.hlsl using Guid(093f86242d8d4e64187076599c7f708e) (ShaderIncludeImporter) -> (artifact id: 'ddf7373b89c73c9984e46f7ab5f5f6d1') in 0.000510458 seconds
Start importing Packages/com.unity.render-pipelines.universal/Editor/2D/ShaderGraph/Includes/Mesh2DLitPass.hlsl using Guid(19a7eabf161c29846b42f73a2965d39b) (ShaderIncludeImporter) -> (artifact id: 'd8edf7ef35f963fcd12f4c9aab0d2071') in 0.000598333 seconds
Start importing Packages/com.unity.render-pipelines.universal/ShaderLibrary/DeclareOpaqueTexture.hlsl using Guid(29619926ce55c944aa978fe5e07cc3db) (ShaderIncludeImporter) -> (artifact id: '19efa1e356eb1829e5f13d63d96fa3d8') in 0.000468959 seconds
Start importing Packages/com.unity.render-pipelines.universal/ShaderLibrary/LightCookie/LightCookieTypes.hlsl using Guid(394c5e9a352f74e998cb797d7aa461d4) (ShaderIncludeImporter) -> (artifact id: '2a84f2e6c5da24832eb2e00745c488ad') in 0.00045275 seconds
Start importing Packages/com.unity.shadergraph/Editor/Generation/Targets/BuiltIn/Editor/ShaderGraph/Includes/LightingMetaPass.hlsl using Guid(395ef430db5747842b555e50b3c7b330) (ShaderIncludeImporter) -> (artifact id: 'f05d1e1dffbff550d2ac2fb193b69f73') in 0.000623166 seconds
Start importing Packages/com.unity.render-pipelines.universal/Editor/2D/ShaderGraph/Includes/SpriteNormalPass.hlsl using Guid(39ce338156d9f6b40b4702eb2d26d40d) (ShaderIncludeImporter) -> (artifact id: '2504f78fe2be176a3622cac90a5dbae4') in 0.00042025 seconds
Start importing Packages/com.unity.render-pipelines.core/ShaderLibrary/DynamicScalingClamping.hlsl using Guid(49883cc3d16fa0241a1c9114ce9a1f64) (ShaderIncludeImporter) -> (artifact id: 'ea16145742966e9fadde08c89d0148f7') in 0.000497208 seconds
Start importing Packages/com.unity.render-pipelines.universal/Editor/ShaderGraph/Includes/Terrain/PBRGBufferPass.hlsl using Guid(6970aba7f3c314f4fa5d5b93188b6de3) (ShaderIncludeImporter) -> (artifact id: '3a035531728d55069700e785b4f2b4e5') in 0.000536209 seconds
Start importing Packages/com.unity.render-pipelines.universal/Shaders/Nature/SpeedTree7BillboardInput.hlsl using Guid(693515911c7346d448c10a3cfc4acf45) (ShaderIncludeImporter) -> (artifact id: '4a3c5298593c0d9080bde6762c9b571e') in 0.000693333 seconds
Start importing Packages/com.unity.render-pipelines.universal/Shaders/PostProcessing/FXAA3_11.hlsl using Guid(691e950f7acb24df5be4c31303d0991a) (ShaderIncludeImporter) -> (artifact id: 'e39da946d857f0bd1081c434ce05ae39') in 0.000814959 seconds
Start importing Packages/com.unity.render-pipelines.universal/Shaders/2D/Include/Normals2DCommon.hlsl using Guid(694e01e6361351641bfb5cc5fc69f087) (ShaderIncludeImporter) -> (artifact id: '975ea5731aa68088ae3e537fd312a094') in 0.000599458 seconds
Start importing Packages/com.unity.render-pipelines.core/ShaderLibrary/TextureStack.hlsl using Guid(79641ba14fe04324b8905bafbf3e82ed) (ShaderIncludeImporter) -> (artifact id: '6d8e8fd32d6eb517e11c5fcd81c412bd') in 0.000560292 seconds
Start importing Packages/com.unity.render-pipelines.core/ShaderLibrary/Texture.hlsl using Guid(79062f3c36657da4e9a366000411cf78) (ShaderIncludeImporter) -> (artifact id: '4ed13b885b612beff99adfda35180eec') in 0.000536125 seconds
Start importing Packages/com.unity.render-pipelines.core/ShaderLibrary/UnityDOTSInstancing.hlsl using Guid(89aebf2868d41e34abc02aae1d41b4cd) (ShaderIncludeImporter) -> (artifact id: '206ef8e74915f45ad1928a06851633c0') in 0.000629709 seconds
Start importing Packages/com.unity.shadergraph/Editor/Generation/Targets/BuiltIn/ShaderLibrary/ParticlesInstancing.hlsl using Guid(9989d64681f299941b8d598b04007e82) (ShaderIncludeImporter) -> (artifact id: '9515c287c90104789ff90bb331019f0f') in 0.000729875 seconds
Start importing Packages/com.unity.render-pipelines.universal/Shaders/2D/Include/NormalsRenderingShared.hlsl using Guid(b9c3f97797bd9374cb2607614554fe54) (ShaderIncludeImporter) -> (artifact id: '964108ef758d3bb5c3cbf05a728ac841') in 0.000605958 seconds
Start importing Assets/Piglet/Resources/Shaders/Standard/SpecularGlossiness.cginc using Guid(c9fb9f2671a1aee42aeb4a0090db9446) (ShaderIncludeImporter) -> (artifact id: 'a2d1f7728ea5119d5ae5c8d1cf38a3ac') in 0.000808541 seconds
Start importing Packages/com.unity.render-pipelines.universal/Shaders/2D/Include/SpriteMaskShared.hlsl using Guid(c9ac51d204bc24b118ec6bc5ab6c29c6) (ShaderIncludeImporter) -> (artifact id: '85cda7298d7b113dad2ac3211911a190') in 0.000644916 seconds
Start importing Packages/com.unity.render-pipelines.universal/Shaders/Particles/ParticlesDepthOnlyPass.hlsl using Guid(e9795406c7fc049d2b125cce47405fa9) (ShaderIncludeImporter) -> (artifact id: 'd3aac80a75ed727432a6382af10d94b9') in 0.000691166 seconds
Start importing Packages/com.unity.render-pipelines.universal/Shaders/Nature/SpeedTree8Input.hlsl using Guid(e9fc1df17be32ac41a7186d571c669d5) (ShaderIncludeImporter) -> (artifact id: '9b55297ed0b55f74375e138f8f8e8fbb') in 0.000570875 seconds
Start importing Packages/com.unity.render-pipelines.core/ShaderLibrary/Sampling/SampleUVMappingNormalInternal.hlsl using Guid(f941b2119184e624a8ecd126735c5ed0) (ShaderIncludeImporter) -> (artifact id: '0739d0bfe6dceb4f097db5a8bda17840') in 0.000634125 seconds
Start importing Packages/com.unity.render-pipelines.core/ShaderLibrary/PerPixelDisplacement.hlsl using Guid(0a40799d368cbbd4982d2f423cdd8595) (ShaderIncludeImporter) -> (artifact id: '070e3623439d682ef60d77206dc8b3be') in 0.000465334 seconds
Start importing Packages/com.unity.render-pipelines.universal/Shaders/DepthOnlyPass.hlsl using Guid(0acd4fdbcf0cf654a9cdf3e9ccc2edce) (ShaderIncludeImporter) -> (artifact id: 'b280b4b5e8cc228db0b137874f5e30df') in 0.000567583 seconds
Start importing Packages/com.unity.render-pipelines.core/Runtime/UnifiedRayTracing/Hardware/HardwareRaygenShader.hlsl using Guid(1ad0a9c8f99bbe642b782fd45551c0a1) (ShaderIncludeImporter) -> (artifact id: '958da1402d9052569a7b5cdad7b73cef') in 0.000566166 seconds
Start importing Packages/com.unity.render-pipelines.core/ShaderLibrary/SixWayLighting.hlsl using Guid(1a3c09fe584943f9ba43ae5a5cf0700d) (ShaderIncludeImporter) -> (artifact id: '1e62a34d33fe0a11938ea3dad0d8b0d1') in 0.000534209 seconds
Start importing Packages/com.unity.render-pipelines.universal/Shaders/Particles/ParticlesInput.hlsl using Guid(1acd75ff24dbc43cca235408192130b7) (ShaderIncludeImporter) -> (artifact id: 'dad2be42c763cbe716144c7d30add102') in 0.000447333 seconds
Start importing Packages/com.unity.shadergraph/Editor/Generation/Targets/BuiltIn/ShaderLibrary/Input.hlsl using Guid(1a6eb37d2c834244cbdd9d92ce6a52ed) (ShaderIncludeImporter) -> (artifact id: '2b7a5b869fc43cf27c6cd6ba6ee3f1bb') in 0.00064975 seconds
Start importing Packages/com.unity.render-pipelines.core/ShaderLibrary/AreaLighting.hlsl using Guid(2af09bb13e6547242913c40dfb0e50f9) (ShaderIncludeImporter) -> (artifact id: 'ac99518b93f15ed63264b0ff1c90f73e') in 0.000600541 seconds
Start importing Packages/com.unity.render-pipelines.core/Runtime/PostProcessing/Shaders/ffx/ffx_fsr1.hlsl using Guid(2a92c8c54bb0f63458be93b670c77c3b) (ShaderIncludeImporter) -> (artifact id: '6989396144e5a5d744b1c88aa7e6a263') in 0.00064875 seconds
Start importing Packages/com.unity.render-pipelines.core/Runtime/PostProcessing/Shaders/ffx/ffx_cas.hlsl using Guid(2a9d148fab2695346824a766e925a31f) (ShaderIncludeImporter) -> (artifact id: 'ef91aba14c4f3df843890077e5064398') in 0.000654708 seconds
Start importing Packages/com.unity.render-pipelines.universal/Editor/ShaderGraph/Includes/Terrain/TerrainVert.hlsl using Guid(3a737aafdc720423fac5e90590a0f05f) (ShaderIncludeImporter) -> (artifact id: '72ea5de27719a9f2ab689bed22b57242') in 0.000568083 seconds
Start importing Packages/com.unity.shadergraph/Editor/Generation/Targets/BuiltIn/ShaderLibrary/Shim/SurfaceShaderProxy.hlsl using Guid(3a5c1c06341ec0448a21f4659568cf1b) (ShaderIncludeImporter) -> (artifact id: 'c0340d6e3180b98956b32f3931d1a312') in 0.000631583 seconds
Start importing Packages/com.unity.render-pipelines.universal/Editor/2D/ShaderGraph/Includes/SpriteForwardPass.hlsl using Guid(4ad8b54817d9f5441910014b5ceb8583) (ShaderIncludeImporter) -> (artifact id: 'e106572f87333e5dab431eada03c1082') in 0.0007445 seconds
Start importing Packages/com.unity.render-pipelines.core/Editor/Lighting/ProbeVolume/ProbeGIBaking.Dilate.cs.hlsl using Guid(5a1695d093636284ca9487c8124775c5) (ShaderIncludeImporter) -> (artifact id: '707395630ce0061195951be162d9164e') in 0.000773792 seconds
Start importing Packages/com.unity.render-pipelines.universal/Shaders/Terrain/TerrainDetailLitInput.hlsl using Guid(6aa45ba0b4524671ae57fb74652592f3) (ShaderIncludeImporter) -> (artifact id: 'ebccc54c5cf2f3e92dd0d50a993c2ed5') in 0.000668208 seconds
Start importing Packages/com.unity.shadergraph/GraphTemplates/Cross Pipeline/GetSceneNormal.hlsl using Guid(7a885bf8770318b4f97d51502ba92b06) (ShaderIncludeImporter) -> (artifact id: 'e5bc4ed74fec9cda4bc199258189653e') in 0.000692334 seconds
Start importing Packages/com.unity.render-pipelines.core/Runtime/GPUDriven/GeometryUtilities.hlsl using Guid(8ae16c27ed16096458605a6fc56994c8) (ShaderIncludeImporter) -> (artifact id: 'b6db79811fb5f4fc65f2227cf811591c') in 0.000593417 seconds
Start importing Packages/com.unity.render-pipelines.core/Runtime/Sampling/SobolSampling.hlsl using Guid(8a9360b3acf7c304cbcb5a54b9b89409) (ShaderIncludeImporter) -> (artifact id: '9fec6968a90cfd86257e6ad74b8a32fd') in 0.00062275 seconds
Start importing Packages/com.unity.shadergraph/Editor/Generation/Targets/BuiltIn/ShaderLibrary/Deprecated.hlsl using Guid(8ac4c7f9b9937b64885ce949fc6d6525) (ShaderIncludeImporter) -> (artifact id: '5db671767109b4023286e16313efabb7') in 0.000612959 seconds
Start importing Packages/com.unity.render-pipelines.core/Runtime/UnifiedRayTracing/Compute/RadeonRays/kernels/math.hlsl using Guid(8a988affc98dd434aadd71fe6be1061f) (ShaderIncludeImporter) -> (artifact id: 'c3b14f68cfb9d29208f0eaf0bdbcda15') in 0.000587458 seconds
Start importing Packages/com.unity.render-pipelines.universal/Shaders/ShadowCasterPass.hlsl using Guid(9a48a2987a0e11645adf07fe4a8d5ec9) (ShaderIncludeImporter) -> (artifact id: '4914621493ad915d73763580e02abf8d') in 0.000553666 seconds
Start importing Packages/com.unity.render-pipelines.universal/ShaderLibrary/ShaderGraphFunctions.hlsl using Guid(9adc879d74aec4400bbdce89ff664a05) (ShaderIncludeImporter) -> (artifact id: '6c5d6959ff3faafad850ffe164f65a06') in 0.000710666 seconds
Start importing Packages/com.unity.render-pipelines.universal/Shaders/Terrain/TerrainTextureNode.hlsl using Guid(aa602bf7da734370bdb394a751f56555) (ShaderIncludeImporter) -> (artifact id: '774cfd93fbc62b5d8e48f7820d9cc3e1') in 0.000587333 seconds
Start importing Packages/com.unity.render-pipelines.universal/Editor/ShaderGraph/Includes/ShaderVariablesDecal.hlsl using Guid(aa80e1eae2080d849a7ab1ccfbd6953c) (ShaderIncludeImporter) -> (artifact id: '94825bbab25d398be20f2a374049f2d2') in 0.000436792 seconds
Start importing Packages/com.unity.render-pipelines.core/ShaderLibrary/Sampling/Hammersley.hlsl using Guid(aa5e319c8b8499f4fba1c3ecdd133545) (ShaderIncludeImporter) -> (artifact id: '6a1709bbfb29ed7eabf912afe0389cf2') in 0.000646917 seconds
Start importing Packages/com.unity.render-pipelines.core/Runtime/Sampling/Hashes.hlsl using Guid(ba9242b5d88ccf2489a51d94185a1300) (ShaderIncludeImporter) -> (artifact id: '31f5c40bfb69a442f9ab5488d9928265') in 0.000934125 seconds
Start importing Packages/com.unity.render-pipelines.universal/Editor/ShaderGraph/Includes/ShaderPass.hlsl using Guid(ba78d2682f9fed14fb0827a24fb5a1f0) (ShaderIncludeImporter) -> (artifact id: '25de83565803fe2a60273b7d4cb12ab0') in 0.000460125 seconds
Start importing Packages/com.unity.render-pipelines.universal/Shaders/Terrain/WavingGrassInput.hlsl using Guid(ca55f7593a02f4c1ab1bdbc03282d7af) (ShaderIncludeImporter) -> (artifact id: '8e989f84f4bc3b00186ca23ff34101e6') in 0.000753125 seconds
Start importing Packages/com.unity.render-pipelines.core/ShaderLibrary/CommonDeprecated.hlsl using Guid(ca3a5025616550a40816a5272a4f7631) (ShaderIncludeImporter) -> (artifact id: '881ac63173bade2af9d980430fb92aa7') in 0.000629375 seconds
Start importing Packages/com.unity.render-pipelines.universal/Shaders/Particles/ParticlesSimpleLitGBufferPass.hlsl using Guid(ca0e14e5bf6ac934086f42ca329f4ef1) (ShaderIncludeImporter) -> (artifact id: '7476a5a6593dc97da5711399448dd067') in 0.000644042 seconds
Start importing Packages/com.unity.render-pipelines.universal/Editor/ShaderGraph/Includes/SixWayForwardPass.hlsl using Guid(ea5e0c2b753f4b5287a5a23f0e61407e) (ShaderIncludeImporter) -> (artifact id: '0b74420d2f281cc4ff600a691116e309') in 0.000540667 seconds
Start importing Packages/com.unity.render-pipelines.universal/Shaders/PostProcessing/Common.hlsl using Guid(eaaf2a45502c59c4e907088b5f034c0c) (ShaderIncludeImporter) -> (artifact id: '3305029b37f535b8f3646a049e0b7ffc') in 0.00083475 seconds
Start importing Packages/com.unity.shadergraph/Editor/Generation/Targets/Fullscreen/Includes/FullscreenDrawProcedural.hlsl using Guid(fa5319f2d61c4df44b77220af2406147) (ShaderIncludeImporter) -> (artifact id: '211238989735b95e21be8f156fc7047d') in 0.000583542 seconds
Start importing Packages/com.unity.shadergraph/Editor/Generation/Targets/BuiltIn/ShaderLibrary/Shim/Shims.hlsl using Guid(fa48edec2a3839b41a62407f4a233b81) (ShaderIncludeImporter) -> (artifact id: '14622bf70258c6a94665c2a21de29ffc') in 0.0003965 seconds
Start importing Packages/com.unity.shadergraph/Editor/Generation/Targets/Fullscreen/Includes/FullscreenShaderPass.cs.hlsl using Guid(fa6980c25ec2f164ba4a6fcb040eb870) (ShaderIncludeImporter) -> (artifact id: '405d5b02fcc0a37f940e2aad662910ee') in 0.000463583 seconds
Start importing Packages/com.unity.render-pipelines.core/ShaderLibrary/Hashes.hlsl using Guid(0bf6c7395c05c624d92ebdff0dcc1a61) (ShaderIncludeImporter) -> (artifact id: '0b03e84146c06948d7fc5c819dacd6cc') in 0.000697583 seconds
Start importing Packages/com.unity.render-pipelines.universal/ShaderLibrary/GlobalIllumination.hlsl using Guid(1be91b057dbe43239a838d9e45a42a32) (ShaderIncludeImporter) -> (artifact id: '2c3a82360d822c7ba5a1a46618c5decc') in 0.000650458 seconds
Start importing Packages/com.unity.render-pipelines.universal/ShaderLibrary/GBufferInput.hlsl using Guid(2b30f99b47dd40adaf41fd8e6573daa4) (ShaderIncludeImporter) -> (artifact id: 'eb297eaaf004492137af85c7cbc9e98e') in 0.00071225 seconds
Start importing Packages/com.unity.shadergraph/ShaderGraphLibrary/ShaderVariables.hlsl using Guid(2bc64066748469e48861ed835a8b806d) (ShaderIncludeImporter) -> (artifact id: '8c2d056e439d9efee6956df966f74eb5') in 0.000679208 seconds
Start importing Packages/com.unity.render-pipelines.universal/Editor/Terrain/TerrainPassDefine.template.hlsl using Guid(3b77405e9fadb4c408bbf830f615ce99) (ShaderIncludeImporter) -> (artifact id: '5a4363b6464fde387f3d12ea89221e42') in 0.000633 seconds
Start importing Packages/com.unity.render-pipelines.universal/Editor/ShaderGraph/Includes/ShadowCasterPass.hlsl using Guid(3beb91c1958c67d47bb580c465e22f29) (ShaderIncludeImporter) -> (artifact id: '051fcc12ffda9ba1e413f152b0cdf778') in 0.000466417 seconds
Start importing Packages/com.unity.render-pipelines.universal/Shaders/2D/Include/Lit2DCommon.hlsl using Guid(4b0b97f5510f6a34681068f902b725d5) (ShaderIncludeImporter) -> (artifact id: '1dcdf719b116eae4e2b5c84f815de6bb') in 0.000561083 seconds
Start importing Packages/com.unity.render-pipelines.universal/ShaderLibrary/ShaderTypes.cs.hlsl using Guid(6be8cfeb6b34eca43b000cb7bad7255e) (ShaderIncludeImporter) -> (artifact id: '7546dd7a9dd0cb06b6058e81f97c4b57') in 0.000536333 seconds
Start importing Packages/com.unity.render-pipelines.universal/Shaders/Terrain/TerrainLitDepthNormalsPass.hlsl using Guid(7b6328a4b0ed14a9ea5e0629d7c7966c) (ShaderIncludeImporter) -> (artifact id: '887bf77b7942e666e8cb20ec929963f3') in 0.000560583 seconds
Start importing Packages/com.unity.render-pipelines.universal/Runtime/RendererFeatures/SurfaceCacheGI/SurfaceCacheCore/IrradianceCompression.hlsl using Guid(7be701552a7670148a7c948d2b363156) (ShaderIncludeImporter) -> (artifact id: 'e90cb52cee3c7ffdb2f23afc61786d9f') in 0.000554459 seconds
Start importing Packages/com.unity.render-pipelines.core/Runtime/UnifiedRayTracing/Compute/RadeonRays/kernels/transform.hlsl using Guid(7b4dd253adea58d49a8347c5bcc08904) (ShaderIncludeImporter) -> (artifact id: 'c8bf28ac88e10a525eb9c7610fd1b4a8') in 0.000658833 seconds
Start importing Packages/com.unity.render-pipelines.core/Runtime/Debug/ProbeVolumeDebugFunctions.hlsl using Guid(7b7fb68bec939a04791463e4b8734f38) (ShaderIncludeImporter) -> (artifact id: '8e27f3d824c988d69bac8a283fd1d5e4') in 0.000642833 seconds
Start importing Packages/com.unity.render-pipelines.core/Runtime/PostProcessing/Shaders/ffx/ffx_lpm.hlsl using Guid(8b2264ffe26ac3e42b4077bfbc35941b) (ShaderIncludeImporter) -> (artifact id: 'd42535a58c7decfd10eed5f81499ac98') in 0.000680125 seconds
Start importing Packages/com.unity.render-pipelines.universal/Shaders/Nature/SpeedTree7BillboardPasses.hlsl using Guid(8ba36b6596e931145bbad992032afb1a) (ShaderIncludeImporter) -> (artifact id: '05994983ef5a2c10f3e64b979c2eaccb') in 0.000660209 seconds
Start importing Packages/com.unity.shadergraph/ShaderGraphLibrary/Nature/SpeedTree8Wind.hlsl using Guid(8b4aa8c48881d4142b1c30e408b503d8) (ShaderIncludeImporter) -> (artifact id: 'b6af647fc11f1a0d184d72822288c6cf') in 0.000724625 seconds
Start importing Packages/com.unity.shadergraph/Editor/Generation/Targets/BuiltIn/ShaderLibrary/ShaderVariablesFunctions.hlsl using Guid(9b185d0244daaf94894ec0689c057a42) (ShaderIncludeImporter) -> (artifact id: 'eb71e81c066192cc09d26b5191ca254c') in 0.000603666 seconds
Start importing Packages/com.unity.render-pipelines.universal/Editor/ShaderGraph/Includes/LightingMetaPass.hlsl using Guid(9b897418a23a04642a054cf9daa3bf54) (ShaderIncludeImporter) -> (artifact id: '7b147c10677afb4e4c3f65d440636eba') in 0.000669125 seconds
Start importing Packages/com.unity.render-pipelines.universal/Runtime/RendererFeatures/SurfaceCacheGI/SurfaceCacheCore/Common.hlsl using Guid(9bdf70d328f46724a8d2a29eacb6e8d7) (ShaderIncludeImporter) -> (artifact id: '12e3d072b256b2c9613a225f0a08822d') in 0.000659083 seconds
Start importing Packages/com.unity.ugui/Editor Resources/Shaders/TMP_SDF_SSD.cginc using Guid(abe6991365a27d341a10580f3b7c0f44) (ShaderIncludeImporter) -> (artifact id: '6210c9b75bcff879a66d3acd3c6dd96f') in 0.00063575 seconds
Start importing Packages/com.unity.render-pipelines.core/Runtime/UnifiedRayTracing/Compute/RadeonRays/kernels/trace_ray.hlsl using Guid(ab8d793352dffca4f9b91b50e2421b57) (ShaderIncludeImporter) -> (artifact id: 'caeae22ed9ff8274932cc2b49262ce0e') in 0.000640667 seconds
Start importing Packages/com.unity.shadergraph/ShaderGraphLibrary/Nature/SpeedTree9Wind.hlsl using Guid(dbd0aaccbcc575f468323e8991e68e98) (ShaderIncludeImporter) -> (artifact id: '2d751aec6b0ead0b483cd048f59b2991') in 0.000680916 seconds
Start importing Packages/com.unity.render-pipelines.universal/ShaderLibrary/GBufferOutput.hlsl using Guid(db51e39af1b3c01449a3e6b1ce782a48) (ShaderIncludeImporter) -> (artifact id: 'b14a8b4af31163ffd134d279fd9df06f') in 0.00075075 seconds
Start importing Packages/com.unity.render-pipelines.core/Runtime/Vrs/Shaders/VrsShadingRates.hlsl using Guid(dbb73cb4c1954036a32ce1ade17ac0fd) (ShaderIncludeImporter) -> (artifact id: 'd3a75696d03a5648a51816ce82f2729b') in 0.000650791 seconds
Start importing Packages/com.unity.shadergraph/GraphTemplates/Subgraphs/CanvasLinearSpaceConversion.hlsl using Guid(ebc2de0dabf4215478451d72641762ff) (ShaderIncludeImporter) -> (artifact id: 'c690503dede8f8c969a8324dd18eabc9') in 0.000543333 seconds
Start importing Packages/com.unity.render-pipelines.core/Runtime/Lighting/ProbeVolume/ProbeVolumeUploadDataCommon.hlsl using Guid(fb1453f13b855f444a8034b2db10ca61) (ShaderIncludeImporter) -> (artifact id: 'ef9bfe867865f568f9645c9290fa7ebb') in 0.000643791 seconds
Start importing Packages/com.unity.render-pipelines.universal/Shaders/PostProcessing/SubpixelMorphologicalAntialiasingBridge.hlsl using Guid(0c5832a72145a5b49a1b64a21a609bb4) (ShaderIncludeImporter) -> (artifact id: 'a69cd26a5b71b0f5439ecd24543c3fe6') in 0.000779208 seconds
Start importing Packages/com.unity.render-pipelines.core/Runtime/Debug/ProbeVolumeDebugBase.hlsl using Guid(0c0fc89bf58dc6d4590d0db55a62679e) (ShaderIncludeImporter) -> (artifact id: 'ce01fada4b1bcf355640e5d1e25fd789') in 0.000864 seconds
Start importing Packages/com.unity.render-pipelines.universal/ShaderLibrary/AmbientOcclusion.hlsl using Guid(1c0cb2353d9a4debbc61e650002843f4) (ShaderIncludeImporter) -> (artifact id: 'd413f326bb01aaa85da7121a5c9b63b7') in 0.000539917 seconds
Start importing Packages/com.unity.shadergraph/Editor/Generation/Targets/BuiltIn/ShaderLibrary/UnityInput.hlsl using Guid(1c7ec01faf22529498d9ebac04dfafd4) (ShaderIncludeImporter) -> (artifact id: 'e78a0635bfeba66e0c5607532f0d02d8') in 0.000568958 seconds
Start importing Packages/com.unity.shadergraph/ShaderGraphLibrary/ShaderConfig.cs.hlsl using Guid(2c6472a689b6ae34e806881d3066cfb3) (ShaderIncludeImporter) -> (artifact id: '577cbf0a8465c76f07bb9fb420f351f4') in 0.000546791 seconds
Start importing Packages/com.unity.render-pipelines.universal/Editor/2D/ShaderGraph/Includes/SpriteLitPass.hlsl using Guid(3ce18356597793947bd0f671f7363559) (ShaderIncludeImporter) -> (artifact id: 'cb664f728743a81c9be68b9a8df97caf') in 0.000597041 seconds
Start importing Packages/com.unity.render-pipelines.core/Runtime/Vrs/Shaders/VrsImage.hlsl using Guid(3cc7957ff84646bbbb849b88919e2109) (ShaderIncludeImporter) -> (artifact id: '31e3be685c98ef196fbc7a43b81094be') in 0.000514958 seconds
Start importing Packages/com.unity.render-pipelines.universal/Editor/ShaderGraph/Includes/PBR2DPass.hlsl using Guid(3cb98c83fcab8434296397682201b369) (ShaderIncludeImporter) -> (artifact id: 'cb02bdb0d5cbad1bb00a99f44e84a55e') in 0.000412625 seconds
Start importing Packages/com.unity.ugui/Editor Resources/Shaders/TMP_Properties.cginc using Guid(3c6c403084eacec478a1129ce20061ea) (ShaderIncludeImporter) -> (artifact id: '0b6510a7584c4ccb00079dbc08b3b282') in 0.000566541 seconds
Start importing Packages/com.unity.render-pipelines.core/Runtime/UnifiedRayTracing/Compute/RayQuerySoftware.hlsl using Guid(3cae67c457a2ad24495f86529619c102) (ShaderIncludeImporter) -> (artifact id: '8378f0306c5a3b367052338f4cfb226a') in 0.000580583 seconds
Start importing Packages/com.unity.render-pipelines.universal/ShaderLibrary/Clustering.hlsl using Guid(5c52f3d26791c415b9e887442bfc817c) (ShaderIncludeImporter) -> (artifact id: '9203bacd6cc4ec754f0a6b52c2fbb18c') in 0.000558833 seconds
Start importing Packages/com.unity.render-pipelines.universal/ShaderLibrary/Shadows.hlsl using Guid(5cb845b7decdb4db6a7fcc676b127b6d) (ShaderIncludeImporter) -> (artifact id: 'f7d219d047f4515df2c6607adcccc848') in 0.000766 seconds
Start importing Packages/com.unity.render-pipelines.universal/Shaders/2D/Include/ShapeLightVariables.hlsl using Guid(5ce9e51bf709e4e459da190b3cf4d110) (ShaderIncludeImporter) -> (artifact id: '6ba50cdd56895471936c0e993b1a772d') in 0.000660708 seconds
Start importing Packages/com.unity.render-pipelines.core/Runtime/GPUDriven/OccluderDepthPyramidConstants.cs.hlsl using Guid(5cbc804d3cb252947a62ba74b9e72d08) (ShaderIncludeImporter) -> (artifact id: '0f0b371ae39df8b047fe7a9342120111') in 0.00072575 seconds
Start importing Packages/com.unity.render-pipelines.universal/ShaderLibrary/MetaInput.hlsl using Guid(6c9c9877e9a3dff4fbc73fd447c653d8) (ShaderIncludeImporter) -> (artifact id: 'd0706f5645459d4323d1b509cac6dc2b') in 0.000669959 seconds
Start importing Packages/com.unity.shadergraph/Editor/Generation/Targets/BuiltIn/ShaderLibrary/Shim/HLSLSupportShim.hlsl using Guid(7c33a2e733f9c2a4185a4a03d7ed39ca) (ShaderIncludeImporter) -> (artifact id: 'c82bde28cd3bee7807e574464d274913') in 0.000740167 seconds
Start importing Packages/com.unity.shadergraph/Editor/Generation/Targets/BuiltIn/Editor/ShaderGraph/Includes/SpriteUnlitPass.hlsl using Guid(7c499715fdb4d7c479dcd3fd13abe0d0) (ShaderIncludeImporter) -> (artifact id: '829b213e2193ce55dabfdce6a2381473') in 0.000678708 seconds
Start importing Packages/com.unity.render-pipelines.core/ShaderLibrary/API/D3D11.hlsl using Guid(9c7140d7b956a4547bb71f8ed0dd9049) (ShaderIncludeImporter) -> (artifact id: '4a1d4001e329db98d9cad022f0101c36') in 0.000533083 seconds
Start importing Packages/com.unity.render-pipelines.universal/Runtime/VFXGraph/Shaders/VFXLitPixelOutput.hlsl using Guid(ac160f8e04d8868418f09da1757e85ac) (ShaderIncludeImporter) -> (artifact id: 'e00b5aa4c6579fe41e53c674d77cd90e') in 0.000609 seconds
Start importing Packages/com.unity.render-pipelines.universal/Editor/2D/ShaderGraph/Includes/MeshUnlitPass.hlsl using Guid(bce3f62f3aca0994599f5113432c9136) (ShaderIncludeImporter) -> (artifact id: '67f3fdc1d3c8e4ffb60172e7d9116874') in 0.000666875 seconds
Start importing Packages/com.unity.render-pipelines.universal/ShaderLibrary/RenderingLayers.hlsl using Guid(bcd650cf6823f4f7fb62fe0eccae07b0) (ShaderIncludeImporter) -> (artifact id: 'da114a899ba25ac3d7abb32701aa9097') in 0.000864417 seconds
Start importing Packages/com.unity.render-pipelines.universal/ShaderLibrary/GBufferCommon.hlsl using Guid(bc7fdf95b149455c88d444108d74601c) (ShaderIncludeImporter) -> (artifact id: 'd14f9fe412b934f40ba3d2dce3501691') in 0.002265375 seconds
Start importing Packages/com.unity.render-pipelines.universal/Shaders/Particles/ParticlesLitGbufferPass.hlsl using Guid(cc421706a0b598946982fee0c0d4bf51) (ShaderIncludeImporter) -> (artifact id: '79e967ec0f327af7b3804122998e8767') in 0.003631708 seconds
Start importing Packages/com.unity.render-pipelines.core/ShaderLibrary/Threading.hlsl using Guid(cc0d8451b1d348689c76bbac2a797aaa) (ShaderIncludeImporter) -> (artifact id: '0dc3ce99f87669354bb9a6f078c69ad8') in 0.000777958 seconds
Start importing Packages/com.unity.render-pipelines.universal/Shaders/LitMetaPass.hlsl using Guid(dcf4e762d48204e33b575f8007e3d563) (ShaderIncludeImporter) -> (artifact id: '926298f223db4279249a6603084fdbbb') in 0.000714292 seconds
Start importing Packages/com.unity.render-pipelines.core/Runtime/Lighting/ProbeVolume/ShaderVariablesProbeVolumes.cs.hlsl using Guid(dcbd446e83bc87d40b82dd90f8814c3c) (ShaderIncludeImporter) -> (artifact id: 'c9f52fcb492cc37f5c3b11f0f14a99ba') in 0.000830542 seconds
Start importing Packages/com.unity.render-pipelines.core/Runtime/UnifiedRayTracing/Common/GeometryPool/GeometryPoolDefs.cs.hlsl using Guid(eca78e9f751408043bef5b9d52db9d39) (ShaderIncludeImporter) -> (artifact id: 'ce677dd2f022ab648ffd105b9e10292b') in 0.000634959 seconds
Start importing Packages/com.unity.shadergraph/ShaderGraphLibrary/ShaderVariablesMatrixDefsLegacyUnity.hlsl using Guid(0d85288be460c884bba7ec9ef5c6684d) (ShaderIncludeImporter) -> (artifact id: 'e606f14d3149e7eb8d4fc5bc52b2e67a') in 0.000413125 seconds
Start importing Packages/com.unity.shadergraph/ShaderGraphLibrary/PreviewPass.hlsl using Guid(0db5a27336918594d860a43da98f2b47) (ShaderIncludeImporter) -> (artifact id: '666813f87a1313739dd449b22fd488bd') in 0.000481917 seconds
Start importing Packages/com.unity.shadergraph/Editor/Generation/Targets/Fullscreen/Includes/CustomRenderTexture.hlsl using Guid(0de8792ff52727f44925b54be00b9f18) (ShaderIncludeImporter) -> (artifact id: 'c9becd7229e9d580bf422b49b0951d1f') in 0.00061775 seconds
Start importing Packages/com.unity.render-pipelines.universal/Shaders/Particles/ParticlesUnlitInput.hlsl using Guid(0ddf9719bc9ff43e1a017712e21bb5e6) (ShaderIncludeImporter) -> (artifact id: 'fd9bbe7623fc1ebd0d0bdbd9aa62420a') in 0.00074225 seconds
Start importing Packages/com.unity.render-pipelines.core/Runtime/UnifiedRayTracing/Compute/RadeonRays/kernels/intersector_common.hlsl using Guid(1d3d4991676b46b4dbcffa10bf77e786) (ShaderIncludeImporter) -> (artifact id: '115bea84610bbe23bca33a21a735a8c5') in 0.00088075 seconds
Start importing Packages/com.unity.render-pipelines.universal/Shaders/PostProcessing/TemporalAA.hlsl using Guid(2d9f6a569c0b340a388b3e7c0428548c) (ShaderIncludeImporter) -> (artifact id: 'ab6a049028f695d48487f12e4e22be70') in 0.000576042 seconds
Start importing Packages/com.unity.render-pipelines.universal/Editor/ShaderGraph/Includes/SelectionPickingPass.hlsl using Guid(3d28e6c5572c3d8479d70ecfdc954692) (ShaderIncludeImporter) -> (artifact id: '1650ec8386f0cbcabd59a15fd490ad62') in 0.000638917 seconds
Start importing Packages/com.unity.render-pipelines.universal/Runtime/RendererFeatures/SurfaceCacheGI/SurfaceCacheCore/TemporalFiltering.hlsl using Guid(3d6e9bbc38b5ff841a484d47af117c33) (ShaderIncludeImporter) -> (artifact id: '7c072168839235e9ea9ff591f82a42dc') in 0.000686917 seconds
Start importing Packages/com.unity.render-pipelines.universal/ShaderLibrary/ObjectMotionVectors.hlsl using Guid(6d239a0044031854a817ab72a66ce766) (ShaderIncludeImporter) -> (artifact id: '6f5569706893c51e611c88915967ba1a') in 0.000689416 seconds
Start importing Packages/com.unity.render-pipelines.universal/Runtime/RendererFeatures/SurfaceCacheGI/SurfaceCacheCore/Estimation.hlsl using Guid(6d141c681d76ebf4a954f3cbee57173c) (ShaderIncludeImporter) -> (artifact id: '2db5478c3261f60676cf80187b4aa9b2') in 0.000628917 seconds
Start importing Packages/com.unity.render-pipelines.core/Runtime/Sampling/QuasiRandom.hlsl using Guid(6dd45a9bd35347a45b6cb0047cab846f) (ShaderIncludeImporter) -> (artifact id: 'c194614d1c4f307244a06826c4c345d4') in 0.000594125 seconds
Start importing Packages/com.unity.render-pipelines.universal/ShaderLibrary/DeclareRenderingLayerTexture.hlsl using Guid(6db8433897838284fa5c7571f3088db8) (ShaderIncludeImporter) -> (artifact id: 'c1245cb58f23490f63f2734c405bf9e2') in 0.000625792 seconds
Start importing Packages/com.unity.render-pipelines.core/Runtime/UnifiedRayTracing/CommonStructs.hlsl using Guid(7d31f2834b1e0db45bc5e8596c3908cf) (ShaderIncludeImporter) -> (artifact id: '668c875b6a5f266ed9d69b7b95535e75') in 0.000603917 seconds
Start importing Packages/com.unity.render-pipelines.universal/ShaderLibrary/UnityTypes.hlsl using Guid(8d0dd75f99f9243d584a08489c8498b8) (ShaderIncludeImporter) -> (artifact id: '2111fc9206623c13384da65877920bf0') in 0.000394917 seconds
Start importing Packages/com.unity.render-pipelines.core/ShaderLibrary/Packing.hlsl using Guid(ad629edbad34c1c45afea3021c1553c8) (ShaderIncludeImporter) -> (artifact id: 'ba74eacbfa46763b1864dc2670841374') in 0.000526875 seconds
Start importing Packages/com.unity.render-pipelines.universal/Shaders/Terrain/TerrainLitPasses.hlsl using Guid(ad25529ea2516421ab5f1a2440bee139) (ShaderIncludeImporter) -> (artifact id: '2bff25c038a3d0c9ca0a091abcb381d4') in 0.000677 seconds
Start importing Packages/com.unity.render-pipelines.universal/Shaders/SimpleLitInput.hlsl using Guid(ad863d097888f42c6bcf419efb2946c5) (ShaderIncludeImporter) -> (artifact id: '3d78ddef99e6d66556ef478252cedb7e') in 0.000520916 seconds
Start importing Packages/com.unity.render-pipelines.core/Runtime/Utilities/BlitColorAndDepth.hlsl using Guid(cdea49463de0449b48cacd6a3925dcf7) (ShaderIncludeImporter) -> (artifact id: '3440b8bba9098dd290535310ac52f8ef') in 0.000585667 seconds
Start importing Packages/com.unity.shadergraph/Editor/Generation/Targets/BuiltIn/Editor/ShaderGraph/Includes/DepthOnlyPass.hlsl using Guid(cd9e404a0c5b4bb4787c63d916f217a2) (ShaderIncludeImporter) -> (artifact id: '139727572911e86f9d9f9523ffea850e') in 0.000603292 seconds
Start importing Packages/com.unity.render-pipelines.universal/Editor/ShaderGraph/Templates/SharedCode.template.hlsl using Guid(ed33028ae86f863468162a7c6b0ae962) (ShaderIncludeImporter) -> (artifact id: 'c6caf7c418c1bf6f4fd3ca2cbccbf34d') in 0.000577 seconds
Start importing Packages/com.unity.render-pipelines.core/Runtime/STP/Stp.hlsl using Guid(edf9bcadab79ea842850b55b8d3a60d4) (ShaderIncludeImporter) -> (artifact id: '9e8a361e81764add024bcfbb6f608386') in 0.000801208 seconds
Start importing Packages/com.unity.render-pipelines.universal/Shaders/XR/XRMirrorView.hlsl using Guid(0eac51a8dfc8fa341a5f8c6450bc0f84) (ShaderIncludeImporter) -> (artifact id: '64a05444781017beb0e464101d0cc97a') in 0.000417917 seconds
Start importing Packages/com.unity.render-pipelines.core/ShaderLibrary/Tessellation.hlsl using Guid(1ea56bc9911bbad4191075872a46cc89) (ShaderIncludeImporter) -> (artifact id: '463e34bdd171d46e93039ee18377df9d') in 0.000549542 seconds
Start importing Packages/com.unity.render-pipelines.core/Runtime/GPUDriven/OcclusionCullingCommon.cs.hlsl using Guid(1ed97a1fe4775544caa75b92f1d8e9ae) (ShaderIncludeImporter) -> (artifact id: '5fc5d4dee754c25d7975ff1126a0a676') in 0.000582333 seconds
Start importing Packages/com.unity.shadergraph/Editor/Generation/Targets/BuiltIn/Editor/ShaderGraph/Includes/PBRGBufferPass.hlsl using Guid(3ed09dfc4bb69694ca13ae03dbab44df) (ShaderIncludeImporter) -> (artifact id: '10e3c6010f277b6971a235b4c75db5f4') in 0.000638875 seconds
Start importing Packages/com.unity.render-pipelines.universal/ShaderLibrary/DecalInput.hlsl using Guid(3e4be2c2c37a850478a159473b68a63f) (ShaderIncludeImporter) -> (artifact id: '591e4ae08f291fc6e567152c688dc867') in 0.000587666 seconds
Start importing Packages/com.unity.render-pipelines.universal/ShaderLibrary/Debug/Debugging2D.hlsl using Guid(4ee4501622ea4008903e313980a6b1b2) (ShaderIncludeImporter) -> (artifact id: 'a76504b1508bfc7cda56b26d80e1d2dd') in 0.00058875 seconds
Start importing Packages/com.unity.render-pipelines.universal/ShaderLibrary/RealtimeLights.hlsl using Guid(4e8e2a4c57cb4eb6bf8653ab88069a9c) (ShaderIncludeImporter) -> (artifact id: '52adbd4a27b414f9db8430d17a772f8c') in 0.00074725 seconds
Start importing Packages/com.unity.shadergraph/Editor/Generation/Targets/BuiltIn/Editor/ShaderGraph/Includes/LegacyBuilding.hlsl using Guid(5ef47fafdf6082a4ca29b49f85810af3) (ShaderIncludeImporter) -> (artifact id: 'dd2fb6d762f121363759d2cc144ca8e5') in 0.000491 seconds
Start importing Packages/com.unity.render-pipelines.core/ShaderLibrary/BSDF.hlsl using Guid(5eb5e8e99ae281342bae5c7b296b3ae3) (ShaderIncludeImporter) -> (artifact id: '66c4c4bd4eddb8d4a9af2fbd74af874c') in 0.000682458 seconds
Start importing Packages/com.unity.render-pipelines.universal/ShaderLibrary/ForwardPlusKeyword.deprecated.hlsl using Guid(7e363e809b854c74b30d5945820534d4) (ShaderIncludeImporter) -> (artifact id: 'd21c5b11ebdb9531968fb63b55a25b55') in 0.000670167 seconds
Start importing Packages/com.unity.shadergraph/Editor/Generation/Targets/BuiltIn/ShaderLibrary/DeclareNormalsTexture.hlsl using Guid(8e70e91938193854da65cb4c9d09b99b) (ShaderIncludeImporter) -> (artifact id: '388c93dae625480b0d20de2903579d09') in 0.000592083 seconds
Start importing Packages/com.unity.render-pipelines.core/Runtime/PostProcessing/LensFlareDataSRP.cs.hlsl using Guid(9ee7f7178a92d554fa636bc513594ded) (ShaderIncludeImporter) -> (artifact id: '358bd8e35b085dc5f1e025bf22d073ee') in 0.000774083 seconds
Start importing Packages/com.unity.render-pipelines.universal/Editor/ShaderGraph/Includes/DepthNormalsOnlyPass.hlsl using Guid(9ebb19659794b47c59986fcc45692a0d) (ShaderIncludeImporter) -> (artifact id: '49647c646324a853ef25fa01f8f11679') in 0.000670458 seconds
Start importing Packages/com.unity.render-pipelines.core/ShaderLibrary/ImageBasedLighting.hlsl using Guid(ae4dc0bfd9fc0b544a109513ba841d30) (ShaderIncludeImporter) -> (artifact id: 'ab57355ca60f4e28b7478d0354670d12') in 0.000677042 seconds
Start importing Packages/com.unity.render-pipelines.universal/Shaders/UnlitDepthNormalsPass.hlsl using Guid(ce8b43269e26f4263ac0da53665264b9) (ShaderIncludeImporter) -> (artifact id: 'c884442c87502e1556e493687cb9736a') in 0.000618292 seconds
Start importing Packages/com.unity.render-pipelines.universal/Shaders/XR/XRVisibilityMeshHelper.hlsl using Guid(ded32ce19f1afce42a36cb8e415e3aca) (ShaderIncludeImporter) -> (artifact id: '83bebadc84e361e33fde99ef765568b3') in 0.000452667 seconds
Start importing Packages/com.unity.render-pipelines.core/Runtime/PostProcessing/Shaders/FSRCommon.hlsl using Guid(ee30e890854422d4c85fb895d34e2a53) (ShaderIncludeImporter) -> (artifact id: 'aac571db7b2a8209a230c9a815ac1d71') in 0.000581375 seconds
Start importing Packages/com.unity.render-pipelines.universal/Shaders/SimpleLitForwardPass.hlsl using Guid(ee447e65526c7db45a978c16b28827a9) (ShaderIncludeImporter) -> (artifact id: 'b581cc848b5538b67c43230c620a2f30') in 0.000575375 seconds
Start importing Packages/com.unity.render-pipelines.core/ShaderLibrary/GeometricTools.hlsl using Guid(eebfba22df48acf4b978d98000cb10e6) (ShaderIncludeImporter) -> (artifact id: '123fa68d11c09a96704461d4ad995721') in 0.00066025 seconds
Start importing Assets/Piglet/Resources/Shaders/Standard/MetallicRoughness.cginc using Guid(1f379da5a7569034e82d728c5f0994b2) (ShaderIncludeImporter) -> (artifact id: '277f7a0b75668b43584ca96b4efaef63') in 0.000735041 seconds
Start importing Packages/com.unity.render-pipelines.universal/Runtime/RendererFeatures/SurfaceCacheGI/SurfaceCacheCore/RisEstimation.hlsl using Guid(3fdd957f94ad7874198e756569ec013e) (ShaderIncludeImporter) -> (artifact id: '564228b4a3a4bfbfeafb712bbd8324ab') in 0.00059 seconds
Start importing Packages/com.unity.render-pipelines.universal/Shaders/PostProcessing/SubpixelMorphologicalAntialiasing.hlsl using Guid(3f1f7ec9e0c852a48826fe085f257d80) (ShaderIncludeImporter) -> (artifact id: '3425ed5456f8e24f5c42ebfbdc188aaa') in 0.000643 seconds
Start importing Packages/com.unity.render-pipelines.universal/Editor/ShaderGraph/Includes/UITKPass.hlsl using Guid(4f183ca0bce4b844b8b2b26d1a18159c) (ShaderIncludeImporter) -> (artifact id: '42ff260dc2e44034f96f7582843657f0') in 0.000437042 seconds
Start importing Packages/com.unity.render-pipelines.universal/Shaders/SimpleLitGBufferPass.hlsl using Guid(5f8cea4f4fce7414ab78bcbf51dca71c) (ShaderIncludeImporter) -> (artifact id: '0e956db20aa57587f9178d0475de9aa2') in 0.000767416 seconds
Start importing Packages/com.unity.render-pipelines.core/ShaderLibrary/VirtualTexturing.hlsl using Guid(6f22d4e29906d3c47892e0c92874b752) (ShaderIncludeImporter) -> (artifact id: 'bbdf0f499a8902c7e3722fc3d6e916f3') in 0.000740584 seconds
Start importing Packages/com.unity.render-pipelines.core/ShaderLibrary/Shadow/ShadowSamplingTent.hlsl using Guid(6ff912bb23fcd5b468dd2e5c37addac3) (ShaderIncludeImporter) -> (artifact id: 'c20981142c9a838cafb9adc000524ab4') in 0.000677042 seconds
Start importing Packages/com.unity.shadergraph/Editor/Generation/Targets/BuiltIn/Editor/ShaderGraph/Includes/PBRForwardPass.hlsl using Guid(6fca0a7fb5d1b8648a17c83915199f6e) (ShaderIncludeImporter) -> (artifact id: '90f450d0ff14f21e8349a6e9889eefa8') in 0.002180291 seconds
Start importing Packages/com.unity.shadergraph/Editor/Generation/Targets/CustomRenderTexture/CustomTexture.hlsl using Guid(8f43a880cf1819049aa196a7696ee562) (ShaderIncludeImporter) -> (artifact id: 'f5c19f283b7af0abed5f345a89662200') in 0.000846084 seconds
Start importing Packages/com.unity.shadergraph/Editor/Generation/Targets/BuiltIn/ShaderLibrary/DeclareOpaqueTexture.hlsl using Guid(8f04f9a51bb7cae408ba6b74194f84f7) (ShaderIncludeImporter) -> (artifact id: '27505b85b0b8124cc6b83db3e31cc56d') in 0.000625792 seconds
Start importing Packages/com.unity.render-pipelines.universal/Editor/ShaderGraph/Includes/DepthOnlyPass.hlsl using Guid(8f266648f26372548b2ae696d6db739e) (ShaderIncludeImporter) -> (artifact id: 'e8375760a8ee57584da7255018ca55e2') in 0.000706334 seconds
Start importing Packages/com.unity.shadergraph/Editor/Generation/Targets/BuiltIn/ShaderLibrary/Shim/UIShimPreview.hlsl using Guid(9f12249d09c77224c8a6d6fad6e252b5) (ShaderIncludeImporter) -> (artifact id: '1e07011e00233adc2722c4cf5882b78b') in 0.001103125 seconds
Start importing Packages/com.unity.render-pipelines.core/ShaderLibrary/Coverage.hlsl using Guid(9fede799a67b40b2a294892639a80b13) (ShaderIncludeImporter) -> (artifact id: 'b6011bf3dd5c5249b584dbeed1717413') in 0.000644375 seconds
Start importing Packages/com.unity.render-pipelines.core/Runtime/PostProcessing/Shaders/LensFlareScreenSpaceCommon.hlsl using Guid(afe55daff42455e4eb6a40e34678a418) (ShaderIncludeImporter) -> (artifact id: '9e328715ce2de1213ec2d37d3180a877') in 0.00068825 seconds
Start importing Packages/com.unity.render-pipelines.universal/Shaders/Utils/ClusterDeferred.hlsl using Guid(affb8a852369435f8e6a36bf7893715f) (ShaderIncludeImporter) -> (artifact id: 'c6f7c2626864e17cb207f0d356c95ab2') in 0.000604834 seconds
Start importing Packages/com.unity.shadergraph/Editor/Generation/Targets/BuiltIn/ShaderLibrary/ShaderVariablesFunctions.deprecated.hlsl using Guid(bfc4f24aa6eda10499234c714f82c6f2) (ShaderIncludeImporter) -> (artifact id: '6ae50d92a9fe223db2348f293f0ebfc9') in 0.000587542 seconds
Start importing Packages/com.unity.render-pipelines.universal/Editor/Terrain/BuildTerrainSurfaceDescriptionInputs.template.hlsl using Guid(ef136de7def056a4d8aa337fa0bcd989) (ShaderIncludeImporter) -> (artifact id: '206794abd3290ef4a16e1a2638c9c2f8') in 0.000628292 seconds
Start importing Packages/com.unity.render-pipelines.universal/ShaderLibrary/LODCrossFade.hlsl using Guid(ef46fb1e00bf67142ae3548411a562b6) (ShaderIncludeImporter) -> (artifact id: 'fc9a846299a81682cdd28d30b120c622') in 0.000600459 seconds
Start importing Packages/com.unity.render-pipelines.universal/ShaderLibrary/DeclareDepthTexture.hlsl using Guid(ff20ba0133cd2904ebf470aedb16e9a2) (ShaderIncludeImporter) -> (artifact id: 'b8c9d85732820ce1ed4df0cb85658a7c') in 0.000589084 seconds
Start importing Packages/com.unity.render-pipelines.core/Runtime/UnifiedRayTracing/TraceRayAndQueryHit.hlsl using Guid(ff541650e0d7c3146a62582a0bd48d30) (ShaderIncludeImporter) -> (artifact id: '70355ef265c56c1df4e6bb955c900cd3') in 0.000670833 seconds
Start importing Packages/com.unity.render-pipelines.universal/Shaders/SimpleLitMetaPass.hlsl using Guid(ffc632d1e38ef4682807a89afb2b966f) (ShaderIncludeImporter) -> (artifact id: '6a39cff5ca8a5321a087cb9a0121f7bb') in 0.000758333 seconds
Start importing Packages/com.unity.shadergraph/Editor/Resources/Shaders/BlitNoAlpha.shader using Guid(50b406436c6214c49aaaa6011b71dde8) (ShaderImporter)Launching external process: /Applications/Unity/Hub/Editor/6000.3.21f1/Unity.app/Contents/Helpers/UnityShaderCompiler
Launched and connected shader compiler UnityShaderCompiler after 0.05 seconds
 -> (artifact id: '8ec012841b9b0c1f9a021e351e13a3e2') in 0.069070542 seconds
Start importing Packages/com.unity.render-pipelines.universal/Shaders/SpatialMappingOcclusion.shader using Guid(60e10855641b4d84da68ec72e6f6eeb8) (ShaderImporter) -> (artifact id: 'b533a01586e219662020885174cb89b1') in 0.007500625 seconds
Start importing Packages/com.unity.render-pipelines.universal/Tests/Editor/CustomDepthBlit.shader using Guid(7057bb795f794bc44a4e34ca79be6e54) (ShaderImporter) -> (artifact id: '12c623b13c4513f96607802f760797f2') in 0.0064235 seconds
Start importing Packages/com.unity.render-pipelines.universal/Shaders/PostProcessing/LensFlareScreenSpace.shader using Guid(701880fecb344ea4c9cd0db3407ab287) (ShaderImporter) -> (artifact id: 'c2f339329ed6d3fbacb7d6e528b26285') in 0.011407208 seconds
Start importing Packages/com.unity.render-pipelines.universal/Runtime/Decal/DBuffer/DBufferClear.shader using Guid(f056d8bd2a1c7e44e9729144b4c70395) (ShaderImporter) -> (artifact id: '4d4ed993218feefa94ace8f2e8666a82') in 0.004781791 seconds
Start importing Packages/com.unity.render-pipelines.universal/Shaders/PostProcessing/StopNaN.shader using Guid(1121bb4e615ca3c48b214e79e841e823) (ShaderImporter) -> (artifact id: '44377d475e61bbefc59480c39a43b225') in 0.0042435 seconds
Start importing Packages/com.unity.render-pipelines.universal/Shaders/Terrain/TerrainLitBase.shader using Guid(21322c8b137c66e49b86085d3c8161f6) (ShaderImporter)WARNING: Shader Unsupported: 'Hidden/Universal Render Pipeline/Terrain/Lit (Base Pass)' - All subshaders removed
WARNING: Shader Did you use #pragma only_renderers and omit this platform?
WARNING: Shader If subshaders removal was intentional, you may have forgotten turning Fallback off?
WARNING: Shader Unsupported: 'Hidden/Universal Render Pipeline/Terrain/Lit (Base Pass)' - All subshaders removed
WARNING: Shader Did you use #pragma only_renderers and omit this platform?
WARNING: Shader If subshaders removal was intentional, you may have forgotten turning Fallback off?
WARNING: Shader Unsupported: 'Hidden/Universal Render Pipeline/Terrain/Lit (Base Pass)' - All subshaders removed
WARNING: Shader Did you use #pragma only_renderers and omit this platform?
WARNING: Shader If subshaders removal was intentional, you may have forgotten turning Fallback off?
WARNING: Shader Unsupported: 'Hidden/Universal Render Pipeline/Terrain/Lit (Base Pass)' - All subshaders removed
WARNING: Shader Did you use #pragma only_renderers and omit this platform?
WARNING: Shader If subshaders removal was intentional, you may have forgotten turning Fallback off?
 -> (artifact id: '494a89ff4f1717cc892efbcfacff4b1c') in 0.026132291 seconds
Start importing Packages/com.unity.render-pipelines.core/Tests/Editor/ShaderStripping/DummyPipelineShader.shader using Guid(61e53729ad706d049b12a441f328fe34) (ShaderImporter) -> (artifact id: '554e7f67ea6555b67067d5694f7bb8c9') in 0.002530916 seconds
Start importing Packages/com.unity.render-pipelines.core/Runtime/Lighting/ProbeVolume/ProbeVolumeUploadDataL2.compute using Guid(6196f34ed825db14b81fb3eb0ea8d931) (ComputeShaderImporter) -> (artifact id: '99149c482069b57891285edb8f4c03b8') in 0.002887625 seconds
Start importing Packages/com.unity.render-pipelines.core/Editor/LookDev/CubeToLatlong.shader using Guid(a16365e8c873daa4c94919438490b905) (ShaderImporter) -> (artifact id: '9e39389eda2b6331bc4849fab962d556') in 0.00256775 seconds
Start importing Packages/com.unity.render-pipelines.universal/Runtime/RendererFeatures/SurfaceCacheGI/SurfaceCacheCore/Defrag.compute using Guid(a183a2d0b1da4904fb3bd71c6111ebb1) (ComputeShaderImporter) -> (artifact id: 'a8c72450b3d9b7249768bf9dcc3f78dc') in 0.003020583 seconds
Start importing Packages/com.unity.render-pipelines.universal/Tests/Editor/PostProcessDataTests/1.shader using Guid(a176945d0e562084691bce8e11084c6a) (ShaderImporter) -> (artifact id: '9ea40e82eeffdf7dac9a60541c2cf398') in 0.155957875 seconds
Start importing Packages/com.unity.render-pipelines.universal/Shaders/PostProcessing/PaniniProjection.shader using Guid(a15b78cf8ca26ca4fb2090293153c62c) (ShaderImporter) -> (artifact id: '2fe799a30551e6e68f4fae5f9f03b28a') in 0.004678542 seconds
Start importing Packages/com.unity.render-pipelines.universal/Shaders/Utils/Blit.shader using Guid(c17132b1f77d20942aa75f8429c0f8bc) (ShaderImporter) -> (artifact id: '597bf15d075254461eb4f7392ac02b8c') in 0.004854208 seconds
Start importing Packages/com.unity.render-pipelines.universal/Shaders/Utils/CoreBlitColorAndDepth.shader using Guid(d104b2fc1ca6445babb8e90b0758136b) (ShaderImporter) -> (artifact id: '8c74b105357792dec0cce4a3b08b5ffc') in 0.003360791 seconds
Start importing Packages/com.unity.render-pipelines.core/Shaders/CoreCopy.shader using Guid(12dc59547ea167a4ab435097dd0f9add) (ShaderImporter) -> (artifact id: '97b74205c692b623b43e7673cf338d01') in 0.002628458 seconds
Start importing Packages/com.unity.render-pipelines.core/Tests/Editor/SimpleDots.shader using Guid(120ea264a7bdc294f86074ea0303c88f) (ShaderImporter) -> (artifact id: '7f181ba5f0ff927dbe300e97f26414a0') in 0.0027055 seconds
Start importing Assets/Piglet/Resources/Shaders/URP/URPZWrite.shader using Guid(2233ab6e00a838f4b85e50b1ba64d2cb) (ShaderImporter) -> (artifact id: '6b5f4a7420549ebbaabce5824989d650') in 0.024571 seconds
Start importing Packages/com.unity.render-pipelines.universal/Shaders/Utils/ClusterDeferred.shader using Guid(222cce62363a44a380c36bf03b392608) (ShaderImporter) -> (artifact id: '3757d1e2436be4b6ac72e456e1cd0914') in 0.013087375 seconds
Start importing Assets/Piglet/Resources/Shaders/Standard/MetallicRoughnessMask.shader using Guid(224d4c0b2a7ff544bbb2712765bbce72) (ShaderImporter) -> (artifact id: '93e98e46302ac01d1136dd14b5cb1646') in 0.203835042 seconds
Start importing Packages/com.unity.render-pipelines.universal/Runtime/RendererFeatures/SurfaceCacheGI/FallbackMaterial.shader using Guid(421501d8e4bd2014dbd1dbe80ec2bb5a) (ShaderImporter) -> (artifact id: '50c33dd22739ee33c27fab168af14f71') in 0.004396292 seconds
Start importing Packages/com.unity.render-pipelines.core/Runtime/Vrs/Shaders/VrsVisualization.shader using Guid(620b55b8040a88d468e94abe55bed5ba) (ShaderImporter) -> (artifact id: 'e3aba57b9e6f633877560c0cd35274fe') in 0.003690167 seconds
Start importing Packages/com.unity.render-pipelines.core/Runtime/UnifiedRayTracing/Compute/RadeonRays/kernels/scatter.compute using Guid(a2eaeefdac4637a44b734e85b7be9186) (ComputeShaderImporter) -> (artifact id: 'c270715046b578aa3c79faa5216f11d9') in 0.002358167 seconds
Start importing Packages/com.unity.render-pipelines.core/Runtime/RenderPipelineResources/GPUDriven/OcclusionCullingDebug.compute using Guid(b23e766bcf50ca4438ef186b174557df) (ComputeShaderImporter) -> (artifact id: '8a01e5d3199b1a17f9dd9e87ab7bc631') in 0.002972834 seconds
Start importing Packages/com.unity.render-pipelines.universal/Runtime/RendererFeatures/SurfaceCacheGI/SurfaceCacheCore/TemporalFiltering.compute using Guid(c23523f04780d754f927b9daf4f975b9) (ComputeShaderImporter) -> (artifact id: 'e5a5c09689332705b73299bae7162f02') in 0.002000125 seconds
Start importing Packages/com.unity.render-pipelines.universal/Shaders/2D/Sprite-Lit-Default.shader using Guid(e260cfa7296ee7642b167f1eb5be5023) (ShaderImporter) -> (artifact id: 'd74a12b3f48850eaf73a43a859c3dcc2') in 0.007941834 seconds
Start importing Packages/com.unity.render-pipelines.universal/Shaders/2D/Sprite-Unlit-Default.shader using Guid(13c02b14c4d048fa9653293d54f6e0e1) (ShaderImporter) -> (artifact id: '9770371ed9b71e6bfaa0ef4452437692') in 0.00447975 seconds
Start importing Packages/com.unity.render-pipelines.universal/Runtime/RendererFeatures/SurfaceCacheGI/FlatNormalResolution.compute using Guid(134e9451a58aaba43ba713adbd103d92) (ComputeShaderImporter) -> (artifact id: 'f5abb1c9a055edb37682a305c5534723') in 0.003966875 seconds
Start importing Packages/com.unity.render-pipelines.core/Runtime/STP/StpSetup.compute using Guid(33be2e9a5506b2843bdb2bdff9cad5e1) (ComputeShaderImporter) -> (artifact id: '816e66009429a736162aa2ab2ba5a226') in 0.006150333 seconds
Start importing Packages/com.unity.render-pipelines.core/Editor/LookDev/Compositor.shader using Guid(4386e57b23a56004c93e1d57d2bbcb4f) (ShaderImporter) -> (artifact id: 'c88590e56b4621f60422a4e337969df0') in 0.007753459 seconds
Start importing Packages/com.unity.render-pipelines.universal/Shaders/Debug/ProbeVolumeSamplingDebugPositionNormal.compute using Guid(53626a513ea68ce47b59dc1299fe3959) (ComputeShaderImporter) -> (artifact id: 'b7f85cb2ce16b2cdeee19413acaeea14') in 0.00431125 seconds
Start importing Packages/com.unity.render-pipelines.core/Runtime/RenderPipelineResources/GPUDriven/InstanceDataBufferUploadKernels.compute using Guid(53864816eb00f2343b60e1a2c5a262ef) (ComputeShaderImporter) -> (artifact id: 'e17cfa7eec85205150b1b78e92804cb5') in 0.001576417 seconds
Start importing Packages/com.unity.render-pipelines.universal/Runtime/RendererFeatures/SurfaceCacheGI/SurfaceCacheCore/SpatialFiltering.compute using Guid(63e59de460463bb4c9d64bc58051d12c) (ComputeShaderImporter) -> (artifact id: 'cfbee7ac9b95e58d39f6798244d3e089') in 0.002208917 seconds
Start importing Packages/com.unity.render-pipelines.universal/Shaders/PostProcessing/SubpixelMorphologicalAntialiasing.shader using Guid(63eaba0ebfb82cc43bde059b4a8c65f6) (ShaderImporter) -> (artifact id: '8db70ad860f93fc75ecf1e06d86f5bac') in 0.006660292 seconds
Start importing Packages/com.unity.render-pipelines.universal/Shaders/Utils/CoreBlit.shader using Guid(93446b5c5339d4f00b85c159e1159b7c) (ShaderImporter) -> (artifact id: 'bab64f43ddac169621d810d0df9b45d7') in 0.028149166 seconds
Start importing Packages/com.unity.render-pipelines.universal/Shaders/Lit.shader using Guid(933532a4fcc9baf4fa0491de14d08ed7) (ShaderImporter) -> (artifact id: 'e4955cc9b8e32e0316b2a31c3fe55ceb') in 0.0298295 seconds
Start importing Assets/Piglet/Resources/Shaders/Standard/MetallicRoughnessOpaque.shader using Guid(93cb242261e85884a8fec40fcd31fc3b) (ShaderImporter) -> (artifact id: 'cfc819dca28f363e8b49576d8053fcfa') in 0.172960833 seconds
Start importing Packages/com.unity.render-pipelines.core/Runtime/Lighting/ProbeVolume/ProbeVolumeBlendStates.compute using Guid(a3f7b8c99de28a94684cb1daebeccf5d) (ComputeShaderImporter) -> (artifact id: 'db90bb45ecf8921f5b8273ab18fbe662') in 0.00300725 seconds
Start importing Packages/com.unity.render-pipelines.core/Runtime/RenderPipelineResources/GPUDriven/DebugOccluder.shader using Guid(b3c92426a88625841ab15ca6a7917248) (ShaderImporter) -> (artifact id: 'abcbfdb30bf47219574c044d4ba0ff40') in 0.0023065 seconds
Start importing Packages/com.unity.render-pipelines.core/Runtime/RenderPipelineResources/GPUDriven/DebugOcclusionTest.shader using Guid(d3f0849180c2d0944bc71060693df100) (ShaderImporter) -> (artifact id: '36017b9ff27087471a29569f25fa93c5') in 0.003025833 seconds
Start importing Packages/com.unity.render-pipelines.universal/Shaders/2D/Sprite-Mask.shader using Guid(e39bd598ce13f44ba8af997d3e42cd18) (ShaderImporter) -> (artifact id: 'e5bba9887e78f72fc9dc7cab194c765e') in 0.004905167 seconds
Start importing Packages/com.unity.render-pipelines.universal/Shaders/Utils/Sampling.shader using Guid(04c410c9937594faa893a11dceb85f7e) (ShaderImporter) -> (artifact id: '5a31812b9bcee7757a9e204cbdb174e7') in 0.004408292 seconds
Start importing Packages/com.unity.render-pipelines.universal/Shaders/Particles/ParticlesUnlit.shader using Guid(0406db5a14f94604a8c57ccfbc9f3b46) (ShaderImporter) -> (artifact id: 'df74d642b6057f21337c5cd6bd22eda0') in 0.019116334 seconds
Start importing Packages/com.unity.render-pipelines.universal/Shaders/XR/XROcclusionMesh.shader using Guid(4431b1f1f743fbf4eb310a967890cbea) (ShaderImporter) -> (artifact id: '6908eb81615f015a573bab3b11532a12') in 0.004028291 seconds
Start importing Packages/com.unity.render-pipelines.universal/Shaders/2D/Shadow2D-Shadow-Sprite.shader using Guid(44fc62292b65ab04eabcf310e799ccf6) (ShaderImporter) -> (artifact id: '15577f597cf33ad1bc74f210f67c554f') in 0.004066875 seconds
Start importing Packages/com.unity.render-pipelines.universal/Shaders/BRGPicking.shader using Guid(74b1585886a85614aa34e2c8e303c77a) (ShaderImporter) -> (artifact id: '279a6777e665f41c9106271a88406b02') in 0.005743625 seconds
Start importing Packages/com.unity.render-pipelines.universal/Shaders/2D/RenderAs2D-Flattening.shader using Guid(74659692f6350ba46b88180d9c826630) (ShaderImporter) -> (artifact id: 'b0c42f850f312c0809c0fe0406f53ca2') in 0.005877833 seconds
Start importing Packages/com.unity.render-pipelines.universal/Shaders/PostProcessing/FinalPost.shader using Guid(c49e63ed1bbcb334780a3bd19dfed403) (ShaderImporter) -> (artifact id: 'ce09031fb6468aa13a980121b02030ba') in 0.01470625 seconds
Start importing Packages/com.unity.render-pipelines.universal/Shaders/Unlit.shader using Guid(650dd9526735d5b46b79224bc6e94025) (ShaderImporter) -> (artifact id: 'fa2d3481854c678a467eacbfd6ec159a') in 0.018359791 seconds
Start importing Packages/com.unity.render-pipelines.universal/Shaders/PostProcessing/LutBuilderLdr.shader using Guid(65df88701913c224d95fc554db28381a) (ShaderImporter) -> (artifact id: '10a180cd011dd808d6a294541ef06c6a') in 0.005144209 seconds
Start importing Packages/com.unity.render-pipelines.universal/Shaders/Particles/ParticlesSimpleLit.shader using Guid(8516d7a69675844a7a0b7095af7c46af) (ShaderImporter) -> (artifact id: 'c6da3d07c3efd69fa8af2265a3e951b8') in 0.063730542 seconds
Start importing Packages/com.unity.render-pipelines.universal/Editor/Overrides/Shaders/ShadowsMidtonesHighlightsCurves.shader using Guid(95e15a77195eb574ab82aaac18b1c796) (ShaderImporter) -> (artifact id: '9ab6dbf21423941618345b5ae97f0505') in 0.041064709 seconds
Start importing Packages/com.unity.render-pipelines.universal/Runtime/RendererFeatures/SurfaceCacheGI/SurfaceCacheCore/RestirEstimation.compute using Guid(b5dbdcea251f42c4a9b8721877f436bf) (ComputeShaderImporter) -> (artifact id: '7cfab77b6ee192617e776779529e9e80') in 0.018201125 seconds
Start importing Packages/com.unity.render-pipelines.universal/Shaders/CameraMotionVectors.shader using Guid(c56b7e0d4c7cb484e959caeeedae9bbf) (ShaderImporter) -> (artifact id: 'ba39838dd490b41d03b5c3e33c6b9eba') in 0.01676525 seconds
Start importing Packages/com.unity.render-pipelines.universal/Shaders/XR/XRMirrorView.shader using Guid(d5a307c014552314b9f560906d708772) (ShaderImporter) -> (artifact id: '7669cfb01b1126fa86b6abcd58f3df81') in 0.004285833 seconds
Start importing Packages/com.unity.render-pipelines.universal/Shaders/Terrain/WavingGrass.shader using Guid(e507fdfead5ca47e8b9a768b51c291a1) (ShaderImporter) -> (artifact id: '2144082cb79fe6563a67922f067745fb') in 0.015246833 seconds
Start importing Packages/com.unity.render-pipelines.core/Runtime/RenderPipelineResources/FallbackShader.shader using Guid(36e335017ad71d54fbb10842863188ae) (ShaderImporter) -> (artifact id: '0f0b1d73fb86b8fe4ea46911289aa22a') in 0.002371833 seconds
Start importing Packages/com.unity.render-pipelines.core/Runtime/UnifiedRayTracing/Compute/RadeonRays/kernels/restructure_bvh.compute using Guid(56641cb88dcb31a4398a4997ef7a7a8c) (ComputeShaderImporter) -> (artifact id: 'ee57dca0cc789328c75d6c5410aab4d3') in 0.00253125 seconds
Start importing Packages/com.unity.render-pipelines.universal/Shaders/PostProcessing/EdgeAdaptiveSpatialUpsampling.shader using Guid(562b7ae4f629f144aa97780546fce7c6) (ShaderImporter) -> (artifact id: 'e3c436c6c898fb74b319b0cf2fdb0f47') in 0.004681083 seconds
Start importing Packages/com.unity.render-pipelines.core/Tests/Editor/CopyDepthToBuffer.compute using Guid(6666e5f03ff07054dbb7a7ac6e6aaee0) (ComputeShaderImporter) -> (artifact id: '5dfb4f8c91c7a0da2f3c4506dac5212b') in 0.001458666 seconds
Start importing Packages/com.unity.render-pipelines.core/Runtime/UnifiedRayTracing/Compute/RadeonRays/kernels/bit_histogram.compute using Guid(8670f7ce4b60cef43bed36148aa1b0a2) (ComputeShaderImporter) -> (artifact id: 'e36a1a50cd5ec295f757fa266b382658') in 0.00122925 seconds
Start importing Packages/com.unity.render-pipelines.core/Runtime/STP/StpPreTaa.compute using Guid(a679dba8ec4d9ce45884a270b0e22dda) (ComputeShaderImporter) -> (artifact id: '7a095ba9dfa064f47f090780979e3193') in 0.002903 seconds
Start importing Packages/com.unity.render-pipelines.universal/Shaders/Utils/CopyDepth.shader using Guid(d6dae50ee9e1bfa4db75f19f99355220) (ShaderImporter) -> (artifact id: 'a58c95625e9be678a7382f4aa373a634') in 0.00422375 seconds
Start importing Packages/com.unity.render-pipelines.universal/Shaders/Utils/FallbackError.shader using Guid(e6e9a19c3678ded42a3bc431ebef7dbd) (ShaderImporter) -> (artifact id: '11c5bf6702ac454e9208786d01ab7c2d') in 0.00355325 seconds
Start importing Packages/com.unity.render-pipelines.core/Runtime/RenderPipelineResources/GPUDriven/InstanceOcclusionCullingKernels.compute using Guid(f6d223acabc2f974795a5a7864b50e6c) (ComputeShaderImporter) -> (artifact id: '6bc4828526de8ad775dfb4f66a093d26') in 0.002757667 seconds
Start importing Packages/com.unity.render-pipelines.universal/Shaders/Terrain/TerrainDetailLit.shader using Guid(f6783ab646d374f94b199774402a5144) (ShaderImporter) -> (artifact id: '37c58023ab7b521102557fb94acde8f6') in 0.017071084 seconds
Start importing Packages/com.unity.render-pipelines.universal/Runtime/RendererFeatures/SurfaceCacheGI/SurfaceCacheCore/Scrolling.compute using Guid(47bbc3edf61978b498603cc2a1b87eea) (ComputeShaderImporter) -> (artifact id: 'ded9cae4a39ba7574b6a8d3577e356c2') in 0.002107 seconds
Start importing Packages/com.unity.render-pipelines.universal/Shaders/Debug/HDRDebugView.shader using Guid(573620ae32aec764abd4d728906d2587) (ShaderImporter) -> (artifact id: '45a8dedb76e63095056116e5795cccbf') in 0.006644709 seconds
Start importing Packages/com.unity.render-pipelines.core/Tests/Runtime/Threading/FunctionTestsGroup.compute using Guid(77f6c3e00d2daf84ba7b57e205d5dd64) (ComputeShaderImporter) -> (artifact id: 'f6bace5c8f2e3758135495e0f094d84a') in 0.004213792 seconds
Start importing Packages/com.unity.render-pipelines.universal/Shaders/2D/Shadow2D-Unshadow-Geometry.shader using Guid(77774d9009bb81447b048c907d4c6273) (ShaderImporter) -> (artifact id: 'feff968b3838d32a82d761316ad71f6d') in 0.007878333 seconds
Start importing Packages/com.unity.render-pipelines.universal/Editor/Overrides/Shaders/TrackballEditor.shader using Guid(77cfa04f893eb8745b6a454a3d51b43c) (ShaderImporter) -> (artifact id: '451a1a507f94d45713a9a032b850c828') in 0.002775042 seconds
Start importing Packages/com.unity.render-pipelines.core/Editor/PostProcessing/LensFlareResource/LensFlareDataDriven.shader using Guid(a796fe586e0ddba4cae031b0ab585286) (ShaderImporter) -> (artifact id: 'd9df275e3a0e12b7cd07d7e493a9183a') in 0.005342833 seconds
Start importing Packages/com.unity.render-pipelines.universal/Shaders/Particles/ParticlesLit.shader using Guid(b7839dad95683814aa64166edc107ae2) (ShaderImporter) -> (artifact id: '8e3ce8e7a4f419c9c45655321835b596') in 0.024694375 seconds
Start importing Packages/com.unity.test-framework.performance/Editor/TestReportGraph/TestReportShader.shader using Guid(c7715b638c6f5c849a6ec12234ae264c) (ShaderImporter) -> (artifact id: 'c8fe3c69243d3af5b651f05f8f8d61a7') in 0.002570917 seconds
Start importing Packages/com.unity.render-pipelines.universal/Shaders/PostProcessing/UberPost.shader using Guid(e7857e9d0c934dc4f83f270f8447b006) (ShaderImporter) -> (artifact id: '509cf43bd5fd5144b9451279702782c6') in 0.009117708 seconds
Start importing Packages/com.unity.render-pipelines.core/Runtime/RenderPipelineResources/GPUDriven/OccluderDepthPyramidKernels.compute using Guid(08b2b5fb307b0d249860612774a987da) (ComputeShaderImporter) -> (artifact id: '168c284448575bcc141c5a3d8cfba07b') in 0.00234775 seconds
Start importing Packages/com.unity.render-pipelines.universal/Shaders/Utils/ScreenSpaceAmbientOcclusion.shader using Guid(0849e84e3d62649e8882e9d6f056a017) (ShaderImporter) -> (artifact id: '6061475429e6f5f4b20a4869c6b1cabd') in 0.014762458 seconds
Start importing Packages/com.unity.render-pipelines.core/Runtime/UnifiedRayTracing/Common/GeometryPool/GeometryPoolKernels.compute using Guid(98e3d58cae7210c4786f67f504c9e899) (ComputeShaderImporter) -> (artifact id: '5c8b8089b83f1b3fcffc0262ff11e4a0') in 0.001456667 seconds
Start importing Packages/com.unity.render-pipelines.universal/Shaders/Utils/BlitHDROverlay.shader using Guid(a89bee29cffa951418fc1e2da94d1959) (ShaderImporter) -> (artifact id: '5f4de9a11933f99bef3f792d64d3e1f0') in 0.006308167 seconds
Start importing Packages/com.unity.render-pipelines.core/Editor/Lighting/ProbeVolume/VoxelizeScene.shader using Guid(c8b6a681c7b4e2e4785ffab093907f9e) (ShaderImporter) -> (artifact id: '86a577de6d6afd32501eca38320db734') in 0.003303208 seconds
Start importing Packages/com.unity.render-pipelines.universal/Shaders/SpatialMappingWireframe.shader using Guid(e8b802ac01d87144b91f12f40c1f2659) (ShaderImporter)WARNING: Shader Unsupported: 'Universal Render Pipeline/VR/SpatialMapping/Wireframe' - All subshaders removed
WARNING: Shader Did you use #pragma only_renderers and omit this platform?
WARNING: Shader If subshaders removal was intentional, you may have forgotten turning Fallback off?
WARNING: Shader Unsupported: 'Universal Render Pipeline/VR/SpatialMapping/Wireframe' - All subshaders removed
WARNING: Shader Did you use #pragma only_renderers and omit this platform?
WARNING: Shader If subshaders removal was intentional, you may have forgotten turning Fallback off?
WARNING: Shader Unsupported: 'Universal Render Pipeline/VR/SpatialMapping/Wireframe' - All subshaders removed
WARNING: Shader Did you use #pragma only_renderers and omit this platform?
WARNING: Shader If subshaders removal was intentional, you may have forgotten turning Fallback off?
WARNING: Shader Unsupported: 'Universal Render Pipeline/VR/SpatialMapping/Wireframe' - All subshaders removed
WARNING: Shader Did you use #pragma only_renderers and omit this platform?
WARNING: Shader If subshaders removal was intentional, you may have forgotten turning Fallback off?
 -> (artifact id: 'b5408b9fa8ca08f2a5323ddae4e68f59') in 0.004328583 seconds
Start importing Packages/com.unity.render-pipelines.universal/Shaders/PostProcessing/ScalingSetup.shader using Guid(e8ee25143a34b8c4388709ea947055d1) (ShaderImporter) -> (artifact id: '19edc1d05e5f01e9fd41dc89aa1cc114') in 0.004354417 seconds
Start importing Assets/PoliceStationMobile/PoliceStationVertexColorURP.shader using Guid(f8a083e7de8fd490a87782b8b270975f) (ShaderImporter) -> (artifact id: '226ed472bfe0ac95edd30aa325a28f5a') in 0.006682 seconds
Start importing Packages/com.unity.render-pipelines.universal/Shaders/XR/XRMotionVector.shader using Guid(f89aac1e4f84468418fe30e611dff395) (ShaderImporter) -> (artifact id: 'c8c8382dda1f833155e92430e178f39f') in 0.003599125 seconds
Start importing Packages/com.unity.render-pipelines.core/Runtime/Lighting/ProbeVolume/ProbeVolumeUploadData.compute using Guid(0951de5992461754fa73650732c4954c) (ComputeShaderImporter) -> (artifact id: 'd628c1fb66c0db09165fbf4fcf5e376f') in 0.00287175 seconds
Start importing Packages/com.unity.render-pipelines.universal/Shaders/2D/Shadow2D-Shadow-Geometry.shader using Guid(19349a0f9a7ed4c48a27445bcf92e5e1) (ShaderImporter) -> (artifact id: '5c48b72896d53964ec5fa54e033cf936') in 0.003576417 seconds
Start importing Assets/Piglet/Resources/Shaders/Standard/SpecularGlossinessMask.shader using Guid(195bfcf39fa5e0b428da876ecaa92239) (ShaderImporter) -> (artifact id: 'd895ba70851a6e6cff9f03fb35377da7') in 0.176123291 seconds
Start importing Packages/com.unity.render-pipelines.core/Editor/PostProcessing/LensFlareResource/LensFlareDataDrivenPreview.shader using Guid(19dfbb09098c9584a83c956fbd6c5d79) (ShaderImporter) -> (artifact id: '508c7c787462d0973f21867de6636dce') in 0.003955708 seconds
Start importing Packages/com.unity.render-pipelines.universal/Shaders/Terrain/WavingGrassBillboard.shader using Guid(29868e73b638e48ca99a19ea58c48d90) (ShaderImporter) -> (artifact id: '609bb06b971c171526554c0b04eb02d9') in 0.014386667 seconds
Start importing Packages/com.unity.render-pipelines.core/Runtime/STP/StpTaa.compute using Guid(3923900e2b41b5e47bc25bfdcbcdc9e6) (ComputeShaderImporter) -> (artifact id: 'f669aa6b293c11ef59116cd836dbf9a1') in 0.002952875 seconds
Start importing Packages/com.unity.render-pipelines.universal/Shaders/Terrain/TerrainLit.shader using Guid(69c1f799e772cb6438f56c23efccb782) (ShaderImporter)Shader 'Universal Render Pipeline/Terrain/Lit': dependency 'AddPassShader' shader 'Hidden/Universal Render Pipeline/Terrain/Lit (Add Pass)' not found
Shader 'Universal Render Pipeline/Terrain/Lit': dependency 'BaseMapShader' shader 'Hidden/Universal Render Pipeline/Terrain/Lit (Base Pass)' not found
Shader 'Universal Render Pipeline/Terrain/Lit': dependency 'BaseMapGenShader' shader 'Hidden/Universal Render Pipeline/Terrain/Lit (Basemap Gen)' not found
WARNING: Shader Unsupported: 'Universal Render Pipeline/Terrain/Lit' - All subshaders removed
WARNING: Shader Did you use #pragma only_renderers and omit this platform?
WARNING: Shader If subshaders removal was intentional, you may have forgotten turning Fallback off?
WARNING: Shader Unsupported: 'Universal Render Pipeline/Terrain/Lit' - All subshaders removed
WARNING: Shader Did you use #pragma only_renderers and omit this platform?
WARNING: Shader If subshaders removal was intentional, you may have forgotten turning Fallback off?
Shader 'Universal Render Pipeline/Terrain/Lit': dependency 'AddPassShader' shader 'Hidden/Universal Render Pipeline/Terrain/Lit (Add Pass)' not found
Shader 'Universal Render Pipeline/Terrain/Lit': dependency 'BaseMapShader' shader 'Hidden/Universal Render Pipeline/Terrain/Lit (Base Pass)' not found
Shader 'Universal Render Pipeline/Terrain/Lit': dependency 'BaseMapGenShader' shader 'Hidden/Universal Render Pipeline/Terrain/Lit (Basemap Gen)' not found
WARNING: Shader Unsupported: 'Universal Render Pipeline/Terrain/Lit' - All subshaders removed
WARNING: Shader Did you use #pragma only_renderers and omit this platform?
WARNING: Shader If subshaders removal was intentional, you may have forgotten turning Fallback off?
WARNING: Shader Unsupported: 'Universal Render Pipeline/Terrain/Lit' - All subshaders removed
WARNING: Shader Did you use #pragma only_renderers and omit this platform?
WARNING: Shader If subshaders removal was intentional, you may have forgotten turning Fallback off?
 -> (artifact id: '7fa65a6140b26a110eaa96c9a4b9c688') in 0.02385025 seconds
Start importing Assets/Piglet/Resources/Shaders/Standard/SpecularGlossinessBlend.shader using Guid(89e55626a1767b34ab9278d6b5057842) (ShaderImporter) -> (artifact id: 'eb65c3d01c65fd3091e5df9da85563e4') in 0.169597625 seconds
Start importing Packages/com.unity.render-pipelines.universal/Shaders/Nature/SpeedTree8.shader using Guid(99134b1f0c27d54469a840832a28fadf) (ShaderImporter) -> (artifact id: '6d6e2165ebe8bfe949aa13a2d864dfd5') in 0.02339375 seconds
Start importing Packages/com.unity.render-pipelines.universal/Runtime/RendererFeatures/SurfaceCacheGI/SurfaceCacheCore/Eviction.compute using Guid(c9f2aeed6ef396f4d9134e4da1edfe19) (ComputeShaderImporter) -> (artifact id: 'a62abacc8be241900d6eebb76234b4c0') in 0.00194125 seconds
Start importing Packages/com.unity.render-pipelines.universal/Shaders/Utils/StencilDeferred.shader using Guid(e9155b26e1bc55942a41e518703fe304) (ShaderImporter) -> (artifact id: '88d0964a355fa35e66d4ac34fce4fff0') in 0.018303 seconds
Start importing Packages/com.unity.render-pipelines.core/Runtime/RenderPipelineResources/GPUDriven/InstanceDataBufferCopyKernels.compute using Guid(f984aeb540ded8b4fbb8a2047ab5b2e2) (ComputeShaderImporter) -> (artifact id: '146678ea5d79d6f1a9107a7ecfe7980d') in 0.001634292 seconds
Start importing Packages/com.unity.render-pipelines.universal/Shaders/Terrain/TerrainLitAdd.shader using Guid(0a7e590f3cf1d4ee8a8fab5b6eff09ef) (ShaderImporter) -> (artifact id: '96434bf3b19687dc7dfbdb8a09c86d72') in 0.012577917 seconds
Start importing Packages/com.unity.render-pipelines.core/Runtime/UnifiedRayTracing/Compute/RadeonRays/kernels/CopyPositions.compute using Guid(1ad53a96b58d3c3488dde4f14db1aaeb) (ComputeShaderImporter) -> (artifact id: '46f9db68b355d74d67b18e01c6dabef8') in 0.001449375 seconds
Start importing Packages/com.unity.render-pipelines.core/Runtime/RenderPipelineResources/GPUDriven/InstanceTransformUpdateKernels.compute using Guid(2a567b9b2733f8d47a700c3c85bed75b) (ComputeShaderImporter) -> (artifact id: 'a1e4fabcd0d12a83b12836cc927e10cc') in 0.001756625 seconds
Start importing Packages/com.unity.render-pipelines.universal/Shaders/PostProcessing/BokehDepthOfField.shader using Guid(2aed67ad60045d54ba3a00c91e2d2631) (ShaderImporter) -> (artifact id: '674cbea969bc468988d96fbe11ff38eb') in 0.017044083 seconds
Start importing Packages/com.unity.render-pipelines.core/Runtime/Debug/ProbeVolumeFragmentationDebug.shader using Guid(3a80877c579b9144ebdcc6d923bca303) (ShaderImporter) -> (artifact id: 'e91ec82480bdb369b1f1326aa5320802') in 0.004436791 seconds
Start importing Packages/com.unity.render-pipelines.core/Runtime/Vrs/Shaders/VrsTexture.compute using Guid(cacb30de6c40c7444bbc78cb0a81fd2a) (ComputeShaderImporter) -> (artifact id: '12f64820135ea410028618c4580f54dd') in 0.002548292 seconds
Start importing Packages/com.unity.shadergraph/Editor/Resources/Shaders/FallbackError.shader using Guid(da07703fcc09f8d4799221050659bd55) (ShaderImporter) -> (artifact id: '958bc0d62f310d130942259822573803') in 0.00200375 seconds
Start importing Packages/com.unity.render-pipelines.core/Runtime/UnifiedRayTracing/Common/Utilities/CopyBuffer.compute using Guid(1b95b5dcf48d1914c9e1e7405c7660e3) (ComputeShaderImporter) -> (artifact id: '507684631e715db9f3a4fd93cd2d81c1') in 0.001520292 seconds
Start importing Packages/com.unity.render-pipelines.core/Tests/Editor/SimpleSpeedTreeDots.shader using Guid(2b06b6233ca86cd4886e99d0e9d1124e) (ShaderImporter) -> (artifact id: '0b7b445e7b3359aa5b1bb63b839d4251') in 0.002669291 seconds
Start importing Packages/com.unity.render-pipelines.core/Runtime/Debug/ProbeVolumeDebug.shader using Guid(3b21275fd12d65f49babb5286f040f2d) (ShaderImporter) -> (artifact id: 'a3178669950d1f474ada6f59a80a5715') in 0.003785959 seconds
Start importing Assets/Piglet/Resources/Shaders/Standard/SpecularGlossinessOpaque.shader using Guid(5bf9a36cde1cc6a4581ae2ba3c886f7a) (ShaderImporter) -> (artifact id: 'a368f085cace3cf218005086f321d8cb') in 0.164407375 seconds
Start importing Packages/com.unity.render-pipelines.core/Editor/Lighting/ProbeVolume/ProbeVolumeCellDilation.compute using Guid(6bb382f7de370af41b775f54182e491d) (ComputeShaderImporter) -> (artifact id: '67c99ff8a76f2e33a2fa6e03c579deee') in 0.003251041 seconds
Start importing Packages/com.unity.render-pipelines.universal/Shaders/ObjectMotionVectorFallback.shader using Guid(7b3ede40266cd49a395def176e1bc486) (ShaderImporter) -> (artifact id: '9374703230bc9e98bac462554dcbec6f') in 0.005995709 seconds
Start importing Packages/com.unity.render-pipelines.core/Tests/Editor/BufferCopyTest.compute using Guid(8ba6ac699baf35242857feaf27c9cc2a) (ComputeShaderImporter) -> (artifact id: '395619aebfe1078f26578fb950ae0867') in 0.00162075 seconds
Start importing Packages/com.unity.render-pipelines.universal/Runtime/RendererFeatures/SurfaceCacheGI/SurfaceCacheCore/RestirSpatial.compute using Guid(8bf708594b6a9224b9a0915f3db08c5d) (ComputeShaderImporter) -> (artifact id: 'd93d391c86178b1e2ead9566d695a500') in 0.001957875 seconds
Start importing Packages/com.unity.render-pipelines.core/Editor/Lighting/ProbeVolume/ProbeVolumeSubdivide.compute using Guid(bb86f1f0af829fd45b2ebddda1245c22) (ComputeShaderImporter) -> (artifact id: '74c7edcc8360aaf1ecb86e478348563a') in 0.002156834 seconds
Start importing Packages/com.unity.render-pipelines.core/Runtime/Debug/ProbeVolumeOffsetDebug.shader using Guid(db8bd7436dc2c5f4c92655307d198381) (ShaderImporter) -> (artifact id: '1e5bbaa7c3ef83a8210d3c7ae49a6ce0') in 0.003651584 seconds
Start importing Packages/com.unity.render-pipelines.universal/Shaders/BakedLit.shader using Guid(0ca6dca7396eb48e5849247ffd444914) (ShaderImporter) -> (artifact id: 'a222d1a0ca4fea42cdbcaff99b16746b') in 0.020464625 seconds
Start importing Packages/com.unity.shadergraph/Editor/Resources/Shaders/Checkerboard.shader using Guid(5caf62d8bd7c44596ace77ef9eb8ea31) (ShaderImporter) -> (artifact id: '74790b1c588d14c762477b606d250b2a') in 0.00238175 seconds
Start importing Packages/com.unity.render-pipelines.universal/Shaders/PostProcessing/LensFlareDataDriven.shader using Guid(6cda457ac28612740adb23da5d39ea92) (ShaderImporter) -> (artifact id: '7166be406d3ffc237e87702e0ac7ee9c') in 0.010006833 seconds
Start importing Packages/com.unity.render-pipelines.universal/Runtime/RendererFeatures/SurfaceCacheGI/ScreenResolveUpsampling.compute using Guid(7c302ee1d7410a6458981a5f329520b4) (ComputeShaderImporter) -> (artifact id: '1b1d79f982e796a1ac3962a909a0e7ba') in 0.004074667 seconds
Start importing Packages/com.unity.render-pipelines.core/Tests/Runtime/Threading/FunctionTestsWave.compute using Guid(7cce01e3b2c07a34b8a6cfa8dcd99d0b) (ComputeShaderImporter) -> (artifact id: '3e77a238f904ab64304cc15aba168700') in 0.003847083 seconds
Start importing Packages/com.unity.render-pipelines.universal/Shaders/2D/Mesh2D-Unlit-Default.shader using Guid(8c3bb6de0c0e7c047b65c077249507e5) (ShaderImporter) -> (artifact id: '3ddf0bfc4d91f7a60124818781803aca') in 0.004056833 seconds
Start importing Packages/com.unity.render-pipelines.universal/Shaders/Utils/StencilDitherMaskSeed.shader using Guid(8c3ee818f2efa514c889881ccb2e95a2) (ShaderImporter) -> (artifact id: '79850780defbf289c28f10fdf49add10') in 0.003968667 seconds
Start importing Packages/com.unity.render-pipelines.universal/Shaders/PostProcessing/TemporalAA.shader using Guid(9c70c1a35ff15f340b38ea84842358bf) (ShaderImporter) -> (artifact id: '3606c9b77b1f9c9593d4f1e08f3d4065') in 0.010287959 seconds
Start importing Packages/com.unity.ugui/Editor Resources/Shaders/TMP_SDF Internal Editor.shader using Guid(9c442dc870b456e48b615cd8add0e9ef) (ShaderImporter) -> (artifact id: '8a0875af8da6bc9ed1902c00c4a1afe6') in 0.002931375 seconds
Start importing Packages/com.unity.render-pipelines.universal/Tests/Editor/PostProcessDataTests/2.shader using Guid(ace59f7f124432f4f923bd3bfa93e0ad) (ShaderImporter) -> (artifact id: '4659d29b74241c1816021c48f0447b8d') in 0.154645625 seconds
Start importing Packages/com.unity.render-pipelines.universal/Shaders/PostProcessing/LutBuilderHdr.shader using Guid(ec9fec698a3456d4fb18cf8bacb7a2bc) (ShaderImporter) -> (artifact id: 'c4aa2686df24eda84b2696d3c04d56b2') in 0.005852166 seconds
Start importing Packages/com.unity.render-pipelines.universal/Editor/Overrides/Shaders/CurveBackground.shader using Guid(0d0f817524897904ba47a6a1d55e7668) (ShaderImporter) -> (artifact id: '084faeb9b889e44e1fa663bab457170f') in 0.002706584 seconds
Start importing Packages/com.unity.render-pipelines.core/Runtime/UnifiedRayTracing/Compute/RadeonRays/kernels/build_hlbvh.compute using Guid(2d70cd6be91bd7843a39a54b51c15b13) (ComputeShaderImporter) -> (artifact id: 'd5fe16f5ae4ad10ff3d79aebdbb22f80') in 0.0018785 seconds
Start importing Packages/com.unity.render-pipelines.core/Editor/Gizmo/UnlitGizmo.shader using Guid(2df96b66b5510f94b98df2ac6f926ef4) (ShaderImporter) -> (artifact id: 'f9eef073cbc6cf00a48729b216cdf163') in 0.001764459 seconds
Start importing Packages/com.unity.render-pipelines.universal/Runtime/RendererFeatures/SurfaceCacheGI/PatchAllocation.compute using Guid(3d9fc4c0ae8e22f49a8ebefad82718d9) (ComputeShaderImporter) -> (artifact id: '03f726216e211d8b7136b09179d5d435') in 0.004063459 seconds
Start importing Packages/com.unity.render-pipelines.universal/Runtime/RendererFeatures/SurfaceCacheGI/Debug.compute using Guid(4d40202dfa5473d44bcdc97e00d74703) (ComputeShaderImporter) -> (artifact id: '0522cbc6f544fed18528fa08553ba27c') in 0.003665292 seconds
Start importing Packages/com.unity.render-pipelines.universal/Runtime/RendererFeatures/SurfaceCacheGI/ScreenResolveLookup.compute using Guid(4d271c06564c6784392d81f949558e5c) (ComputeShaderImporter) -> (artifact id: 'e2f14788c3b3d7cf3bf45d313e938811') in 0.003641834 seconds
Start importing Packages/com.unity.render-pipelines.core/Runtime/UnifiedRayTracing/Compute/RadeonRays/kernels/block_scan.compute using Guid(4d6d5de35fa45ef4a92119397a045cc9) (ComputeShaderImporter) -> (artifact id: 'd450a766f01ef1638ab8fbbba8c06389') in 0.001214334 seconds
Start importing Packages/com.unity.render-pipelines.universal/Shaders/SimpleLit.shader using Guid(8d2bb70cbf9db8d4da26e15b26e74248) (ShaderImporter) -> (artifact id: '02609712279df1fcbd13942b61c429ec') in 0.0239675 seconds
Start importing Packages/com.unity.render-pipelines.core/Runtime/RenderPipelineResources/GPUDriven/InstanceWindDataUpdateKernels.compute using Guid(fde76746e4fd0ed418c224f6b4084114) (ComputeShaderImporter) -> (artifact id: '362f564f7f8bc62ac0811fabce8487f7') in 0.002666834 seconds
Start importing Packages/com.unity.render-pipelines.universal/Shaders/PostProcessing/CameraMotionBlur.shader using Guid(1edcd131364091c46a17cbff0b1de97a) (ShaderImporter) -> (artifact id: '14d869b817fa675f2680ed27e9de6b27') in 0.011304083 seconds
Start importing Packages/com.unity.render-pipelines.universal/Shaders/2D/Mesh2D-Lit-Default.shader using Guid(4e90a8289da1f3943885176e4f83e35c) (ShaderImporter) -> (artifact id: '8e46806c3f84c64d9cd07147dd93c887') in 0.007385 seconds
Start importing Packages/com.unity.render-pipelines.core/Runtime/UnifiedRayTracing/Compute/RadeonRays/kernels/block_reduce_part.compute using Guid(4e034cc8ea2635c4e9f063e5ddc7ea7a) (ComputeShaderImporter) -> (artifact id: 'a9ad155856d6d84523024eef39cbe278') in 0.001436125 seconds
Start importing Packages/com.unity.render-pipelines.universal/Shaders/PostProcessing/GaussianDepthOfField.shader using Guid(5e7134d6e63e0bc47a1dd2669cedb379) (ShaderImporter) -> (artifact id: 'd051cf1b0693fb3834f9a3362f29e06c') in 0.009979833 seconds
Start importing Packages/com.unity.render-pipelines.universal/Shaders/Nature/SpeedTree7Billboard.shader using Guid(5ec81c81908db34429b4f6ddecadd3bd) (ShaderImporter) -> (artifact id: '0ee4b9efdf0cee098abe86ba37bdacfd') in 0.018008167 seconds
Start importing Packages/com.unity.render-pipelines.universal/Shaders/2D/Shadow2D-Projected.shader using Guid(ce09d4a80b88c5a4eb9768fab4f1ee00) (ShaderImporter) -> (artifact id: '6d037c2d858a16c5b8d9d0f8c2f72b21') in 0.005024542 seconds
Start importing Packages/com.unity.render-pipelines.universal/Shaders/2D/Shadow2D-Unshadow-Sprite.shader using Guid(de02b375720b5c445afe83cd483bedf3) (ShaderImporter) -> (artifact id: 'ec1f211ef2de9118ae0fd2541b6d333b') in 0.0043285 seconds
Start importing Packages/com.unity.render-pipelines.universal/Shaders/ComplexLit.shader using Guid(ee7e4c9a5f6364b688a332c67fc32cca) (ShaderImporter) -> (artifact id: 'd68ef5bb2d2ff6d1449324bb7c504fc0') in 0.023978291 seconds
Start importing Packages/com.unity.render-pipelines.universal/Runtime/RendererFeatures/OnTileUberPost.shader using Guid(fe4f13c1004a07d4ea1e30bfd0326d9e) (ShaderImporter) -> (artifact id: '5b1bbb7875a5e9e13d88213659143aac') in 0.01394975 seconds
Start importing Packages/com.unity.render-pipelines.universal/Shaders/Nature/SpeedTree7.shader using Guid(0f4122b9a743b744abe2fb6a0a88868b) (ShaderImporter)Shader 'Universal Render Pipeline/Nature/SpeedTree7': dependency 'BillboardShader' shader 'Universal Render Pipeline/Nature/SpeedTree7 Billboard' not found
Shader 'Universal Render Pipeline/Nature/SpeedTree7': dependency 'BillboardShader' shader 'Universal Render Pipeline/Nature/SpeedTree7 Billboard' not found
 -> (artifact id: '34018125966b0bd349846e2a5755629f') in 0.023856 seconds
Start importing Packages/com.unity.render-pipelines.universal/Shaders/Utils/ScreenSpaceShadows.shader using Guid(0f854b35a0cf61a429bd5dcfea30eddd) (ShaderImporter) -> (artifact id: 'a126f5573eb29aa49cfbc795dbc3c4f4') in 0.005718084 seconds
Start importing Assets/Piglet/Resources/Shaders/Standard/MetallicRoughnessBlend.shader using Guid(1fbfbfaa99707014fa84c71be4b759a6) (ShaderImporter) -> (artifact id: '2b407b30bdec5c7553a5e8e1048d56ab') in 0.180919 seconds
Start importing Assets/Piglet/Resources/Shaders/Standard/FlipTexture.shader using Guid(2fa0e1597e0d44619a796369e0ca2002) (ShaderImporter) -> (artifact id: '99f52c51c0b1dc9a15145e62e80d1d84') in 0.002276334 seconds
Start importing Packages/com.unity.render-pipelines.universal/Shaders/2D/Light2D.shader using Guid(3f6c848ca3d7bca4bbe846546ac701a1) (ShaderImporter) -> (artifact id: '9c31ac4f4676f1a59c8d1b59799032ed') in 0.004278791 seconds
Start importing Packages/com.unity.render-pipelines.universal/Shaders/PostProcessing/Bloom.shader using Guid(5f1864addb451f54bae8c86d230f736e) (ShaderImporter) -> (artifact id: 'fa8408e6aa82429ee6a6a069dc84d533') in 0.013179541 seconds
Start importing Packages/com.unity.render-pipelines.universal/Shaders/Utils/MaterialError.shader using Guid(5fd9a8feb75a4b5894c241777f519d4e) (ShaderImporter) -> (artifact id: '70153f3fcf08795c63c761fa0b0e2046') in 0.003569292 seconds
Start importing Packages/com.unity.render-pipelines.universal/Shaders/Utils/FallbackLoading.shader using Guid(7f888aff2ac86494babad1c2c5daeee2) (ShaderImporter) -> (artifact id: 'eca3d0a2d953be9787fffb6d55655058') in 0.00292725 seconds
Start importing Packages/com.unity.render-pipelines.universal/Shaders/Terrain/TerrainLitBasemapGen.shader using Guid(8fbe92a9edfe6074e841d6dd1509bc59) (ShaderImporter) -> (artifact id: 'b80fa1b0bc56dc35b2d62052a5e3b5fe') in 0.009690792 seconds
Start importing Packages/com.unity.render-pipelines.core/Runtime/Debug/ProbeVolumeSamplingDebug.shader using Guid(bf54e6528c79a224e96346799064c393) (ShaderImporter) -> (artifact id: '5f24985aaf95b704e841481c871e75f3') in 0.004452958 seconds
Start importing Packages/com.unity.render-pipelines.universal/Shaders/Debug/DebugReplacement.shader using Guid(cf852408f2e174538bcd9b7fda1c5ae7) (ShaderImporter) -> (artifact id: 'e7e61a82eb26f6086ee7758eab68b091') in 0.006882667 seconds
Start importing Packages/com.unity.render-pipelines.universal/Runtime/Materials/Decal.mat using Guid(31d0dcc6f2dd4e4408d18036a2c93862) (NativeFormatImporter) -> (artifact id: '8f3d32c29394a79b41f28a25b53defe8') in 0.001346625 seconds
Start importing Packages/com.unity.render-pipelines.universal/Runtime/Materials/Lit.mat using Guid(31321ba15b8f8eb4c954353edc038b1d) (NativeFormatImporter) -> (artifact id: '960643f9fe6857c5d72b0d2fd2085c0e') in 0.003477084 seconds
Start importing Packages/com.unity.render-pipelines.universal/Runtime/Materials/Mesh2D-Unlit-Default.mat using Guid(71942363c5608a64bb62421349d39c9c) (NativeFormatImporter) -> (artifact id: 'ef7311a66811940111367c78fa0cdd5d') in 0.000898416 seconds
Start importing Packages/com.unity.render-pipelines.universal/Editor/SceneTemplates/Materials/Emissive.mat using Guid(92f845725428c954b878da352f657fe5) (NativeFormatImporter) -> (artifact id: 'b1f26f5eeb8ffbff6a8f6611506c4115') in 0.000851709 seconds
Start importing Packages/com.unity.render-pipelines.universal/Editor/SceneTemplates/Materials/Gold.mat using Guid(c2e40fa84d53ccd428f640eac126b1fb) (NativeFormatImporter) -> (artifact id: '9f9661d44e363023702c87ca4956e3f6') in 0.000793125 seconds
Start importing Packages/com.unity.render-pipelines.universal/Editor/SceneTemplates/Materials/Metal_Black.mat using Guid(b34b07a45ba63ce47896c9e674f3a7a7) (NativeFormatImporter) -> (artifact id: '2e543c70b0a48798291a154a0176c0e2') in 0.000605875 seconds
Start importing Packages/com.unity.render-pipelines.universal/Runtime/Materials/Mesh2D-Lit-Default.mat using Guid(9452ae1262a74094f8a68013fbcd1834) (NativeFormatImporter) -> (artifact id: 'a9f6a1c64081483a70fbc1be53f18baa') in 0.000875833 seconds
Start importing Packages/com.unity.render-pipelines.universal/Runtime/Materials/SpriteMask-Default.mat using Guid(15d0c3709176029428a0da2f8cecf0b5) (NativeFormatImporter) -> (artifact id: '9b9123c1145efbdb38e316f85cad951e') in 0.000847 seconds
Start importing Packages/com.unity.render-pipelines.universal/Runtime/Materials/SpatialMappingOcclusion.mat using Guid(b51db210fe78df745a372851b3db949e) (NativeFormatImporter) -> (artifact id: 'e725b235a682e6bf286c10ab07552b74') in 0.000831917 seconds
Start importing Packages/com.unity.render-pipelines.universal/Editor/SceneTemplates/Materials/Ground.mat using Guid(761d8e1f988ed2345a28312145c79c6e) (NativeFormatImporter) -> (artifact id: '27ce923cbd5bcc4047b0e855e6fb0af9') in 0.00054925 seconds
Start importing Packages/com.unity.render-pipelines.universal/Runtime/Materials/RenderAs2D-Flattening.mat using Guid(b697f6a938056384e968ccf6527dac83) (NativeFormatImporter) -> (artifact id: '5ecfe90ca8080262222ed764ee85060b') in 0.000954542 seconds
Start importing Packages/com.unity.render-pipelines.universal/Runtime/Materials/FullscreenInvertColors.mat using Guid(78a08787ca30045abb69f6f7dd878e09) (NativeFormatImporter) -> (artifact id: 'ee24d1240c4d3093a35a8ce9cd6a6123') in 0.000633167 seconds
Start importing Packages/com.unity.render-pipelines.universal/Runtime/Materials/SpatialMappingWireframe.mat using Guid(9875a245ac49007498213638a307faa1) (NativeFormatImporter)WARNING: Shader Unsupported: 'Universal Render Pipeline/VR/SpatialMapping/Wireframe' - All subshaders removed
WARNING: Shader Did you use #pragma only_renderers and omit this platform?
WARNING: Shader If subshaders removal was intentional, you may have forgotten turning Fallback off?
WARNING: Shader Unsupported: 'Universal Render Pipeline/VR/SpatialMapping/Wireframe' - All subshaders removed
WARNING: Shader Did you use #pragma only_renderers and omit this platform?
WARNING: Shader If subshaders removal was intentional, you may have forgotten turning Fallback off?
 -> (artifact id: '40a3a03ad30c23572795ee7951b74454') in 0.001038625 seconds
Start importing Packages/com.unity.render-pipelines.universal/Runtime/Materials/ParticlesUnlit.mat using Guid(e823cd5b5d27c0f4b8256e7c12ee3e6d) (NativeFormatImporter) -> (artifact id: 'aa862bff269d59d834f13819255630e6') in 0.000976416 seconds
Start importing Packages/com.unity.render-pipelines.universal/Runtime/Materials/TerrainLit.mat using Guid(594ea882c5a793440b60ff72d896021e) (NativeFormatImporter)Shader 'Universal Render Pipeline/Terrain/Lit': dependency 'AddPassShader' shader 'Hidden/Universal Render Pipeline/Terrain/Lit (Add Pass)' not found
Shader 'Universal Render Pipeline/Terrain/Lit': dependency 'BaseMapShader' shader 'Hidden/Universal Render Pipeline/Terrain/Lit (Base Pass)' not found
Shader 'Universal Render Pipeline/Terrain/Lit': dependency 'BaseMapGenShader' shader 'Hidden/Universal Render Pipeline/Terrain/Lit (Basemap Gen)' not found
WARNING: Shader Unsupported: 'Universal Render Pipeline/Terrain/Lit' - All subshaders removed
WARNING: Shader Did you use #pragma only_renderers and omit this platform?
WARNING: Shader If subshaders removal was intentional, you may have forgotten turning Fallback off?
WARNING: Shader Unsupported: 'Universal Render Pipeline/Terrain/Lit' - All subshaders removed
WARNING: Shader Did you use #pragma only_renderers and omit this platform?
WARNING: Shader If subshaders removal was intentional, you may have forgotten turning Fallback off?
 -> (artifact id: '32c0756065a4c99773d8b19abfdb7370') in 0.001180333 seconds
Start importing Packages/com.unity.render-pipelines.universal/Editor/SceneTemplates/Indoors.scenetemplate using Guid(89b1eb68090237240966320a7a94784d) (NativeFormatImporter) -> (artifact id: '8ca52a63375871e742f0bd6adc0ab7de') in 0.018372291 seconds
Start importing Packages/com.unity.render-pipelines.universal/Runtime/Materials/Sprite-Lit-Default.mat using Guid(a97c105638bdf8b4a8650670310a4cd3) (NativeFormatImporter) -> (artifact id: '6b65b378b739cf40c13c1e455b16dff7') in 0.001612292 seconds
Start importing Packages/com.unity.render-pipelines.universal/Editor/SceneTemplates/Materials/White.mat using Guid(f96821bbefeea864b9b418af4b8615ac) (NativeFormatImporter) -> (artifact id: 'b0a10ce88eba78cadb227317064359ad') in 0.00086925 seconds
Start importing Packages/com.unity.render-pipelines.universal/Runtime/Materials/SimpleLit.mat using Guid(6a1143ee683302f4aa628c052723efc1) (NativeFormatImporter) -> (artifact id: '4e947c4ad6c49ec8c3dbccd89f2ba9c5') in 0.001355792 seconds
Start importing Packages/com.unity.render-pipelines.universal/Runtime/RendererFeatures/SurfaceCacheGI/FallbackMaterial.mat using Guid(8a239b3da89050c4e89ac06b168fc684) (NativeFormatImporter) -> (artifact id: '365f287f19db505f8da5f5a7aa1bdbca') in 0.001349375 seconds
Start importing Packages/com.unity.render-pipelines.universal/Editor/SceneTemplates/Standard.scenetemplate using Guid(9d187c8728d2b4c398f45befcacc2827) (NativeFormatImporter) -> (artifact id: '07073d9b0154803a34ceafbe0c05fae5') in 0.01335025 seconds
Start importing Packages/com.unity.render-pipelines.universal/Runtime/Materials/Sprite-Unlit-Default.mat using Guid(9dfc825aed78fcd4ba02077103263b40) (NativeFormatImporter) -> (artifact id: '3535407266e63a704ebed07394e8e29d') in 0.001224709 seconds
Start importing Packages/com.unity.render-pipelines.universal/Editor/SceneTemplates/Basic.scenetemplate using Guid(3f9cc3f14b0454fa7b997b33a99d539f) (NativeFormatImporter) -> (artifact id: 'fa10ce461e7017805c61926a11c21995') in 0.012134792 seconds
Start importing Packages/com.unity.render-pipelines.universal/Editor/SceneTemplates/Materials/Black.mat using Guid(4f1ef37ae953c484bbc5d5e4049147e5) (NativeFormatImporter) -> (artifact id: 'c073248664ba5268b69bc9cf80293393') in 0.000826792 seconds
Start importing Packages/com.unity.searcher/Editor/Resources/FlatSkin/Font/Roboto-Black.ttf using Guid(1062c701058745940ae5dca6219c64c8) (TrueTypeFontImporter) -> (artifact id: '2df517b25da62755a2fef2de327ad86e') in 0.006813208 seconds
Start importing Packages/com.unity.searcher/Editor/Resources/FlatSkin/Font/Roboto-Regular.ttf using Guid(30dc370b164eefc43b95744fc796dad0) (TrueTypeFontImporter) -> (artifact id: '16d5e79bfb8934d9872295cb8dcfcffb') in 0.001125583 seconds
Start importing Packages/com.unity.searcher/Editor/Resources/FlatSkin/Font/Roboto-ThinItalic.ttf using Guid(b2ea3b3f1765e544b9eb5bd1a93a91ce) (TrueTypeFontImporter) -> (artifact id: '12a7f39a5f6adc88af9101baa2b2423d') in 0.001077292 seconds
Start importing Packages/com.unity.render-pipelines.core/Runtime/Debugging/Prefabs/Fonts/PerfectDOSVGA437.ttf using Guid(74a5091d8707f334b9a5c31ef71a64ba) (TrueTypeFontImporter) -> (artifact id: '526100bc3d4ff09706322f728919fe71') in 0.000966375 seconds
Start importing Packages/com.unity.searcher/Editor/Resources/FlatSkin/Font/Roboto-Medium.ttf using Guid(a51a3aebb43ac044989270407476b208) (TrueTypeFontImporter) -> (artifact id: 'daed5e8d32dba71d194a5dd3a237fb3d') in 0.001299375 seconds
Start importing Packages/com.unity.searcher/Editor/Resources/FlatSkin/Font/Roboto-Bold.ttf using Guid(3750c318f40cab44a97d3a81beaefeb3) (TrueTypeFontImporter) -> (artifact id: '5eaefa8f881ae22cc0d43028abffa819') in 0.001525958 seconds
Start importing Packages/com.unity.searcher/Editor/Resources/FlatSkin/Font/Roboto-Italic.ttf using Guid(c839255fc8f6b4b4d90bf8c1af9f9bd1) (TrueTypeFontImporter) -> (artifact id: '1435c1627aa482ebb4f847ae13d4dbfc') in 0.001338791 seconds
Start importing Packages/com.unity.searcher/Editor/Resources/FlatSkin/Font/Roboto-Thin.ttf using Guid(19a9abb883540be48b75b951a927ae03) (TrueTypeFontImporter) -> (artifact id: '97d380d02fd1cb07a9e5ab0035dfa6d5') in 0.001623042 seconds
Start importing Packages/com.unity.searcher/Editor/Resources/FlatSkin/Font/Roboto-MediumItalic.ttf using Guid(d93c1bc57fdf1ac4dad1bf04fac05464) (TrueTypeFontImporter) -> (artifact id: '66fb4c1db7c2c218c886ae7172b7a6bd') in 0.001317542 seconds
Start importing Packages/com.unity.searcher/Editor/Resources/FlatSkin/Font/Roboto-BlackItalic.ttf using Guid(f95147a9bab9fe649b8070170fa7ebd2) (TrueTypeFontImporter) -> (artifact id: 'a935bbd20da12e91897775f9cde90f08') in 0.001474208 seconds
Start importing Packages/com.unity.searcher/Editor/Resources/FlatSkin/Font/Roboto-Light.ttf using Guid(2a29e27936eb547458f646f71125b264) (TrueTypeFontImporter) -> (artifact id: 'e29ed1f18441a9fb8b2d17eac59172a1') in 0.001129625 seconds
Start importing Packages/com.unity.searcher/Editor/Resources/FlatSkin/Font/Roboto-LightItalic.ttf using Guid(5e63515167650a541b309ba3bfd4db3d) (TrueTypeFontImporter) -> (artifact id: 'd2df00ecbf88a7c6b0465b2e95dd45ca') in 0.004283958 seconds
Start importing Packages/com.unity.searcher/Editor/Resources/FlatSkin/Font/Roboto-BoldItalic.ttf using Guid(dfb97a9307a577a41bcacba34b9a7e32) (TrueTypeFontImporter) -> (artifact id: '729f3942908caa89ed61ff3c0c60e510') in 0.001277791 seconds
Start importing Packages/com.unity.shadergraph/GraphTemplates/Subgraphs/Terrain/Pack Material.shadersubgraph using Guid(3039d6867ed141b44b3463a76cabd45c) (ScriptedImporter) -> (artifact id: '22f2020132128533d26c65cef4fe299e') in 0.082601667 seconds
Start importing Packages/com.unity.shadergraph/GraphTemplates/Subgraphs/UV Scale.shadersubgraph using Guid(60f6b7b276d03134e9b565b19546e94c) (ScriptedImporter) -> (artifact id: '54eee0d42b51d90d8a886018a39abbfc') in 0.018127708 seconds
Start importing Packages/com.unity.shadergraph/ShaderGraphLibrary/Nature/SpeedTree8InterpolatedNormals.shadersubgraph using Guid(b04441f4a83ad224d92d547d170c366b) (ScriptedImporter) -> (artifact id: '9a58ec6a8a74342430a5dfc5eb13fcea') in 0.021190667 seconds
Start importing Packages/com.unity.shadergraph/GraphTemplates/Subgraphs/SoftParticles.shadersubgraph using Guid(d0f40856fc355224fab6453746e0507a) (ScriptedImporter) -> (artifact id: '41690afe39fb1f5781d52de02680beaf') in 0.008321125 seconds
Start importing Packages/com.unity.shadergraph/GraphTemplates/Subgraphs/Switch6.shadersubgraph using Guid(b19f392a4817e1340bbaf1045b6e5051) (ScriptedImporter) -> (artifact id: 'e99a755e1601ae324b47c468812d71c1') in 0.007348209 seconds
Start importing Packages/com.unity.shadergraph/GraphTemplates/Subgraphs/Face Normal.shadersubgraph using Guid(e1024532a1a801f41a6f45f93c8da7a8) (ScriptedImporter) -> (artifact id: '172cd76c3863750b311b81e7b46cb9f7') in 0.017377041 seconds
Start importing Packages/com.unity.shadergraph/GraphTemplates/Subgraphs/Particle Distortion.shadersubgraph using Guid(e1ea40df0c5f7d14a96e0bac1ae79489) (ScriptedImporter) -> (artifact id: '421087a0a13a34af0df65a70ace4d7b6') in 0.0105475 seconds
Start importing Packages/com.unity.shadergraph/GraphTemplates/Subgraphs/Normal Bending.shadersubgraph using Guid(62a4ab9c203a85c43a5d0847b25fd2a8) (ScriptedImporter) -> (artifact id: '596427577b4a9c5ec8204c1f7be3cc56') in 0.00858825 seconds
Start importing Packages/com.unity.shadergraph/GraphTemplates/Subgraphs/Terrain/Unpack Material.shadersubgraph using Guid(62cd44aa2d94fa442942547943d2b24a) (ScriptedImporter) -> (artifact id: '040ab9c60983432326be981607ebcf28') in 0.009631333 seconds
Start importing Packages/com.unity.shadergraph/ShaderGraphLibrary/Nature/SpeedTree8CameraFacingLeafEffect.shadersubgraph using Guid(8258ab4a37f447c48ac3c26cbdb4c032) (ScriptedImporter) -> (artifact id: 'ed13292224f57330fd1459761d24cfde') in 0.006751792 seconds
Start importing Packages/com.unity.shadergraph/GraphTemplates/Subgraphs/Circle.shadersubgraph using Guid(f20330646a5d9ab4ba73ed235396a7a6) (ScriptedImporter) -> (artifact id: 'e3eb6154e7119f242ec3edc67ab150e4') in 0.012972 seconds
Start importing Packages/com.unity.shadergraph/GraphTemplates/Subgraphs/Particle Vertex Color.shadersubgraph using Guid(73f7a6a1a6335484ba02a0b8f80fe10c) (ScriptedImporter) -> (artifact id: '36091696c7a1b39cdf887b25b40c082d') in 0.006381916 seconds
Start importing Packages/com.unity.shadergraph/GraphTemplates/Subgraphs/CameraDistanceMask.shadersubgraph using Guid(556dff229d0982b43b52bc3ce1019148) (ScriptedImporter) -> (artifact id: '92d6acfb064d36fb37535434feb2933e') in 0.00675625 seconds
Start importing Packages/com.unity.shadergraph/GraphTemplates/Subgraphs/Terrain/Distance Fade.shadersubgraph using Guid(b374ab41cedfcce4d85380817ce9de7d) (ScriptedImporter) -> (artifact id: 'a5cc66194b57f07069370a534e70e3ea') in 0.018970083 seconds
Start importing Packages/com.unity.shadergraph/GraphTemplates/Subgraphs/FlowMap Time.shadersubgraph using Guid(d3a5ed15ae8578b448a8756ea0b97162) (ScriptedImporter) -> (artifact id: '7192325c0d570ccdba2470836398a3d3') in 0.012926375 seconds
Start importing Packages/com.unity.shadergraph/GraphTemplates/Subgraphs/Terrain/Layer Standard.shadersubgraph using Guid(14f7847555748494e8b3e5cbc8afd15e) (ScriptedImporter) -> (artifact id: '8b8a5841dc9df014937eb7943e6e5f9f') in 0.017753208 seconds
Start importing Packages/com.unity.shadergraph/GraphTemplates/Subgraphs/Particle Camera Fade.shadersubgraph using Guid(648107f3fecbb0f4bb5b8f8476fbb48a) (ScriptedImporter) -> (artifact id: 'cbd281c6af7d49566d02fc57d061fee4') in 0.006688959 seconds
Start importing Packages/com.unity.shadergraph/GraphTemplates/Subgraphs/Canvas Color.shadersubgraph using Guid(74f647076bca3d442bc4a6ace5daf59f) (ScriptedImporter) -> (artifact id: '87b52d14756b193e19d13ea86f563e72') in 0.007253875 seconds
Start importing Packages/com.unity.shadergraph/ShaderGraphLibrary/Nature/SpeedTree8LODTransition.shadersubgraph using Guid(74ce720b09dcad14690aca1cb7b6f2dc) (ScriptedImporter) -> (artifact id: '99580bcb4bab3f3098174fe9333bee7a') in 0.004964584 seconds
Start importing Packages/com.unity.shadergraph/ShaderGraphLibrary/Nature/SpeedTree9CameraFacingLeafEffect.shadersubgraph using Guid(153b138ddd88e7b42a0c29bde1e7142c) (ScriptedImporter) -> (artifact id: '1e3876627152b5e31680d2865b295315') in 0.005954708 seconds
Start importing Packages/com.unity.shadergraph/GraphTemplates/Subgraphs/Sample Flipbook.shadersubgraph using Guid(658423db13944174c95e6a25bde1eb66) (ScriptedImporter) -> (artifact id: '81a79afa2c60b3f0d0a17c52df761d59') in 0.007912791 seconds
Start importing Packages/com.unity.shadergraph/GraphTemplates/Subgraphs/FlowMap Sample Normal.shadersubgraph using Guid(7794dc8c6277cb649804d7253e567322) (ScriptedImporter) -> (artifact id: 'ff8dac22d6abf850e40f3fad5ccfbc96') in 0.008378666 seconds
Start importing Assets/Piglet/Resources/Shaders/URP/URPFlipNormal.shadersubgraph using Guid(77faf11fbe32b6e429513eb973fe8264) (ScriptedImporter) -> (artifact id: 'c1947382727dc2703e2624673d24ad9a') in 0.009052 seconds
Start importing Packages/com.unity.shadergraph/GraphTemplates/Subgraphs/UV FlowMap.shadersubgraph using Guid(c76da6dceef150547b7030daa98eeda6) (ScriptedImporter) -> (artifact id: 'b174dbe776a747f3ee86b26ef74f6a6e') in 0.011774666 seconds
Start importing Packages/com.unity.shadergraph/GraphTemplates/Subgraphs/Switch4.shadersubgraph using Guid(38026d07e949e0043a9daa90b1917d90) (ScriptedImporter) -> (artifact id: '32d1b708eb1c4690a65003ecc6f803b2') in 0.00567425 seconds
Start importing Packages/com.unity.shadergraph/GraphTemplates/Subgraphs/Terrain/Blend Layers Add.shadersubgraph using Guid(b893f303ffd21324988969130704e4bc) (ScriptedImporter) -> (artifact id: '4b26d626819f0214fe74d4e4da105cb9') in 0.008580667 seconds
Start importing Packages/com.unity.shadergraph/GraphTemplates/Subgraphs/Terrain/Premultiply Layer.shadersubgraph using Guid(d8d596b309d3eaa48bd57234e7567aee) (ScriptedImporter) -> (artifact id: 'f7e8163c53adf376df5ab24d14097343') in 0.008723292 seconds
Start importing Packages/com.unity.shadergraph/ShaderGraphLibrary/Nature/SpeedTree9Wind.shadersubgraph using Guid(e8af7a3452f45f542a042fef4a52065a) (ScriptedImporter) -> (artifact id: 'c8a41df6c617fd91ec9c3174b869e8e8') in 0.00673925 seconds
Start importing Packages/com.unity.shadergraph/ShaderGraphLibrary/Nature/SpeedTree8Billboard.shadersubgraph using Guid(89c32740b629abb41bf9b65e3a64c373) (ScriptedImporter) -> (artifact id: '09dfe287e5e26cf6a61c74d434e23ea9') in 0.016448583 seconds
Start importing Packages/com.unity.shadergraph/GraphTemplates/Subgraphs/Terrain/Blend Layers Alpha.shadersubgraph using Guid(990a2f951c73f0449a8596028e51c11e) (ScriptedImporter) -> (artifact id: 'fd2faf7cb9526c2f11a21cbf7f464dfc') in 0.011358875 seconds
Start importing Packages/com.unity.shadergraph/GraphTemplates/Subgraphs/UV Halftone.shadersubgraph using Guid(a925de7ea1f0ed04a8b35c2c10fcc1c1) (ScriptedImporter) -> (artifact id: 'e3f58340de59c56b803441e0a6a53993') in 0.013420416 seconds
Start importing Packages/com.unity.shadergraph/GraphTemplates/Subgraphs/UV Distortion.shadersubgraph using Guid(d9fc86ddc060cc44988e8835a3192cb0) (ScriptedImporter) -> (artifact id: '3bd1489afd8c5cc81fadff45db106f22') in 0.00826125 seconds
Start importing Packages/com.unity.shadergraph/ShaderGraphLibrary/Nature/SpeedTree8Wind.shadersubgraph using Guid(e9398b7940890a74eafc240b5a593541) (ScriptedImporter) -> (artifact id: 'a9ffc27dfb1ed691eebf24133872e62e') in 0.00687375 seconds
Start importing Packages/com.unity.shadergraph/GraphTemplates/Subgraphs/Sample Flipbook Motion Vector.shadersubgraph using Guid(e98ef91f2346c4c57a3cfbb4347ff978) (ScriptedImporter) -> (artifact id: '9804a7a55c251f081084bbfe35891d3b') in 0.015426875 seconds
Start importing Packages/com.unity.shadergraph/GraphTemplates/Subgraphs/Value Range Remap.shadersubgraph using Guid(3a82744b38735a84fb29cc43c4b41c7d) (ScriptedImporter) -> (artifact id: 'e9edde51104c10a54e06f6e298c074a9') in 0.01337675 seconds
Start importing Packages/com.unity.shadergraph/GraphTemplates/Subgraphs/Decal Edge Mask.shadersubgraph using Guid(ea046900739fbcc4498f7b47f45545c9) (ScriptedImporter) -> (artifact id: '06bf6ef917219a94c708dd4dbda25e67') in 0.008495625 seconds
Start importing Packages/com.unity.shadergraph/GraphTemplates/Subgraphs/ParticleFlipbookBlending.shadersubgraph using Guid(ea87914f38f4183408f6ec6cb547ed94) (ScriptedImporter) -> (artifact id: 'ebfa6389093997c9928fa83a8913ac8f') in 0.021322875 seconds
Start importing Packages/com.unity.shadergraph/ShaderGraphLibrary/Nature/SpeedTree8ColorAlpha.shadersubgraph using Guid(1b4ecad27a9bc714e8d3af3ffb8a368c) (ScriptedImporter) -> (artifact id: 'f5d9d38d52f8f0ba35b296c42bd81e20') in 0.01619925 seconds
Start importing Packages/com.unity.shadergraph/GraphTemplates/Subgraphs/Sample Flipbook Blending.shadersubgraph using Guid(3ba4047e0734f2944a3d9b7b015af0ca) (ScriptedImporter) -> (artifact id: 'c7999f0522a6968d08109d0a2989c445') in 0.009364291 seconds
Start importing Packages/com.unity.shadergraph/GraphTemplates/Subgraphs/Terrain/Height Based Splat Modify.shadersubgraph using Guid(3b5d8d8dca1de7240983df8e315a8a01) (ScriptedImporter) -> (artifact id: 'a9fb105b818098ddc2e4c02481e798f9') in 0.020327083 seconds
Start importing Packages/com.unity.shadergraph/GraphTemplates/Subgraphs/Depth Fade.shadersubgraph using Guid(8bbfe621c0368244b80a10cdd14cd70e) (ScriptedImporter) -> (artifact id: '2bb21f98bcffa88ca3f884e5f9e7e5a3') in 0.006083916 seconds
Start importing Packages/com.unity.shadergraph/GraphTemplates/Subgraphs/HeightMask.shadersubgraph using Guid(bb515ce764324b444b925949646460fe) (ScriptedImporter) -> (artifact id: '57ebf81b0f9240e95e6f3160b87a16cd') in 0.006441 seconds
Start importing Packages/com.unity.shadergraph/GraphTemplates/Subgraphs/FlowMap Sample Texture.shadersubgraph using Guid(dd4e180f1d31c4c4e9d4909d27e6761c) (ScriptedImporter) -> (artifact id: '0b300c4fce65190e22cb27bb51a307df') in 0.008077459 seconds
Start importing Packages/com.unity.shadergraph/GraphTemplates/BuiltIn/BuiltIn Lit Basic.shadergraph using Guid(2019d78ad3d1c5c4a8d309a857ca449f) (ScriptedImporter) -> (artifact id: 'a5bc78115f35bb7207831f579190c7ad') in 1.085894458 seconds
Start importing Packages/com.unity.render-pipelines.universal/Runtime/Materials/ArnoldStandardSurface/ArnoldStandardSurfaceTransparent.shadergraph using Guid(30fa68ce467463643a86b839ca0eb195) (ScriptedImporter) -> (artifact id: '475d457d21e1499494fc13cc619c5ce8') in 0.093540584 seconds
Start importing Packages/com.unity.render-pipelines.universal/Shaders/AutodeskInteractive/AutodeskInteractiveMasked.shadergraph using Guid(80aa867ac363ac043847b06ad71604cd) (ScriptedImporter) -> (artifact id: '77fd08f34257861d5de95f315f75f8ee') in 0.130950375 seconds
Start importing Packages/com.unity.shadergraph/GraphTemplates/Cross Pipeline/0_Lit Basic.shadergraph using Guid(a2407126e3372f64cacb75ed466a5621) (ScriptedImporter) -> (artifact id: '8e7518963dad4257990508647d521acf') in 0.177575958 seconds
Start importing Packages/com.unity.shadergraph/GraphTemplates/Cross Pipeline/Unlit Simple.shadergraph using Guid(2476a2d151e824143af40dce1fc93a12) (ScriptedImporter) -> (artifact id: '25eb8142053c00e9627b308183ec5357') in 0.138226292 seconds
Start importing Packages/com.unity.render-pipelines.universal/Shaders/2D/VFXSpriteLit.shadergraph using Guid(24a73dccd7b6fad4798be282f96a21f4) (ScriptedImporter) -> (artifact id: '63af0b45d03db65c728d8f5d25d4abdc') in 0.116010584 seconds
Start importing Packages/com.unity.render-pipelines.universal/Runtime/Materials/PhysicalMaterial3DsMax/PhysicalMaterial3DsMax.shadergraph using Guid(44245ab89240f51459a5077d7145c452) (ScriptedImporter) -> (artifact id: 'f9e29ea00d6657c8068c21beee4f95b7') in 0.168672458 seconds
Start importing Packages/com.unity.render-pipelines.universal/Editor/ShaderGraph/GraphTemplates/2D/1_2D Sprite Unlit.shadergraph using Guid(25a0ebb4827f3cc47a1af2c79005f65b) (ScriptedImporter) -> (artifact id: '482f668feaffa96c5d368ba2524119e5') in 0.087143208 seconds
Start importing Packages/com.unity.shadergraph/GraphTemplates/BuiltIn/BuiltIn Unlit Basic.shadergraph using Guid(9618d41bb71f74048bb6cace8785b93d) (ScriptedImporter) -> (artifact id: 'e8dde162935bc542b1bfc86a2d2d47db') in 0.223284917 seconds
Start importing Packages/com.unity.shadergraph/GraphTemplates/Cross Pipeline/2_Particle Lit.shadergraph using Guid(a680d9a9f8b66514abbfd3ae1c8f77f7) (ScriptedImporter) -> (artifact id: 'decbb5ee087e89dafb24cab170881cd9') in 0.204718083 seconds
Start importing Assets/Piglet/Resources/Shaders/URP/URPSpecularGlossinessOpaque.shadergraph using Guid(a6f362e716a528e48903568ecd09187c) (ScriptedImporter) -> (artifact id: '1bec84fe5bbe8bff2f2f1d81f5a337ca') in 0.265974792 seconds
Start importing Packages/com.unity.render-pipelines.universal/Editor/ShaderGraph/GraphTemplates/UITKBasicTemplate.shadergraph using Guid(0738648e2f2f84b489a2f0076b69e30a) (ScriptedImporter) -> (artifact id: '20b588d9091d94d8288a51221766e7c1') in 0.092595209 seconds
Start importing Packages/com.unity.shadergraph/GraphTemplates/Cross Pipeline/1_Decal Material Volume.shadergraph using Guid(1716ff8c1e51af14280cc97fbcba3b11) (ScriptedImporter) -> (artifact id: 'c075d5685746ca9f632caa3730c5491f') in 0.10534575 seconds
Start importing Packages/com.unity.render-pipelines.universal/Runtime/Materials/ArnoldStandardSurface/ArnoldStandardSurface.shadergraph using Guid(3739e562a03fc0b4982d8aa66cc50865) (ScriptedImporter) -> (artifact id: 'd221f5a2ef96316122f03de58a62d033') in 0.090072834 seconds
Start importing Packages/com.unity.render-pipelines.universal/Shaders/2D/VFXSpriteUnlit.shadergraph using Guid(d7288f66e4fb0634c9afef98c31b722a) (ScriptedImporter) -> (artifact id: 'cc342182e554d90cce024665a28db8a9') in 0.035116292 seconds
Start importing Assets/Piglet/Resources/Shaders/URP/URPSpecularGlossinessMask.shadergraph using Guid(78197a83390f9b94a9427607e33a9f21) (ScriptedImporter) -> (artifact id: '6337e32fa27d94493fc809b3ea91efca') in 0.075428625 seconds
Start importing Assets/Piglet/Resources/Shaders/URP/URPSpecularGlossinessBlend.shadergraph using Guid(19760fc7aa9b4e44f9f00885522520d8) (ScriptedImporter) -> (artifact id: '07e11bd0da63366994c7d79cbfcac4ca') in 0.073537958 seconds
Start importing Packages/com.unity.shadergraph/GraphTemplates/Cross Pipeline/0_Decal Simple.shadergraph using Guid(39144937a5efe954dac51acbbe54157e) (ScriptedImporter) -> (artifact id: 'ac0cbf50586baad4219dfec5ca8a17c3') in 0.049891209 seconds
Start importing Packages/com.unity.render-pipelines.universal/Shaders/Nature/SpeedTree8_PBRLit.shadergraph using Guid(9920c1f1781549a46ba081a2a15a16ec) (ScriptedImporter) -> (artifact id: 'b4abe53d39e1b8a7d6db441c94625b65') in 0.327666209 seconds
Start importing Assets/Piglet/Resources/Shaders/URP/URPMetallicRoughnessOpaque.shadergraph using Guid(a962bdaaa77f2204288eece781732059) (ScriptedImporter) -> (artifact id: 'f021243581d28f326d828b91807c8582') in 0.151803916 seconds
Start importing Packages/com.unity.render-pipelines.universal/Runtime/Materials/PhysicalMaterial3DsMax/PhysicalMaterial3DsMaxTransparent.shadergraph using Guid(1a207e3bee00db44b940e6f362a8e148) (ScriptedImporter) -> (artifact id: 'f566d148e36d7f5d4099586ef73fdf4a') in 0.114315667 seconds
Start importing Packages/com.unity.shadergraph/GraphTemplates/Cross Pipeline/UGUI Canvas Basic.shadergraph using Guid(5a4a765e921b8554eb959f7cf697b3be) (ScriptedImporter) -> (artifact id: 'a656dbe37a4ef4ff5c768487b8ef5925') in 0.031762333 seconds
Start importing Assets/Piglet/Resources/Shaders/URP/URPMetallicRoughnessBlend.shadergraph using Guid(0bd759d333f132e44a7dbfcc50a9c461) (ScriptedImporter) -> (artifact id: 'bfa52fcd69283924d868f1baaae68537') in 0.06506525 seconds
Start importing Packages/com.unity.render-pipelines.universal/Shaders/Decal.shadergraph using Guid(9b4e681081e2b4c469111bb649e2f7ee) (ScriptedImporter) -> (artifact id: '70b7d0447dbf7e29980ae7e2fb12b762') in 0.049145 seconds
Start importing Packages/com.unity.render-pipelines.universal/Shaders/Nature/SpeedTree9_URP.shadergraph using Guid(cbd3e1cc4ae141c42a30e33b4d666a61) (ScriptedImporter) -> (artifact id: 'a470385fd8ac586c36b4a88505153ba2') in 0.115244833 seconds
Start importing Packages/com.unity.render-pipelines.universal/Shaders/FullscreenInvertColors.shadergraph using Guid(fb6390f650ca44a5ba3246d8dda47927) (ScriptedImporter) -> (artifact id: '6266b6133034073399a84e9a1e70559e') in 0.026769167 seconds
Start importing Packages/com.unity.render-pipelines.universal/Shaders/AutodeskInteractive/AutodeskInteractiveTransparent.shadergraph using Guid(5c81372d981403744adbdda4433c9c11) (ScriptedImporter) -> (artifact id: '873e1882cd9d0d00ce8c9c4746228061') in 0.062434958 seconds
Start importing Assets/Piglet/Resources/Shaders/URP/URPMetallicRoughnessMask.shadergraph using Guid(9c3924aac74804e4aa41d1a5afd7a06f) (ScriptedImporter) -> (artifact id: 'eb136a6c0fae2d76a8dd6e02e0a7eb71') in 1.855101792 seconds
Start importing Packages/com.unity.render-pipelines.universal/Editor/ShaderGraph/GraphTemplates/Terrain Standard 4 Layers URP.shadergraph using Guid(bc3def193b270c649b041063a70a1a1f) (ScriptedImporter)Shader 'Hidden/Terrain/Terrain Standard 4 Layers URP': dependency 'AddPassShader' shader 'Hidden/Hidden/Terrain/Terrain Standard 4 Layers URP_AddPass' not found
Shader 'Hidden/Terrain/Terrain Standard 4 Layers URP': dependency 'BaseMapGenShader' shader 'Hidden/Hidden/Terrain/Terrain Standard 4 Layers URP_BaseMapGen' not found
Shader 'Hidden/Terrain/Terrain Standard 4 Layers URP': dependency 'BaseMapShader' shader 'Hidden/Universal Render Pipeline/Terrain/Lit (Base Pass)' not found
Shader 'Hidden/Terrain/Terrain Standard 4 Layers URP': dependency 'AddPassShader' shader 'Hidden/Hidden/Terrain/Terrain Standard 4 Layers URP_AddPass' not found
Shader 'Hidden/Terrain/Terrain Standard 4 Layers URP': dependency 'BaseMapGenShader' shader 'Hidden/Hidden/Terrain/Terrain Standard 4 Layers URP_BaseMapGen' not found
Shader 'Hidden/Terrain/Terrain Standard 4 Layers URP': dependency 'BaseMapShader' shader 'Hidden/Universal Render Pipeline/Terrain/Lit (Base Pass)' not found
 -> (artifact id: 'd97766df797f2cdfb75221062dbaacc2') in 0.247945542 seconds
Start importing Packages/com.unity.shadergraph/GraphTemplates/Cross Pipeline/UGUI Canvas Meter.shadergraph using Guid(9d4e8ca8c5046914c87ca6ccef140dac) (ScriptedImporter) -> (artifact id: '8b805873a62d9e2051f014e38508d49e') in 0.028976833 seconds
Start importing Packages/com.unity.render-pipelines.universal/Editor/ShaderGraph/GraphTemplates/2D/0_2D Sprite Lit.shadergraph using Guid(bde135b320597544b9ac325092409f8b) (ScriptedImporter) -> (artifact id: '1c668ef5c02ad85325979bd354b8ea8d') in 0.039251125 seconds
Start importing Packages/com.unity.render-pipelines.universal/Shaders/AutodeskInteractive/AutodeskInteractive.shadergraph using Guid(0e9d5a909a1f7e84882a534d0d11e49f) (ScriptedImporter) -> (artifact id: 'e7bcf8e86418b755575556a29a222819') in 0.063549375 seconds
Start importing Packages/com.unity.render-pipelines.universal/Editor/ShaderGraph/GraphTemplates/UITKFullTemplate.shadergraph using Guid(3e01bbae25716b24ea9da11102b44902) (ScriptedImporter) -> (artifact id: '7889ee23736f59e20a474b92394978ef') in 0.023335833 seconds
Start importing Packages/com.unity.shadergraph/GraphTemplates/Custom Render Texture.shadergraph using Guid(7ef2cf71ad164fe479662ae612dff99e) (ScriptedImporter) -> (artifact id: '642ebfd30ccc57632aa7c63b3fb7b6ba') in 0.010617125 seconds
Start importing Packages/com.unity.shadergraph/GraphTemplates/Cross Pipeline/1_Lit Full.shadergraph using Guid(aee84ce0dab81b049bb88017d78a63cd) (ScriptedImporter) -> (artifact id: '9350a7be0e57d7f35fcfe3ee5712177e') in 0.116562167 seconds
Start importing Packages/com.unity.shadergraph/GraphTemplates/Cross Pipeline/Terrain Simple.shadergraph using Guid(def488a52add6574d9f295a507032cb8) (ScriptedImporter)Shader 'Hidden/Terrain/Terrain Simple': dependency 'AddPassShader' shader 'Hidden/Hidden/Terrain/Terrain Simple_AddPass' not found
Shader 'Hidden/Terrain/Terrain Simple': dependency 'BaseMapGenShader' shader 'Hidden/Hidden/Terrain/Terrain Simple_BaseMapGen' not found
Shader 'Hidden/Terrain/Terrain Simple': dependency 'BaseMapShader' shader 'Hidden/Universal Render Pipeline/Terrain/Lit (Base Pass)' not found
Shader 'Hidden/Terrain/Terrain Simple': dependency 'AddPassShader' shader 'Hidden/Hidden/Terrain/Terrain Simple_AddPass' not found
Shader 'Hidden/Terrain/Terrain Simple': dependency 'BaseMapGenShader' shader 'Hidden/Hidden/Terrain/Terrain Simple_BaseMapGen' not found
Shader 'Hidden/Terrain/Terrain Simple': dependency 'BaseMapShader' shader 'Hidden/Universal Render Pipeline/Terrain/Lit (Base Pass)' not found
 -> (artifact id: '6ff6e629e576035f1263dc56c79039d8') in 0.134193041 seconds
Start importing Packages/com.unity.shadergraph/GraphTemplates/Cross Pipeline/0_Particle Unlit.shadergraph using Guid(af66091e0eca0c04a9c3584ae867418a) (ScriptedImporter) -> (artifact id: '2cc18d9477b96f514d59d009e617a83a') in 0.045834416 seconds
Start importing Packages/com.unity.render-pipelines.universal/Editor/ShaderGraph/GraphTemplates/2D/2_2D Sprite Custom Lit.shadergraph using Guid(bfad0aba0faa90547b68abd10bb6be86) (ScriptedImporter) -> (artifact id: '0bc4713b45deb86ee735d96151298e9d') in 0.044578709 seconds
Start importing Packages/com.unity.render-pipelines.universal/Editor/ShaderGraph/GraphTemplates/Fullscreen Basic URP.shadergraph using Guid(df41eefe8c13d444ca890dddbbc61f8d) (ScriptedImporter) -> (artifact id: 'c891e3a099664bbd92369b758ec35bec') in 0.022986291 seconds
Start importing Packages/com.unity.render-pipelines.core/Runtime/Debug/ProbeSamplingDebugMesh.fbx using Guid(20be25aac4e22ee49a7db76fb3df6de2) (FBXImporter) -> (artifact id: '7c238d8e37c025b229e938dbe30c5c31') in 0.026536041 seconds
Start importing Packages/com.unity.render-pipelines.core/Runtime/RenderPipelineResources/Mesh/SamplesFixture.fbx using Guid(b28fa67a0ff82c5478f27368dc627683) (FBXImporter) -> (artifact id: '9bad33c0fb6dde60aa945b1df0b15c95') in 0.04000225 seconds
Start importing Packages/com.unity.render-pipelines.core/Runtime/RenderPipelineResources/Mesh/UnityMaterialBall.fbx using Guid(39857cfad1651644682ff5b772e6e697) (FBXImporter) -> (artifact id: 'e5457b66b1146f20964d985cd446e813') in 0.044068291 seconds
Start importing Packages/com.unity.render-pipelines.core/Runtime/RenderPipelineResources/Mesh/BackgroundMesh.fbx using Guid(b9ae429aca254fa41966db24b9e53232) (FBXImporter) -> (artifact id: '8ef45ae327b507b4f4dd0b21a9e26a0e') in 0.015402833 seconds
Start importing Packages/com.unity.render-pipelines.core/Runtime/RenderPipelineResources/Mesh/SamplesFloorSpotlight.fbx using Guid(1dbf28c1bb322474d981b2dc555e28b0) (FBXImporter) -> (artifact id: 'e3b7f6f1f419ae6b5c1510589c34ddb9') in 0.012440708 seconds
Start importing Packages/com.unity.render-pipelines.core/Runtime/RenderPipelineResources/Mesh/SamplesSpotlightModel.fbx using Guid(4e8732d4875cc0647b52b55a218072b6) (FBXImporter) -> (artifact id: 'faed11be74dfdcd43bc40f1a8f6930ec') in 0.017452667 seconds
Start importing Packages/com.unity.render-pipelines.core/Editor/Resources/DebugProbe.fbx using Guid(9e1c97fc44f9a8744b61b58f72c56de4) (FBXImporter) -> (artifact id: 'df9b8fddc8a47492880e5b84e1f96131') in 0.011373708 seconds
Start importing Packages/com.unity.render-pipelines.universal/Editor/SceneTemplates/Standard/GlobalVolumeProfile.asset using Guid(103b0616690034ca1a309e958ed431fc) (NativeFormatImporter) -> (artifact id: 'ae47e29d22d99c727ee8075492dd13c4') in 0.000986334 seconds
Start importing Packages/com.unity.render-pipelines.core/Editor/Icons/Processed/PassInspector Icon.asset using Guid(f07c8ecc9e9de7842ab9c99a9256ff7d) (NativeFormatImporter) -> (artifact id: '8e5ad2632b106e26212037a1b9f6fcd1') in 0.001010625 seconds
Start importing Packages/com.unity.render-pipelines.universal/Runtime/Data/PostProcessData.asset using Guid(41439944d30ece34e96484bdb6645b55) (NativeFormatImporter) -> (artifact id: '773dd7a50e62e00d2090db9f310907fb') in 0.024081417 seconds
Start importing Assets/Piglet/Editor/Resources/PigletOptions.asset using Guid(f2c51b8a8bd02ba4eb4b3c2f132718f1) (NativeFormatImporter) -> (artifact id: 'f4ffe51feb64b12a7d1366d9f1c23023') in 0.001918167 seconds
Start importing Packages/com.unity.render-pipelines.core/Editor/Icons/Processed/d_DecalProjector Icon.asset using Guid(340b2e8f8761e254d8ee52bc663cedbd) (NativeFormatImporter) -> (artifact id: 'a9926f4c8cebc2707ad671d8912be8af') in 0.005168709 seconds
Start importing Packages/com.unity.render-pipelines.core/Editor/Icons/Processed/d_VolumeProfile Icon.asset using Guid(150de12d7eed3a2429509ab2146f6345) (NativeFormatImporter) -> (artifact id: '1ec4983a1e76a61eb1ce5f922ddfe738') in 0.0048935 seconds
Start importing Packages/com.unity.render-pipelines.universal/Tests/Editor/PostProcessDataTests/PostProcessData BloomPS Different 1.asset using Guid(350a709cf1218764c94f752764b6ab69) (NativeFormatImporter) -> (artifact id: 'f1ce8f5e2f0f402639b2a45f42c70339') in 0.010318708 seconds
Start importing Packages/com.unity.render-pipelines.core/Editor/Icons/Processed/Volume Icon.asset using Guid(65d673f04ea8f2f49919cf67d18aaf54) (NativeFormatImporter) -> (artifact id: '3e82559381d3f7626fa9f48fd1a71592') in 0.500234875 seconds
Start importing Packages/com.unity.render-pipelines.core/Editor/Icons/Processed/RenderPipelineResources Icon.asset using Guid(9577fdc34c3b03242bf439342d37043b) (NativeFormatImporter) -> (artifact id: '55271f66f3d64265aa4c4e207ce5fae4') in 0.543430417 seconds
Start importing Packages/com.unity.render-pipelines.core/Editor/Icons/Processed/d_LocalVolumetricFog Icon.asset using Guid(a51c08ea4f8a47641a38f14eff7be3db) (NativeFormatImporter) -> (artifact id: 'bec642be8c78ae3254c83990c8a0ac16') in 0.006186375 seconds
Start importing Packages/com.unity.render-pipelines.core/Editor/Icons/Processed/DecalProjector Icon.asset using Guid(9603ab9e0ac90754298d959374a0ec29) (NativeFormatImporter) -> (artifact id: '038af9788dce138047675b79317e255e') in 0.005062375 seconds
Start importing Packages/com.unity.render-pipelines.core/Editor/Icons/Processed/d_RenderPipelineResources Icon.asset using Guid(f6437d4e6a2f10345a40803d33f489bf) (NativeFormatImporter) -> (artifact id: '3ce1aa6a0a9b9f8ee9ba1baa9ce6154a') in 0.005205041 seconds
Start importing Packages/com.unity.render-pipelines.core/Editor/Icons/Processed/d_Volume Icon.asset using Guid(177b2538515c71b4a86aa1cad939807a) (NativeFormatImporter) -> (artifact id: '6270493438bfcb47713762428d420ac0') in 0.005236666 seconds
Start importing Packages/com.unity.render-pipelines.universal/Tests/Editor/PostProcessDataTests/PostProcessData BloomPS Different.asset using Guid(e7b20d8e594294f4380ea14212e1b042) (NativeFormatImporter) -> (artifact id: '478c6487015b56bc0580cc3e78e0e26d') in 0.004020583 seconds
Start importing Packages/com.unity.shadergraph/Editor/Resources/DefaultHeatmapValues.asset using Guid(089885f17bac7464a80c68e81d8538a1) (NativeFormatImporter) -> (artifact id: 'e7c7e627f3b4bb910b40efeaffb4210f') in 0.001893709 seconds
Start importing Packages/com.unity.render-pipelines.universal/Editor/SceneTemplates/Indoors/LightingData.asset using Guid(695c65e91172db945bf049e595adcc66) (NativeFormatImporter) -> (artifact id: '9a6b898057d23c1388d901b8dbb8f1f2') in 0.002247875 seconds
Start importing Packages/com.unity.render-pipelines.universal/Runtime/Data/UniversalRendererData.asset using Guid(ba6e69114eba6af4585b7b850051b2d9) (NativeFormatImporter) -> (artifact id: 'e9ad2070959e90d9af222fdfd170ce9f') in 0.005997125 seconds
Start importing Packages/com.unity.render-pipelines.core/Editor/Icons/Processed/VolumeProfile Icon.asset using Guid(faa56264e2faf674c8be98efbfd8e2a4) (NativeFormatImporter) -> (artifact id: 'ad099e67b3cdc8fadeb0df39ee69d1e5') in 0.005078375 seconds
Start importing Packages/com.unity.render-pipelines.universal/Editor/SceneTemplates/Standard/LightingData.asset using Guid(bbf92febd37eec24fa8da21f59ace918) (NativeFormatImporter) -> (artifact id: 'f941e067d7e2884bba64631b6c9234a0') in 0.000965333 seconds
Start importing Packages/com.unity.render-pipelines.core/Editor/Icons/Processed/Resources Icon.asset using Guid(0c718439afc500a47899efc9499bc9f5) (NativeFormatImporter) -> (artifact id: '90537c1511ac064686a07af92b30bf95') in 0.0008415 seconds
Start importing Packages/com.unity.render-pipelines.core/Editor/Icons/Processed/LocalVolumetricFog Icon.asset using Guid(acb29b12f9f806e4086dd007d41e47e2) (NativeFormatImporter) -> (artifact id: 'a0967288c54c5ce33cc52718fcc28802') in 0.004694459 seconds
Start importing Packages/com.unity.render-pipelines.core/Runtime/RenderPipelineResources/Default Lens Flare (SRP).asset using Guid(bd7eaf3bd49c39f4cb77bd809459aa72) (NativeFormatImporter) -> (artifact id: 'b78676d3d65c61a83272c7a98fe81c1a') in 0.004758125 seconds
Start importing Packages/com.unity.render-pipelines.universal/Editor/Volume/DefaultVolumeProfile.asset using Guid(eda47df5b85f4f249abf7abd73db2cb2) (NativeFormatImporter) -> (artifact id: '799151250d50a362ab2c8b44051ca144') in 0.005121625 seconds
Start importing Packages/com.unity.render-pipelines.core/Editor/Icons/Processed/d_PassInspector Icon.asset using Guid(de46f443cc7a01d4a86b2535f132a51d) (NativeFormatImporter) -> (artifact id: '03f8a53c285e696ca189b20762810774') in 0.000940542 seconds
Start importing Packages/com.unity.render-pipelines.core/Editor/Icons/Processed/d_Resources Icon.asset using Guid(5f91283c363fa3943844c7b87c3ce64d) (NativeFormatImporter) -> (artifact id: '2962c33c15b15bc48304cd673b3f6d6e') in 0.000967125 seconds
Start importing Packages/com.unity.render-pipelines.universal/Editor/SceneTemplates/Indoors/Indoors Baking Set.asset using Guid(6f5f3e944558b294093fde8026e4d36e) (NativeFormatImporter) -> (artifact id: '1f357de00def547ebd6b5c747feeaf18') in 0.006608583 seconds
Start importing Packages/com.unity.render-pipelines.universal/Editor/SceneTemplates/Indoors/GlobalVolumeProfile.asset using Guid(afa2d039a61b9a44ab0eb7f1c138af34) (NativeFormatImporter) -> (artifact id: '4af27586657552fd846d090a7b91dd12') in 0.0007385 seconds
Start importing Packages/com.unity.render-pipelines.core/CHANGELOG.md using Guid(20456a2cc8a214f9d9846725cff9fea4) (TextScriptImporter) -> (artifact id: 'ceacaf669c8a0767a00be85c5e8a745c') in 0.001206167 seconds
Start importing Packages/com.unity.searcher/LICENSE.md using Guid(200891d0445794843bffcc351163c84c) (TextScriptImporter) -> (artifact id: 'dceccae4fe3335f7d5609c4584d38347') in 0.001215125 seconds
Start importing Packages/com.unity.render-pipelines.universal/package.json using Guid(30648b8d550465f4bb77f1e1afd0b37d) (PackageManifestImporter) -> (artifact id: '14d4f06f560c9c45f107fcab2ec41c45') in 0.000901833 seconds
Start importing Packages/com.unity.modules.jsonserialize/package.json using Guid(40bf3cec17fa0b49fe04443c8332d638) (PackageManifestImporter) -> (artifact id: '4bbe75e7d3a83ee7597a3bcba3a1e7c4') in 0.000633708 seconds
Start importing Packages/com.unity.burst/package.json using Guid(60714b3a36613ab2918a1439869a826f) (PackageManifestImporter) -> (artifact id: '0b87196a3ec47d3aed6daae301f57984') in 0.000905083 seconds
Start importing Packages/com.unity.test-framework.performance/package.json using Guid(b030b7e8a4c531241b496403efc884ab) (PackageManifestImporter) -> (artifact id: '600eed6c640081ce0f5bf982d73379fb') in 0.000782125 seconds
Start importing Packages/com.unity.modules.unitywebrequesttexture/package.json using Guid(d0e3ad91972c66f5238f5b9b7d5ae58a) (PackageManifestImporter) -> (artifact id: '0c98bbdbc505e460f0f2549188387387') in 0.00088475 seconds
Start importing Packages/com.unity.ugui/README.md using Guid(e0ae6629cc70b514889df37fccb76832) (TextScriptImporter) -> (artifact id: '44afeb028f510a9f4544ce88fd1cf112') in 0.00090975 seconds
Start importing Packages/com.unity.render-pipelines.core/Tests/Editor/UnifiedRayTracing/TraceRays.urtshader using Guid(1142bbad8b9e8c44c83a9775ff120d37) (ScriptedImporter) -> (artifact id: 'a48a3747c902f032d666f928e3b90747') in 0.005992584 seconds
Start importing Packages/com.unity.collections/Unity.Collections.LowLevel.ILSupport/README.txt using Guid(11246cfa909f81542b920bd109592bf5) (TextScriptImporter) -> (artifact id: '1b58fb7926fe33e24c66b8ab16c29834') in 0.000946375 seconds
Start importing Packages/com.unity.render-pipelines.core/Tests/Editor/RenderPipeline/SettingsStrippingResults/no_strippers_active_A_B_C.json using Guid(11f45568281574f48aee9ddbe7e80112) (TextScriptImporter) -> (artifact id: '427bbbd7106043ae80798d303b5f408f') in 0.0007805 seconds
Start importing Packages/com.unity.ugui/package.json using Guid(319b8889f363f5947acf209c17a94149) (PackageManifestImporter) -> (artifact id: '0d56f132eb0965e68b645baebd500335') in 0.000567541 seconds
Start importing Packages/com.unity.render-pipelines.universal/Editor/ScriptTemplates/ScriptableRendererFeature.txt using Guid(51493ed8d97d3c24b94c6cffe834630b) (TextScriptImporter) -> (artifact id: 'de536b94159dd269ec9412f04ed502c6') in 0.000747292 seconds
Start importing Packages/com.unity.render-pipelines.universal/Runtime/RendererFeatures/SurfaceCacheGI/SurfaceCacheCore/RisEstimation.urtshader using Guid(713f6141bd66a134383b787f2eaa7c11) (ScriptedImporter) -> (artifact id: 'b8868a9adbdc155f50d564ddce4eddb8') in 0.004652583 seconds
Start importing Packages/com.unity.ext.nunit/package.json using Guid(8143d3a8390f2c64685e3bc272bd9e90) (PackageManifestImporter) -> (artifact id: 'b3b8f0f121831b39f23fd68d5d301926') in 0.000921625 seconds
Start importing Assets/Piglet/Documentation/index.html using Guid(91698b772b7421145992efa14ec23c17) (TextScriptImporter) -> (artifact id: 'bc4c012cced3ac1dbc32daa3e084875e') in 0.000815625 seconds
Start importing Assets/Piglet/Dependencies/SharpZipLib/ICSharpCode.SharpZipLib.xml using Guid(b1f50369701849641bd9b16738b33d5f) (TextScriptImporter) -> (artifact id: 'cedc78b2ea6b4b0525d8cf7b683d00ea') in 0.001373583 seconds
Start importing Packages/com.unity.render-pipelines.universal-config/package.json using Guid(b13c5df96839b924b85df50f9659b9e4) (PackageManifestImporter) -> (artifact id: '3ae81c29170bca1bc39cf1b7573af8c1') in 0.002648916 seconds
Start importing Packages/com.unity.render-pipelines.core/Tests/Editor/ShaderStripping/Results/UI_Default_0_0.json using Guid(d18eadffb612a2f4a995f89ad69c62c3) (TextScriptImporter) -> (artifact id: 'c9822bc28d5917466ed41e5b98996790') in 0.002347875 seconds
Start importing Packages/com.unity.modules.assetbundle/package.json using Guid(e1ef8466c8fd01a549f10baa4d51fa17) (PackageManifestImporter) -> (artifact id: 'cd88d489b2c05aaf2e6b6d7c29c7056c') in 0.000688833 seconds
Start importing Packages/com.unity.modules.imgui/package.json using Guid(42fe78c8fe682715a2cb531422e6ccb3) (PackageManifestImporter) -> (artifact id: '258497c2a57bcde162ae716914ae3ed9') in 0.000711041 seconds
Start importing Packages/com.unity.test-framework.performance/ValidationExceptions.json using Guid(a23a55c69f9544b56a85639e7258ea1d) (TextScriptImporter) -> (artifact id: '0de6bb025ea649b84fc90771cdd733ed') in 0.000726833 seconds
Start importing Packages/com.unity.render-pipelines.universal/Editor/RendererFeatures/NewPostProcessRendererFeature.cs.txt using Guid(03e97e85a392e23469cd704039e21501) (TextScriptImporter) -> (artifact id: '0b9e20e5364904ecf821c16a39959cd5') in 0.000659083 seconds
Start importing Packages/com.unity.searcher/README.md using Guid(a363ef2608aa3684794c3db0480fcd81) (TextScriptImporter) -> (artifact id: '4ca074f0d9fce8061be0c79b5e86fb79') in 0.000683541 seconds
Start importing Packages/com.unity.mathematics/package.json using Guid(d34d0af25c21141a98c0cf3c0066444f) (PackageManifestImporter) -> (artifact id: '4f8aaef6e675f0d139584cd98f31bbcf') in 0.000662834 seconds
Start importing Packages/com.unity.burst/ValidationExceptions.json using Guid(f383c015504b380698ba4a8681b1223e) (TextScriptImporter) -> (artifact id: 'd7164317e9bba999a6db22150e9b8517') in 0.000808667 seconds
Start importing Assets/Piglet/Dependencies/UnityGLTF/README.txt using Guid(04c844c0f77d7bd4291f43a555b5d9cd) (TextScriptImporter) -> (artifact id: 'f5f978b985f20c37a77a6d52a9581e46') in 0.000698292 seconds
Start importing Packages/com.unity.render-pipelines.core/Tests/Editor/RenderPipeline/SettingsStrippingResults/KeepAStripper_RemoveAStripper_A_B_C.json using Guid(241278b82c9201f40817c73e0e86a393) (TextScriptImporter) -> (artifact id: '5e0e84a9b756327a62047ff3fc8b40ae') in 0.000623041 seconds
Start importing Packages/com.unity.burst/CHANGELOG.md using Guid(544e4fbf839e39e1b693958db86e8cc8) (TextScriptImporter) -> (artifact id: 'de9546e1d48680b09a90b17bb7644c67') in 0.000904083 seconds
Start importing Packages/com.unity.render-pipelines.core/Editor/Lighting/ProbeVolume/RenderingLayerMask/TraceRenderingLayerMask.urtshader using Guid(94a070d33e408384bafc1dea4a565df9) (ScriptedImporter) -> (artifact id: '7a57e004cb3722e71d4a307c79d591f2') in 0.003188416 seconds
Start importing Packages/com.unity.render-pipelines.universal/Runtime/RendererFeatures/SurfaceCacheGI/SurfaceCacheCore/UniformEstimation.urtshader using Guid(94a39d12848d8d64ca962a72b74e7c50) (ScriptedImporter) -> (artifact id: 'e9544b5c2e791bbaf1c696984d4d2a5a') in 0.00348675 seconds
Start importing Packages/com.unity.ext.nunit/CHANGELOG.md using Guid(f49bbe06ffa5ae24abe32abdab430c24) (TextScriptImporter) -> (artifact id: 'fceecea86d3291d57dee7acd6734d35a') in 0.000758167 seconds
Start importing Packages/com.unity.ugui/PackageConversionData.json using Guid(05f5bfd584002f948982a1498890f9a9) (TextScriptImporter) -> (artifact id: 'd9e43e27959cd399247c69832ab9dc4f') in 0.000787042 seconds
Start importing Packages/com.unity.modules.unitywebrequestassetbundle/package.json using Guid(05f7f519769978b79b31d063a7fc6fa1) (PackageManifestImporter) -> (artifact id: '42f80c06fff01a8dfb377076b60a0bf0') in 0.000576625 seconds
Start importing Packages/com.unity.render-pipelines.core/Tests/Editor/UnifiedRayTracing/TraceTransparentRays.urtshader using Guid(6513c3b892e933c4f8d00c19d5c47532) (ScriptedImporter) -> (artifact id: '231e55685711de3881f26d0954ce0e86') in 0.002213917 seconds
Start importing Packages/com.unity.render-pipelines.core/ValidationConfig.json using Guid(75497c58fb28415a98098a98e7133272) (TextScriptImporter) -> (artifact id: 'a7e1c03fe37934ac9434255e3e62d48e') in 0.000772417 seconds
Start importing Packages/com.unity.render-pipelines.core/package.json using Guid(753d1ac2429a21a44ac5f937cbbb409f) (PackageManifestImporter) -> (artifact id: 'eaf98fb462dc06cea34a48c3f17fdcbc') in 0.000847875 seconds
Start importing Packages/com.unity.modules.imageconversion/package.json using Guid(953fab16d15d5885b3600fcd6388b2ad) (PackageManifestImporter) -> (artifact id: 'd651f3116efc8d77593dc240100f8748') in 0.000677292 seconds
Start importing Packages/com.unity.render-pipelines.core/Tests/Editor/RenderPipeline/SettingsStrippingResults/PrivateCtorAStripper_A_B_C.json using Guid(a50296725d3e4cf4aa43416a9a85b52c) (TextScriptImporter) -> (artifact id: '0399baf6faff2dd78ebbad007ed7d043') in 0.000560584 seconds
Start importing Packages/com.unity.collections/CHANGELOG.md using Guid(a5d815866ec304e56b03ec5cfc5f8b0a) (TextScriptImporter) -> (artifact id: '76ad7a7954281251f6c793308562447a') in 0.000677208 seconds
Start importing Packages/com.unity.shadergraph/package.json using Guid(d5ac453c34e359d439de9d724772ed3d) (PackageManifestImporter) -> (artifact id: '92d47d0a6672253e6a652de0f7046bdd') in 0.000760792 seconds
Start importing Packages/com.unity.render-pipelines.universal/CHANGELOG.md using Guid(16b5d2a7d862f49ffb9453600e8ee776) (TextScriptImporter) -> (artifact id: 'b3eda0f0c5143132cbe0c98990434081') in 0.000900375 seconds
Start importing Packages/com.unity.shadergraph/LICENSE.md using Guid(3627da0ec84594020b79e02cec8d0b41) (TextScriptImporter) -> (artifact id: '72b4fa774d99603f0009b0150b6b09bb') in 0.000582667 seconds
Start importing Packages/com.unity.mathematics/CHANGELOG.md using Guid(56de866d5032f461baa43decd9ce3bd8) (TextScriptImporter) -> (artifact id: 'c915c18a00b5a08c993883945607100d') in 0.000728 seconds
Start importing Packages/com.unity.collections/LICENSE.md using Guid(568f02fe7676e4d659782d6038df91de) (TextScriptImporter) -> (artifact id: 'd65e4ff8f611b581202afa9dfb67221e') in 0.000601875 seconds
Start importing Packages/com.unity.searcher/package.json using Guid(86b0e09d2fd75564f90fbc601e1eec6b) (PackageManifestImporter) -> (artifact id: 'c95adb7b818b5f538add0afc7dd3b3c3') in 0.000583625 seconds
Start importing Packages/com.unity.collections/Unity.Collections.PerformanceTests/README.md using Guid(86abcf43c46cd3743bb775a4682f2d1d) (TextScriptImporter) -> (artifact id: '313554527ad309fd74494e9fa26f1882') in 0.000641125 seconds
Start importing Packages/com.unity.shadergraph/ValidationConfig.json using Guid(a65122cb60c266746acf35e0e5c8ac96) (TextScriptImporter) -> (artifact id: 'eb979cab433de53d88e96e5acd74567d') in 0.000758458 seconds
Start importing Assets/Piglet/Documentation/BUILD.md using Guid(b6ddf0ca03d215b409c4f52605df0669) (TextScriptImporter) -> (artifact id: 'a0abedf6eca183dc3b8fe23baa804b97') in 0.00059875 seconds
Start importing Packages/com.unity.test-framework/CHANGELOG.md using Guid(d691174143fd3774ba63d7c493633b99) (TextScriptImporter) -> (artifact id: '042e5d077a319e13cd83b80ccc9d2b2b') in 0.000637041 seconds
Start importing Packages/com.unity.shadergraph/CHANGELOG.md using Guid(d652dd37e32b64cc9b4e36a1e7ddf1b8) (TextScriptImporter) -> (artifact id: '1c03ab1d464a97c854abc24fe7d59fd7') in 0.000603291 seconds
Start importing Packages/com.unity.test-framework/package.json using Guid(d6a2e6e4803de7b43baacdc355fc144d) (PackageManifestImporter) -> (artifact id: 'b4c291a7b646fefb4f0c6f571829a42c') in 0.000967792 seconds
Start importing Packages/com.unity.nuget.mono-cecil/package.json using Guid(17a4fd582bf2d47479cf5c1508ca82c6) (PackageManifestImporter) -> (artifact id: '7d8277172f9172650445d26e2efb1263') in 0.000673875 seconds
Start importing Packages/com.unity.render-pipelines.universal/Editor/ScriptTemplates/UnlitURP.txt using Guid(4796721ff66d641078403679f98f5dbb) (TextScriptImporter) -> (artifact id: 'e7f6a81a8a5c6b9aa1c38136158ef920') in 0.000844708 seconds
Start importing Assets/Piglet/Dependencies/SharpZipLib/README.txt using Guid(678de2c94fe96bb4cac0c5b773710324) (TextScriptImporter) -> (artifact id: '7d80f6122daf43aa801c805cd2d0d716') in 0.000612375 seconds
Start importing Packages/com.unity.mathematics/LICENSE.md using Guid(a7f87992cd1d44040ae42b05e5fbdaa5) (TextScriptImporter) -> (artifact id: 'dcb480f55b9e03877084c202f58984ab') in 0.00069525 seconds
Start importing Packages/com.unity.render-pipelines.core/Tests/Editor/ShaderStripping/Results/UI_Default_Sprites_Default_5_0.5.json using Guid(b7530f054ac4b4b4183bef9efddcb60f) (TextScriptImporter) -> (artifact id: '5ee249e49f6cf93e7a5b11d303f86232') in 0.00063375 seconds
Start importing Packages/com.unity.shadergraph/README.md using Guid(08534868baca5cc4092711da8c94e981) (TextScriptImporter) -> (artifact id: '07c637b5701b48568373dfe81f8fdc21') in 0.000811083 seconds
Start importing Assets/Piglet/Dependencies/SharpZipLib/LICENSE.txt using Guid(08c97905bcc333c4d9ec92bb40bf037b) (TextScriptImporter) -> (artifact id: '4fd77b2dea450bea327e705e7fd23061') in 0.000524084 seconds
Start importing Packages/com.unity.burst/Third Party Notices.md using Guid(28c762070e0d3359b18a59f9402d5013) (TextScriptImporter) -> (artifact id: '0594e0b44a72c47bdccb3985fe019f76') in 0.000740958 seconds
Start importing Packages/com.unity.test-framework.performance/Third Party Notices.md using Guid(682cbcd3b2e7545e2bbc6306016e7bb7) (TextScriptImporter) -> (artifact id: '56427e1b4ac5622fb901fa78006ce993') in 0.000615958 seconds
Start importing Assets/Piglet/Dependencies/UnityGLTF/LICENSE.txt using Guid(98eb773f0e3fb4e4986ab28ac9310b90) (TextScriptImporter) -> (artifact id: '75ec46259eb38115a8ae2e141641ec65') in 0.000390833 seconds
Start importing Assets/PoliceStationMobile/README.md using Guid(984e98515bf874348a30e6675aed7581) (TextScriptImporter) -> (artifact id: 'dfa0f1f8f65170e232ca2c9027732e95') in 0.000900667 seconds
Start importing Packages/com.unity.shadergraph/Editor/Resources/GraphView/Nodes/UITKShaderPreview-Vector.svg using Guid(a8d7d25cc14c27f4e9257da19b888497) (ScriptedImporter) -> (artifact id: '9cf1d8d05236b57de9425ad81a091325') in 0.405722959 seconds
Start importing Packages/com.unity.ugui/CHANGELOG.md using Guid(c851bee4305bddf438cc6ffc515991ce) (TextScriptImporter) -> (artifact id: '80aa7e1c8215b9d3824af55dd65c9c21') in 0.001168375 seconds
Start importing Packages/com.unity.nuget.mono-cecil/Third Party Notices.md using Guid(192a998b912484856a34120268cfbfc9) (TextScriptImporter) -> (artifact id: 'e07d49955e23fcc39e799189a37025ad') in 0.000834667 seconds
Start importing Packages/com.unity.modules.audio/package.json using Guid(e9df95f53f1c1d0c9199e235d6c42b50) (PackageManifestImporter) -> (artifact id: 'c1383535ca51134cf99f71392e8eeead') in 0.000717833 seconds
Start importing Packages/com.unity.ext.nunit/LICENSE.md using Guid(f91a00d2dca52b843b2d50ccf750737d) (TextScriptImporter) -> (artifact id: '55298590a2352299e08e2ff1f27aa1b0') in 0.000763 seconds
Start importing Packages/com.unity.modules.physics/package.json using Guid(1a4266815e998967becf686f9c71f0a6) (PackageManifestImporter) -> (artifact id: '1cb3c922b1dde68060b01eaebbe11061') in 0.000582625 seconds
Start importing Assets/Piglet/Dependencies/Json.NET/README.txt using Guid(2aab63df0dc78f14299dff930286bf18) (TextScriptImporter) -> (artifact id: '90ed1ae042236e993769754390e4483b') in 0.000620625 seconds
Start importing Packages/com.unity.burst/LICENSE.md using Guid(3adebabc9c53348aab08029333dba930) (TextScriptImporter) -> (artifact id: 'd264b669ea15005bcef2308f8066e86e') in 0.000955959 seconds
Start importing Packages/com.unity.render-pipelines.universal/ValidationExceptions.json using Guid(3afe581e949e3cc489c978bd8e000c4b) (TextScriptImporter) -> (artifact id: '8676c928f375d84056c4d7aea32a74f8') in 0.000708875 seconds
Start importing Packages/com.unity.render-pipelines.core/Editor/Lighting/ProbeVolume/DynamicGI/DynamicGISkyOcclusion.urtshader using Guid(5a2a534753fbdb44e96c3c78b5a6999d) (ScriptedImporter) -> (artifact id: 'f4f2db55d0b0860423a778b598159013') in 0.003018708 seconds
Start importing Packages/com.unity.render-pipelines.core/Runtime/UnifiedRayTracing/Compute/RadeonRays/README.txt using Guid(6ab740f51f5df0244bb3510f143c74ef) (TextScriptImporter) -> (artifact id: '3dc7127f9d581fb0ecd6ec8a6bf10b5d') in 0.000938834 seconds
Start importing Packages/com.unity.render-pipelines.universal-config/LICENSE.md using Guid(8a8d9e4408d3f1247884b71451a0abcf) (TextScriptImporter) -> (artifact id: '5f6be654156818ac684fb127434d5dc4') in 0.000624 seconds
Start importing Packages/com.unity.render-pipelines.core/LICENSE.md using Guid(ba4b5cdf8466e485ab792e0e4e45af25) (TextScriptImporter) -> (artifact id: 'cbf749fc26b67c615ba097e8d084c4a3') in 0.000591375 seconds
Start importing Packages/com.unity.modules.unitywebrequestaudio/package.json using Guid(4b518b37798c97b0f860962cbf615533) (PackageManifestImporter) -> (artifact id: '98dafba2d177b397506e0cbf99bf2533') in 0.000550625 seconds
Start importing Packages/com.unity.render-pipelines.core/Tests/Editor/RenderPipeline/SettingsStrippingResults/no_strippers_active_no_settings.json using Guid(dbc864b8cdd37be4e8900a8efad3efc5) (TextScriptImporter) -> (artifact id: '7c395ed94f17782f9d6d2e2bc430e142') in 0.00061325 seconds
Start importing Packages/com.unity.render-pipelines.core/Tests/Editor/UnifiedRayTracing/TraceRaysAndFetchAttributes.urtshader using Guid(fbc59f55df2416344b008dc23753cae2) (ScriptedImporter) -> (artifact id: '5943b6665ea7658ceec6c43ef5a29991') in 0.002302833 seconds
Start importing Packages/com.unity.searcher/CHANGELOG.md using Guid(0ce03cb7950ade54ab84650691ce7a38) (TextScriptImporter) -> (artifact id: 'a9db7eaa315fd0b07f300c471b9307b7') in 0.000830291 seconds
Start importing Packages/com.unity.render-pipelines.core/Editor/ScriptTemplates/BlitSRP.txt using Guid(0c69256ff57964383b6408cfd6119fb3) (TextScriptImporter) -> (artifact id: 'ac577b8f342759c518e087b1be22f5fd') in 0.000634625 seconds
Start importing Packages/com.unity.test-framework.performance/CHANGELOG.md using Guid(5cb0d418e2eda6f4a8ebfe6910c17dd4) (TextScriptImporter) -> (artifact id: '3436c06b2726384414a57b49a5354c10') in 0.000736917 seconds
Start importing Packages/com.unity.test-framework.performance/LICENSE.md using Guid(9c8887056eaaa7e4888ca0131e2892da) (TextScriptImporter) -> (artifact id: '94c44230087ad053bedd3bffe6bba333') in 0.000688 seconds
Start importing Assets/Piglet/Dependencies/Json.NET/LICENSE.txt using Guid(cc570236534c72040a08a105c223c752) (TextScriptImporter) -> (artifact id: '9dd03f60891b3d67f451cc1b584637f7') in 0.000461042 seconds
Start importing Packages/com.unity.ugui/LICENSE.md using Guid(4d3d51749e989f747b2674e0b4d9b3d7) (TextScriptImporter) -> (artifact id: 'ae566241d6b201e35280c27d51ece7ee') in 0.000540708 seconds
Start importing Packages/com.unity.ext.nunit/README.md using Guid(5da62a0c1c5218c4aa16b74546a7822d) (TextScriptImporter) -> (artifact id: 'ebd2415c4602e9e8df3bcf5433f75a5e') in 0.000752792 seconds
Start importing Packages/com.unity.modules.terrain/package.json using Guid(6d56244f8c39a851975d3c0bd432c66f) (PackageManifestImporter) -> (artifact id: '3f1b9b8e3d3749c6eb00f5f51e43e5e8') in 0.000421083 seconds
Start importing Packages/com.unity.render-pipelines.universal/Runtime/RendererFeatures/SurfaceCacheGI/SurfaceCacheCore/RestirCandidateTemporal.urtshader using Guid(ad3a9f9982f8c4f4a839a78955e78458) (ScriptedImporter) -> (artifact id: '03f14f2e1ddba5ee6aef7948a4b70c26') in 0.003180333 seconds
Start importing Packages/com.unity.collections/package.json using Guid(bd605698a338c4de88bb5b3c4632af68) (PackageManifestImporter) -> (artifact id: '7259b18c7740ce0b5568a424fd97c79a') in 0.000769459 seconds
Start importing Packages/com.unity.modules.androidjni/package.json using Guid(bd1af0a6633ee94ae21c7d1d702cdc12) (PackageManifestImporter) -> (artifact id: '77e348636bfe8bd6243eab02700a8101') in 0.000659041 seconds
Start importing Packages/com.unity.render-pipelines.core/Tests/Editor/RenderPipeline/SettingsStrippingResults/RemoveAStripper_A_B_C.json using Guid(bd5d01b5acb573241ba5d80705a999f3) (TextScriptImporter) -> (artifact id: 'a21c5cc9e5c527926b177714a3454443') in 0.000734125 seconds
Start importing Packages/com.unity.render-pipelines.core/Tests/Editor/ShaderStripping/Results/UI_Default_Sprites_Default_5_0.json using Guid(edc0bb404a0b82742bb56f3c56b35ff4) (TextScriptImporter) -> (artifact id: 'f26b9ed26c25c59223e393ca47198c16') in 0.00070925 seconds
Start importing Packages/com.unity.ugui/PackageConversionData_Assets.json using Guid(0e0afa652c0031c48896a97b424d027b) (TextScriptImporter) -> (artifact id: '804ed7b65d087f01b748fb71ecdd6f77') in 0.000728917 seconds
Start importing Packages/com.unity.nuget.mono-cecil/CHANGELOG.md using Guid(1eb7e6f92b1d7d64ba0a48ea751728f3) (TextScriptImporter) -> (artifact id: '4c1390cdc63d6dac699fcaaee8295b96') in 0.000541333 seconds
Start importing Packages/com.unity.collections/Unity.Collections.PerformanceTests/Unity.PerformanceTesting.Benchmark/README.md using Guid(2e3a7e16dc0bd2346a2514dd143105a9) (TextScriptImporter) -> (artifact id: '2d8ec273cd61e627d91d5aab903147f7') in 0.000609709 seconds
Start importing Packages/com.unity.test-framework/LICENSE.md using Guid(3ec7596410385054a9e0bc90377fbe63) (TextScriptImporter) -> (artifact id: '0186e104071661cdf600f060f6e90c25') in 0.000509125 seconds
Start importing Packages/com.unity.render-pipelines.universal-config/CHANGELOG.md using Guid(5e031dc4f3118ad44b907737119d7ed1) (TextScriptImporter) -> (artifact id: '6aecb873ddfa687996c2814c4f9c2114') in 0.000637042 seconds
Start importing Packages/com.unity.mathematics/ValidationExceptions.json using Guid(5ed727127196a4ecc90e24e2cd7af338) (TextScriptImporter) -> (artifact id: '4cc76c19a2de3daa0998756408ae203b') in 0.000634417 seconds
Start importing Packages/com.unity.modules.animation/package.json using Guid(7ef8348b8ea834d7e1bc214b07f7fb87) (PackageManifestImporter) -> (artifact id: '6f8c40590fe7a07ea55c411294e18595') in 0.0004315 seconds
Start importing Packages/com.unity.nuget.mono-cecil/README.md using Guid(beaa90bac8bb70d439d582bca35465cb) (TextScriptImporter) -> (artifact id: 'ff3829100b7fb7af99a5e40096540b02') in 0.000622875 seconds
Start importing Packages/com.unity.render-pipelines.universal/Editor/RendererFeatures/NewPostProcessVolumeComponent.cs.txt using Guid(de03ee604e709ec44b8356ef5776a893) (TextScriptImporter) -> (artifact id: 'ebaf6c8369708d418f833efd7ec8ea8c') in 0.000642416 seconds
Start importing Packages/com.unity.render-pipelines.universal/LICENSE.md using Guid(eecaac92122b4407f8bf4998e8708aee) (TextScriptImporter) -> (artifact id: '49ca42a80feb51d4198d83afdc547c84') in 0.000646375 seconds
Start importing Packages/com.unity.render-pipelines.core/THIRD PARTY NOTICES.md using Guid(eefc64b67f7aad040905b2000990f5f3) (TextScriptImporter) -> (artifact id: '413155e29d7bd2f271b20187dd1b556a') in 0.000606959 seconds
Start importing Packages/com.unity.collections/pvpExceptions.json using Guid(fee59c2b2318a7e4fa7a2c2af28d9553) (TextScriptImporter) -> (artifact id: 'b3fc5991a944805a1264cd70468482ad') in 0.000691209 seconds
Start importing Packages/com.unity.render-pipelines.universal/Third Party Notices.md using Guid(feee7af7dbba54f55abd26b21ca99071) (TextScriptImporter) -> (artifact id: 'ce43c6b0fa1fb40c867d7a532fb0bcd3') in 0.000503084 seconds
Start importing Packages/com.unity.burst/Unity.Burst.Unsafe.xml using Guid(1f35a383fc36434aaf9e13a75fba3b24) (TextScriptImporter) -> (artifact id: 'ff3d38efe50ba85b8e613e8b40a302c6') in 0.000581 seconds
Start importing Assets/Piglet/Extras/README.txt using Guid(1f7d4a6b4de646e4e92bd658f474ddc9) (TextScriptImporter) -> (artifact id: '00ca6fe648d30a0ab18c95a6295d8341') in 0.000543833 seconds
Start importing Packages/com.unity.render-pipelines.core/Tests/Editor/RenderPipeline/SettingsStrippingResults/WrongStripper_A_B_C.json using Guid(2fe8312442a2a0d45b36a4263a7b0849) (TextScriptImporter) -> (artifact id: '356c5133c549f8761907526d5a34394d') in 0.000553542 seconds
Start importing Packages/com.unity.render-pipelines.universal/ValidationConfig.json using Guid(3f7d69b580ef4c288896687cfed86996) (TextScriptImporter) -> (artifact id: '17fffaa824e2105950f6ff2941394512') in 0.00094225 seconds
Start importing Packages/com.unity.modules.unitywebrequest/package.json using Guid(3fdd83b151eb8d25c5e2f82fc39dcb04) (PackageManifestImporter) -> (artifact id: 'a6e7722c122643716a8f177ff1b191bb') in 0.000677 seconds
Start importing Packages/com.unity.collections/ValidationExceptions.json using Guid(6fe576033d6a2424c888d599967457a2) (TextScriptImporter) -> (artifact id: 'b8a1a3c61391e93450a34b7ee0eb7ab9') in 0.000747792 seconds
Start importing Packages/com.unity.nuget.mono-cecil/LICENSE.md using Guid(9fc87c3ee46f3b34e97e18e4fcac8151) (TextScriptImporter) -> (artifact id: '13db5c1c52a2323cebee3d982604db8f') in 0.000408583 seconds
Start importing Packages/com.unity.collections/README.md using Guid(af5aad29a2c56fd449428c9041fc68bb) (TextScriptImporter) -> (artifact id: 'abc237ae162c991a85f60885f7f75ab1') in 0.000685959 seconds
Start importing Assets/Piglet/Documentation/index.md using Guid(bf608d22759ce3244b8036714a4ea3f7) (TextScriptImporter) -> (artifact id: 'a438779eaab04df5555302b3c8ec37f9') in 0.000810625 seconds
Start importing Packages/com.unity.modules.ui/package.json using Guid(bfd567a3d1631a761bca9e99fa53d86d) (PackageManifestImporter) -> (artifact id: '279189e7cd82f2da7fbbe656319204cf') in 0.000674166 seconds
Start importing Packages/com.unity.ext.nunit/Third Party Notices.md using Guid(bfcb3ba499f7d452b92d9a9cc3378788) (TextScriptImporter) -> (artifact id: 'a0ad95160bf24b81a3492900b4dce76e') in 0.000591666 seconds
Start importing Packages/com.unity.render-pipelines.core/Editor/Lighting/ProbeVolume/VirtualOffset/TraceVirtualOffset.urtshader using Guid(ff2cbab5da58bf04d82c5f34037ed123) (ScriptedImporter) -> (artifact id: 'e863676bd1aee30692c725c2cc338a62') in 0.003351875 seconds
Start importing Packages/com.unity.render-pipelines.core/Runtime/Debugging/Prefabs/Widgets/DebugUIMessageBox.prefab using Guid(10a25524b0986f9488b430e2829bbbe8) (PrefabImporter) -> (artifact id: '2529a6e3f52fd1c781d9f2036e351de9') in 0.005506667 seconds
Start importing Packages/com.unity.render-pipelines.core/Runtime/Debugging/Prefabs/Widgets/DebugUIToggleHistory.prefab using Guid(5088d0220f0c4df439cf06c5c270eacb) (PrefabImporter) -> (artifact id: '525a849049822a96aff9be2cdad79037') in 0.005642125 seconds
Start importing Packages/com.unity.render-pipelines.core/Runtime/Debugging/Prefabs/Widgets/DebugUIVector2.prefab using Guid(326f7c58aed965d41bf7805a782d1e44) (PrefabImporter) -> (artifact id: '6012fb9933fe45f691587eb6dff8da0e') in 0.003962125 seconds
Start importing Packages/com.unity.render-pipelines.core/Runtime/Debugging/Prefabs/Widgets/DebugUIHandlerRenderingLayerField.prefab using Guid(928d1ca04af80c84e8d5dabc18095d79) (PrefabImporter) -> (artifact id: '8f430a4d4efc9f476e39be8181ef16eb') in 0.015627416 seconds
Start importing Packages/com.unity.render-pipelines.core/Runtime/Debugging/Prefabs/Widgets/DebugUIValueTuple.prefab using Guid(a2148203dd960814ca5db0c293ceda35) (PrefabImporter) -> (artifact id: '7311129e75e5069cc22f51ae857f68b5') in 0.001931125 seconds
Start importing Packages/com.unity.render-pipelines.core/Runtime/Debugging/Prefabs/Widgets/DebugUIEnumHistory.prefab using Guid(b2da6b27df236b144b3516ed8e7d36ac) (PrefabImporter) -> (artifact id: '55cff24757b2e54ed34b5ea24892c266') in 0.001575041 seconds
Start importing Packages/com.unity.render-pipelines.core/Runtime/Debugging/Prefabs/Widgets/DebugUIUIntField.prefab using Guid(f22bcc84a5f4a1944b075a2c4ac71493) (PrefabImporter) -> (artifact id: '10761040243a1be6b826bb787c52e632') in 0.002822584 seconds
Start importing Packages/com.unity.render-pipelines.core/Runtime/Debugging/Prefabs/Widgets/DebugUIProgressBar.prefab using Guid(d3770aaa3bbd8384aabab9ddd383e21e) (PrefabImporter) -> (artifact id: '532283c848ed06270c07ddd6623ba17f') in 0.001274459 seconds
Start importing Packages/com.unity.render-pipelines.core/Runtime/Debugging/Prefabs/Widgets/DebugUIVector3.prefab using Guid(94afea5f242d72547979595ba963f335) (PrefabImporter) -> (artifact id: 'b09f7d3c4af4f9864d844c0c95bb2b6c') in 0.002470959 seconds
Start importing Packages/com.unity.render-pipelines.core/Runtime/Debugging/Prefabs/Widgets/DebugUIVector4.prefab using Guid(d47f009476100f545971a81ede14c750) (PrefabImporter) -> (artifact id: 'f674d70d444da669d4485ae348ac20bb') in 0.002816708 seconds
Start importing Packages/com.unity.render-pipelines.universal/Tests/Editor/Tools/Converters/ReadonlyMaterialConverter/Cube.prefab using Guid(95cb9745d0f90ed4cb2976ad2147b05d) (PrefabImporter) -> (artifact id: '3e867e30ff07d7a2f417e37405d2812c') in 0.002493375 seconds
Start importing Packages/com.unity.render-pipelines.core/Runtime/Debugging/Prefabs/Resources/DebugUIPersistentCanvas.prefab using Guid(f6b1a0fe75d5009449cf55ae76220e2b) (PrefabImporter) -> (artifact id: '17faee91fcf8f5d62a27557e171eaa21') in 0.00337025 seconds
Start importing Packages/com.unity.render-pipelines.core/Runtime/Debugging/Prefabs/Widgets/DebugUIButton.prefab using Guid(f6ce33b91f6ffe54cadacbf4bb112440) (PrefabImporter) -> (artifact id: 'c72464b4a83abdd37f2c607812b8896d') in 0.001377083 seconds
Start importing Packages/com.unity.render-pipelines.core/Runtime/Debugging/Prefabs/Widgets/DebugUIColor.prefab using Guid(77c185820dd1a464eac89cae3abccddf) (PrefabImporter) -> (artifact id: '09547a43400c87c159569516b3cba2b4') in 0.002696542 seconds
Start importing Packages/com.unity.render-pipelines.core/Runtime/Debugging/Prefabs/Widgets/DebugUIValuePersistent.prefab using Guid(8778e6b26b51c6a4999b94d7cacd8b5d) (PrefabImporter) -> (artifact id: 'dfd5113db165c283be461192ec58f2cd') in 0.001517167 seconds
Start importing Packages/com.unity.render-pipelines.core/Runtime/Debugging/Prefabs/Widgets/DebugUIHBox.prefab using Guid(f7f5e36797cf0c1408561665c67b179b) (PrefabImporter) -> (artifact id: '9b1daa27e385bb140e2196471c55c037') in 0.001321583 seconds
Start importing Packages/com.unity.render-pipelines.core/Runtime/Debugging/Prefabs/Widgets/DebugUIGroup.prefab using Guid(38a07789c9e87004dad98c2909f58369) (PrefabImporter) -> (artifact id: '0f7266bafa6a578ab6798d220f57b163') in 0.001296417 seconds
Start importing Packages/com.unity.render-pipelines.core/Runtime/Debugging/Prefabs/Widgets/DebugUIObjectPopupField.prefab using Guid(48fb043c850cadc4a883b53785e14c6e) (PrefabImporter) -> (artifact id: '7f66197973a3f95c9734954421454e84') in 0.001326958 seconds
Start importing Packages/com.unity.render-pipelines.core/Runtime/Debugging/Prefabs/Widgets/DebugUIEnumField.prefab using Guid(988db55689193434fb0b3b89538f978f) (PrefabImporter) -> (artifact id: 'ba470cbac19b89d75b6321f497c2d893') in 0.001249375 seconds
Start importing Packages/com.unity.render-pipelines.core/Runtime/Debugging/Prefabs/Widgets/DebugUIObject.prefab using Guid(a87cfaef648f17c41b568e842e068c51) (PrefabImporter) -> (artifact id: '13ac4ebecfc774f4e78f97e57b17c277') in 0.00127175 seconds
Start importing Packages/com.unity.render-pipelines.core/Runtime/Debugging/Prefabs/Widgets/DebugUIFloatField.prefab using Guid(d8c744701b43c864b88e7f8144e19bc5) (PrefabImporter) -> (artifact id: 'd3c73b63a9f9ecf490e7ac73887d02d1') in 0.001547417 seconds
Start importing Packages/com.unity.render-pipelines.core/Runtime/Debugging/Prefabs/Widgets/DebugUIVBox.prefab using Guid(ca3e294656861a64b8aeeb9f916da0a9) (PrefabImporter) -> (artifact id: 'a341d5fd4c07c44fa91e200462cae40b') in 0.001508625 seconds
Start importing Packages/com.unity.render-pipelines.core/Runtime/Debugging/Prefabs/Widgets/DebugUIPanel.prefab using Guid(daa46a58178a6ad41ae1ddc2dc7f856d) (PrefabImporter) -> (artifact id: '62cb9a82e5fc3fa6c93cb2ee94384bfe') in 0.006439375 seconds
Start importing Packages/com.unity.render-pipelines.core/Runtime/Debugging/Prefabs/Widgets/DebugUIFoldout.prefab using Guid(1c87ab2ce8b8b304d98fbe9a734b1f74) (PrefabImporter) -> (artifact id: '20721c68d5e04122ca7aef44bac56651') in 0.001728542 seconds
Start importing Packages/com.unity.render-pipelines.core/Runtime/Debugging/Prefabs/Widgets/DebugUIBitField.prefab using Guid(7c78b588b2e1f7c4a86ca4a985cf6e4a) (PrefabImporter) -> (artifact id: '67f814f7f9a9a2e5fa54abb770266236') in 0.013251958 seconds
Start importing Packages/com.unity.render-pipelines.core/Runtime/Debugging/Prefabs/Widgets/DebugUIValue.prefab using Guid(dc0f88987826e6e48b1fe9c7c2b53a53) (PrefabImporter) -> (artifact id: 'a39e7558951160a2cea43e65ae4e1a40') in 0.001600084 seconds
Start importing Packages/com.unity.render-pipelines.core/Runtime/Debugging/Prefabs/Widgets/DebugUIRow.prefab using Guid(2d019437ff89b8d44949727731cd9357) (PrefabImporter) -> (artifact id: 'ccd974bd584f527fa76e6f0c116ff3c9') in 0.001568666 seconds
Start importing Packages/com.unity.render-pipelines.core/Runtime/Debugging/Prefabs/Widgets/DebugUIObjectList.prefab using Guid(ad83bc56407925d44a77a5bd01cd6783) (PrefabImporter) -> (artifact id: '757369b80aa6e1ac3d09df04654ba55a') in 0.0014115 seconds
Start importing Packages/com.unity.render-pipelines.core/Runtime/Debugging/Prefabs/Widgets/DebugUIIntField.prefab using Guid(ae00bb75e0cd5b04b8fe7fb4ab662629) (PrefabImporter) -> (artifact id: '1d2b99146c214aa094e27f2ba05dc7c4') in 0.001595084 seconds
Start importing Packages/com.unity.render-pipelines.core/Runtime/Debugging/Prefabs/Widgets/DebugUIToggle.prefab using Guid(ce347ad101f41ee4ab5c3fbc0ea447db) (PrefabImporter) -> (artifact id: 'af79da3636552754734b3b63cd5a48b4') in 0.001105542 seconds
Start importing Packages/com.unity.render-pipelines.core/Runtime/Debugging/Prefabs/Resources/DebugUICanvas.prefab using Guid(cf6cbdd672089a84796e55a21fed1cbe) (PrefabImporter) -> (artifact id: '64867316862b75b07a5d60db6ccca513') in 0.024261208 seconds
Start importing Packages/com.unity.shadergraph/Editor/Resources/Styles/SGBlackboard.uss using Guid(00d735264dc3c1849bf2ee8dec95ec39) (ScriptedImporter) -> (artifact id: '679a974ecae95d3671376545506969c9') in 0.041694708 seconds
Start importing Packages/com.unity.render-pipelines.core/Editor/StyleSheets/HeaderFoldout.uss using Guid(20e417e1ec9645d44ad61671212c15f7) (ScriptedImporter) -> (artifact id: 'fe56346edbb9a285b6fb387b17b6da1f') in 0.012233875 seconds
Start importing Packages/com.unity.shadergraph/Editor/Resources/Styles/Controls/IntegerControlView.uss using Guid(600766c36ef866641959f10610a7ee4f) (ScriptedImporter) -> (artifact id: '2b64f980d5b6b933157a1d1eb54516d8') in 0.001925709 seconds
Start importing Packages/com.unity.render-pipelines.universal/Editor/Converter/converter_widget_main.uss using Guid(012f251bbb5d36246a87499f75dd8b24) (ScriptedImporter) -> (artifact id: '8e939beb482db4a9c29d6fa2346cbf93') in 0.001593541 seconds
Start importing Packages/com.unity.shadergraph/Editor/Resources/Resizable.uss using Guid(419e3929026046a4797ab0c35f33a788) (ScriptedImporter) -> (artifact id: '3e1861abfb111fffe9f1bcab5a411ce7') in 0.002419875 seconds
Start importing Packages/com.unity.shadergraph/Editor/Resources/Styles/Controls/ScreenPositionSlotControlView.uss using Guid(61a89c57c8aee6c43ac9433a7a5dbf9e) (ScriptedImporter) -> (artifact id: '811418541aee5858989217f0e28dfb43') in 0.001313042 seconds
Start importing Packages/com.unity.shadergraph/Editor/Resources/Styles/PixelCacheProfiler.uss using Guid(61cf67e9c1f54ceab08d2bd16ffd3c53) (ScriptedImporter) -> (artifact id: 'a787d9ed46d6ea84c706cde0d27f0f66') in 0.001504125 seconds
Start importing Packages/com.unity.shadergraph/Editor/Resources/Styles/Controls/CubemapSlotControlView.uss using Guid(81f64e9003fb9674889a56938f078eb0) (ScriptedImporter) -> (artifact id: 'df61a52f0323c7452b78f163e5849c57') in 0.001437209 seconds
Start importing Packages/com.unity.shadergraph/Editor/Resources/Styles/MasterPreviewView.uss using Guid(a141d7b330b4c764ab25b2ba4ac38b2f) (ScriptedImporter) -> (artifact id: 'c5b5704039112a9fbff93adde842ee9e') in 0.00262025 seconds
Start importing Packages/com.unity.shadergraph/Editor/Resources/Styles/RedirectNode.uss using Guid(e1a4e0aa330ca2f43b4625b248a0539e) (ScriptedImporter) -> (artifact id: '8537a848e444c79edb4b937a447fdafa') in 0.003044375 seconds
Start importing Packages/com.unity.shadergraph/Editor/Resources/Styles/Controls/TextureArraySlotControlView.uss using Guid(223e574ec2e9a40e690b2d94380057cf) (ScriptedImporter) -> (artifact id: '0d1f8d1cda305e373be07adc266c2f13') in 0.001404083 seconds
Start importing Packages/com.unity.render-pipelines.core/Editor/StyleSheets/RenderPipelineGlobalSettings.uss using Guid(925e22fd08389624bbc859935ca73339) (ScriptedImporter) -> (artifact id: '00255e12eac4770bd0257fddaf1c3f55') in 0.001632584 seconds
Start importing Packages/com.unity.render-pipelines.universal/Editor/Converter/converter_editor.uss using Guid(0356b27d63ed56a4c9b6fa5b729c89f8) (ScriptedImporter) -> (artifact id: '9df631ff891044685b6aa930783ffec9') in 0.001613791 seconds
Start importing Packages/com.unity.shadergraph/Editor/Resources/Styles/ShaderPort.uss using Guid(736551d82e9cda54b8f6f606ebc6de27) (ScriptedImporter) -> (artifact id: '7d0cf9aa09ce30e51f47498278d121ec') in 0.005579375 seconds
Start importing Packages/com.unity.render-pipelines.core/Editor/StyleSheets/DefaultVolumeProfileEditor.uss using Guid(83a028a39a272694784e78db21cff69b) (ScriptedImporter) -> (artifact id: 'c72e3dcf7738a92d1fef2c491f2f8473') in 0.002099958 seconds
Start importing Packages/com.unity.shadergraph/Editor/Resources/Styles/PropertyNameReferenceField.uss using Guid(93842094f0dbac941bac7d2af67241b3) (ScriptedImporter) -> (artifact id: 'ec7e9ea31c73b96b27fb31a59b044608') in 0.001520292 seconds
Start importing Packages/com.unity.shadergraph/Editor/Resources/Styles/HeatmapValuesEditor.uss using Guid(54f2b0dd16c64e699842f28e948cc04b) (ScriptedImporter) -> (artifact id: 'd18e0d6a0bd630fdbe4412cd9dc25e33') in 0.001526375 seconds
Start importing Packages/com.unity.shadergraph/Editor/Resources/Styles/UITKMasterNodePreview.uss using Guid(7471d1c0502da124ba03a8b0379a265e) (ScriptedImporter) -> (artifact id: '1f41bf6fb0512bc782dc1d4cf0544d78') in 0.004478125 seconds
Start importing Packages/com.unity.shadergraph/Editor/Resources/Styles/GraphSubWindow.uss using Guid(74741f330ea4fe848977aa5900880f7b) (ScriptedImporter) -> (artifact id: '3b9d1be6f1be77f44cd045a6e1465cb8') in 0.003478125 seconds
Start importing Packages/com.unity.shadergraph/Editor/Resources/Styles/MaterialNodeView.uss using Guid(c47827ee6a0eadd4288dede8e3993da3) (ScriptedImporter) -> (artifact id: '35cf5e1b398f3ea46b5959c9d8cd412f') in 0.006014042 seconds
Start importing Packages/com.unity.shadergraph/Editor/Resources/Styles/Controls/SliderControlView.uss using Guid(e425c4562a777aa40a6daed5f97d03b7) (ScriptedImporter) -> (artifact id: '24d3c69c62a77e5653b77009067ce52b') in 0.002074 seconds
Start importing Packages/com.unity.shadergraph/Editor/Resources/Styles/PropertyNodeView.uss using Guid(0620899e56d69964ba2cbda1de01bbe2) (ScriptedImporter) -> (artifact id: '598b7af103982579fe7082892b193fae') in 0.002011875 seconds
Start importing Packages/com.unity.shadergraph/Editor/Resources/Styles/MaterialGraph.uss using Guid(466e6b269ff1900438e46c66af51cef8) (ScriptedImporter) -> (artifact id: '159f0dc0edd403bf037c0b7d5d972635') in 0.001255167 seconds
Start importing Packages/com.unity.shadergraph/Editor/Resources/Styles/Controls/PopupControlView.uss using Guid(5632d12a476944a4c96410178f559fd3) (ScriptedImporter) -> (artifact id: '74c8ed96ccb9fdab341a909c41c8d62e') in 0.001397792 seconds
Start importing Packages/com.unity.shadergraph/Editor/Resources/Styles/Controls/GradientSlotControlView.uss using Guid(76dc05b36584d4d0085b786ca1b29fe3) (ScriptedImporter) -> (artifact id: '054914a2857f7b304cddc71588e13254') in 0.001139 seconds
Start importing Packages/com.unity.shadergraph/Editor/Resources/Styles/ReorderableSlotListView.uss using Guid(86af34a821ab1e64aa04298dc9cafb4e) (ScriptedImporter) -> (artifact id: '62e665eb6d811d22ab07c70e61cc7ab1') in 0.001082875 seconds
Start importing Packages/com.unity.shadergraph/Editor/Resources/Styles/Controls/EnumConversionControlView.uss using Guid(96e6e59ca33b02f4e816a4693a642883) (ScriptedImporter) -> (artifact id: '28def985949651fb5a8bea690ada09bb') in 0.001508792 seconds
Start importing Packages/com.unity.shadergraph/Editor/Resources/Styles/Controls/ColorRGBASlotControlView.uss using Guid(a690636bb8883ea4db5f27192551b973) (ScriptedImporter) -> (artifact id: '3b687eb5f640796c1812baa0dd918086') in 0.001483375 seconds
Start importing Packages/com.unity.shadergraph/Editor/Resources/Styles/Controls/DielectricSpecularControlView.uss using Guid(b6e0d19d1d9f531419f20cd97c102ad5) (ScriptedImporter) -> (artifact id: '9470b92e7f6e7cec1dee3e141afc5d67') in 0.002519208 seconds
Start importing Packages/com.unity.shadergraph/Editor/Resources/Styles/Controls/TextControlView.uss using Guid(b60919d98f4e6f54681012e4d7ad2a01) (ScriptedImporter) -> (artifact id: 'a0175f86d6cffebfdca7ce93d01f9f54') in 0.002133334 seconds
Start importing Packages/com.unity.shadergraph/Editor/Resources/Styles/HlslFunctionView.uss using Guid(c6a3af95768504ef29093f7793eaf5f9) (ScriptedImporter) -> (artifact id: '85b749f48e80276e507e18dccee159a4') in 0.0042515 seconds
Start importing Packages/com.unity.shadergraph/Editor/Resources/Styles/CustomSlotLabelField.uss using Guid(07b35fab3034b5b4f92ad33b949d4340) (ScriptedImporter) -> (artifact id: '9acf936f0319520b1ab85aa1dd11897e') in 0.00132275 seconds
Start importing Packages/com.unity.render-pipelines.core/Editor/StyleSheets/RenderGraphViewerDark.uss using Guid(a74acab1c36b3344e95480f4d42afd55) (ScriptedImporter) -> (artifact id: 'f1b52dbc272b25385e35682914ee6beb') in 0.011527 seconds
Start importing Packages/com.unity.shadergraph/Editor/Resources/Styles/Controls/BooleanSlotControlView.uss using Guid(c72bf0f50e306d944a1e48a2bb299082) (ScriptedImporter) -> (artifact id: '00b1f45bb787816b14d92693a2f86531') in 0.001878917 seconds
Start importing Packages/com.unity.render-pipelines.core/Editor/LookDev/DisplayWindow.uss using Guid(e78887bb3654fde48bc3bc31beb7c7e4) (ScriptedImporter) -> (artifact id: '8c82c45b0604067614d54080a7a46e5a') in 0.008924125 seconds
Start importing Packages/com.unity.shadergraph/Editor/Resources/Styles/InspectorView.uss using Guid(485099284bca84dcfbf9af86eb599f6f) (ScriptedImporter) -> (artifact id: 'cf98658f5ebcad59f2329af5164cead6') in 0.003729375 seconds
Start importing Packages/com.unity.shadergraph/Editor/Resources/Selectable.uss using Guid(58c573829af3c7c44aaf7d3125df048a) (ScriptedImporter) -> (artifact id: 'a3d360625e93a7414fbe882d10e2b17b') in 0.003921709 seconds
Start importing Packages/com.unity.shadergraph/Editor/Resources/Styles/Controls/MultiFloatControlView.uss using Guid(88a2f14704b95c04489527404f433249) (ScriptedImporter) -> (artifact id: 'd84d892f0ad2755ed7f5981dd019f3fe') in 0.002793959 seconds
Start importing Packages/com.unity.shadergraph/Editor/Resources/Styles/Controls/EnumControlView.uss using Guid(98e35cb4631356142bd2f27a5a31543e) (ScriptedImporter) -> (artifact id: 'a7747c0e90036eb1ca52208b1107869d') in 0.001675333 seconds
Start importing Packages/com.unity.shadergraph/Editor/Resources/Styles/GraphEditorView.uss using Guid(c8974112dad54614f894afd0042d3a60) (ScriptedImporter) -> (artifact id: '605144deb9021887d808fe875681d0db') in 0.006121625 seconds
Start importing Packages/com.unity.shadergraph/Editor/Resources/Styles/Controls/MultiFloatSlotControlView.uss using Guid(191128023ec19d143b9328a73ff33d8c) (ScriptedImporter) -> (artifact id: '1d616813e314174ade26ec9fef502dbb') in 0.001701625 seconds
Start importing Packages/com.unity.shadergraph/Editor/Resources/StickyNote.uss using Guid(49f440ce949d5b944bccdfef70f2aca7) (ScriptedImporter) -> (artifact id: '255291656c04f04341e96ced4079172a') in 0.00601225 seconds
Start importing Packages/com.unity.shadergraph/Editor/Resources/Styles/NodeSettings.uss using Guid(59bba4c88ab5f464d9a8f51088561c48) (ScriptedImporter) -> (artifact id: '4e1e17e479d801be67c3d03c099f12d4') in 0.001732542 seconds
Start importing Packages/com.unity.shadergraph/Editor/Resources/Styles/Controls/TextureSlotControlView.uss using Guid(69d9130ff4b1d8847904bf9579adc7e0) (ScriptedImporter) -> (artifact id: '41e5feba403726b7a08ea17562c196d6') in 0.001318833 seconds
Start importing Packages/com.unity.shadergraph/Editor/Resources/Styles/Controls/UVSlotControlView.uss using Guid(79edeef1474952e41b017ad4ac812f5e) (ScriptedImporter) -> (artifact id: 'ee869cf43ac9a305f84a3ac58ac4ce34') in 0.0012785 seconds
Start importing Packages/com.unity.shadergraph/Editor/Resources/Styles/Controls/ChannelMixerControlView.uss using Guid(99d6d41531ec36841953987e7ae78317) (ScriptedImporter) -> (artifact id: 'c57b5b981798c244b2b2b144547f7070') in 0.002288083 seconds
Start importing Packages/com.unity.shadergraph/Editor/Resources/Styles/MaterialGraphView.uss using Guid(c95091ab1e1b926498a5938a7d0e1ef6) (ScriptedImporter) -> (artifact id: 'd919af0d66287bac0807af717cd796a6') in 0.001179667 seconds
Start importing Packages/com.unity.shadergraph/Editor/Resources/Styles/ColorMode.uss using Guid(d9a970c4d408c408b888ee0caa8403eb) (ScriptedImporter) -> (artifact id: '3505e0f12844f80daa3a70c096e41a73') in 0.002312042 seconds
Start importing Packages/com.unity.shadergraph/Editor/Resources/Styles/PropertyRow.uss using Guid(2af887df8cf23de4f9bf550f4e917c18) (ScriptedImporter) -> (artifact id: 'dd70f56617e5ad860cd130f697cd265b') in 0.002595375 seconds
Start importing Packages/com.unity.shadergraph/Editor/Resources/Styles/Controls/ToggleControlView.uss using Guid(8a80fd0ae214be84187160e65df52a8c) (ScriptedImporter) -> (artifact id: 'b2780de8278e27f5d11c3fb850cee2f9') in 0.001557959 seconds
Start importing Packages/com.unity.shadergraph/Editor/Resources/Styles/Controls/MultiIntegerSlotControlView.uss using Guid(da559d27fc411114ab78e3561b55270a) (ScriptedImporter) -> (artifact id: '6bc7ad337cb1cc357393d42e5d7fd1e3') in 0.001452417 seconds
Start importing Packages/com.unity.shadergraph/Editor/Resources/Styles/Controls/ColorControlView.uss using Guid(4b038bc8dced2a440bc294aeff20a4ac) (ScriptedImporter) -> (artifact id: 'ee2bf1923ba5c78352836c5e287a345f') in 0.001608792 seconds
Start importing Packages/com.unity.render-pipelines.core/Editor/StyleSheets/HelpButton.uss using Guid(4b3af3115f6d00b41a5655ef26d54683) (ScriptedImporter) -> (artifact id: '842599868af38f0fff89dfc612a23dce') in 0.001718959 seconds
Start importing Packages/com.unity.render-pipelines.core/Editor/StyleSheets/RenderGraphViewerLight.uss using Guid(8bf46326c944b984c9084f09aef9b2e2) (ScriptedImporter) -> (artifact id: '6c5a7e65808626c54033b3482f44a2d1') in 0.006069875 seconds
Start importing Packages/com.unity.shadergraph/Editor/Resources/Styles/PortInputView.uss using Guid(1cea6b2114919574aac870488908a2e0) (ScriptedImporter) -> (artifact id: 'c16b5bd369df7b125d81fde0a04e73bb') in 0.005008875 seconds
Start importing Packages/com.unity.render-pipelines.core/Editor/LookDev/DisplayWindow-PersonalSkin.uss using Guid(7c95237923780ad4683f959f53629b60) (ScriptedImporter) -> (artifact id: 'c412e87127dbc10f41d22cfdcd66c74e') in 0.002400333 seconds
Start importing Packages/com.unity.shadergraph/Editor/Resources/Styles/PropertySheet.uss using Guid(acd20f0eca2b65544b43e657d5d713fe) (ScriptedImporter) -> (artifact id: '8af279a3ea610168609b6f3658e21591') in 0.00230575 seconds
Start importing Packages/com.unity.render-pipelines.core/Editor/LookDev/Inspectors.uss using Guid(ac4993c3b6160894d896820a9648ff4d) (ScriptedImporter) -> (artifact id: '3620b1f98fe563c5fac382294a435773') in 0.001527459 seconds
Start importing Packages/com.unity.render-pipelines.core/Editor/StyleSheets/HeaderFoldoutLight.uss using Guid(dc364c42ee0194a4cace7e9e86e0b9dc) (ScriptedImporter) -> (artifact id: 'a951e11d1432587c40a737871203053c') in 0.001580791 seconds
Start importing Packages/com.unity.shadergraph/Editor/Resources/Styles/Controls/ChannelEnumMaskControlView.uss using Guid(1db7b9bf1f9186d44ba7fefd3bc715c6) (ScriptedImporter) -> (artifact id: '4c5f37661ca2c215340b30f06aac7a58') in 0.001467542 seconds
Start importing Packages/com.unity.searcher/Editor/Resources/Searcher.uss using Guid(4deaa574907fd7647ab0d5bff0e9ba24) (ScriptedImporter) -> (artifact id: 'fafd03ff5dac75d3d0c03220d9977bf2') in 0.007360959 seconds
Start importing Packages/com.unity.shadergraph/Editor/Resources/Styles/Controls/Texture3DSlotControlView.uss using Guid(8d40f6518d8654aa4bf083cc5897f8ee) (ScriptedImporter) -> (artifact id: 'e7c001583b7927f9fa757c8435216c3b') in 0.001491292 seconds
Start importing Packages/com.unity.shadergraph/Editor/Resources/Styles/Controls/GradientControlView.uss using Guid(8d3443495105d4166996158d4b321c21) (ScriptedImporter) -> (artifact id: '337aa3b600c0851442716e945c79bb82') in 0.001331334 seconds
Start importing Packages/com.unity.shadergraph/Editor/Resources/Styles/Controls/ChannelEnumControlView.uss using Guid(8dfac6eef2d89e8428c7a79b147413db) (ScriptedImporter) -> (artifact id: '92aed5d1a6df9ca02e7752463472e07a') in 0.001493875 seconds
Start importing Packages/com.unity.render-pipelines.core/Editor/StyleSheets/VolumeEditor.uss using Guid(cd410e8cdc0119a46a753f48e79c8d07) (ScriptedImporter) -> (artifact id: '2d76d9c80f9b22fc75ccf2ccac51910a') in 0.002877959 seconds
Start importing Packages/com.unity.render-pipelines.universal/Editor/2D/LightBatchingDebugger/LightBatchingDebugger.uss using Guid(fd5cb3dd3de574f1585db92b6689f86a) (ScriptedImporter) -> (artifact id: 'bc5e6f2e1409f425b7a02b3c454110ed') in 0.003738417 seconds
Start importing Packages/com.unity.render-pipelines.core/Editor/StyleSheets/HeaderFoldoutDark.uss using Guid(2e54b39aedaf3ae4a866b97489135739) (ScriptedImporter) -> (artifact id: '000a66323aa54b1ab4053003d7df2066') in 0.001221583 seconds
Start importing Packages/com.unity.render-pipelines.core/Editor/Controls/ToggleDropdown.uss using Guid(5ff83f8997b534409b1595a0ea6750db) (ScriptedImporter) -> (artifact id: '536bd9935e798df1b0fc1e539ffde5d7') in 0.004750084 seconds
Start importing Packages/com.unity.shadergraph/Editor/Resources/Styles/Controls/ColorRGBSlotControlView.uss using Guid(5f9f1162b05e46646805842469135609) (ScriptedImporter) -> (artifact id: '4910006b62e24cd8d3e130570b15f99f') in 0.002002875 seconds
Start importing Packages/com.unity.render-pipelines.universal/Editor/Converter/converter_widget.uss using Guid(8f9ac38644e5f664ab13b4b78f1f3faa) (ScriptedImporter) -> (artifact id: '7f1b8be9de84ca74130f9b8798ec6ee3') in 0.000933958 seconds
Start importing Packages/com.unity.render-pipelines.core/Editor/StyleSheets/RenderGraphViewer.uss using Guid(cf3ac3446e9c4333b9d16ece5c21317d) (ScriptedImporter) -> (artifact id: 'ae156739f73f18efd16752288a187157') in 0.015215584 seconds
Start importing Packages/com.unity.render-pipelines.core/Editor/UXML/RenderGraphViewer.uxml using Guid(00387952e4f43ec45a9084e579a44e4e) (ScriptedImporter) -> (artifact id: 'd8e7eb14bc314915acaf37254e2fe027') in 0.021579792 seconds
Start importing Packages/com.unity.shadergraph/Editor/Resources/UXML/Blackboard/SGBlackboardRow.uxml using Guid(5029c7a42d2731a4599f3f85f37ea5a9) (ScriptedImporter) -> (artifact id: '61148a2d9c22b4b073fdcca8e0377c45') in 0.00310025 seconds
Start importing Packages/com.unity.render-pipelines.universal/Editor/Converter/converter_widget_item.uxml using Guid(c04b8c76151329e42929df320c5901fe) (ScriptedImporter) -> (artifact id: 'c0cf4919cfb9b3d296a4fe390ca32f51') in 0.003418792 seconds
Start importing Packages/com.unity.render-pipelines.core/Editor/UXML/DefaultVolumeProfileEditor.uxml using Guid(d0b4821bb729cd24fbbe0af5feaa73ab) (ScriptedImporter) -> (artifact id: 'd963a46701c0998903c4666106515a2c') in 0.002610125 seconds
Start importing Packages/com.unity.render-pipelines.core/Editor/UXML/VolumeEditor.uxml using Guid(d367e3b92ff05ac4eb99950f44cc0333) (ScriptedImporter) -> (artifact id: '722f3b15d8641525029114c396cdfbfb') in 0.003831125 seconds
Start importing Packages/com.unity.shadergraph/Editor/Resources/UXML/Blackboard/SGBlackboardField.uxml using Guid(f339e526c7fc4e14daae8819172de9de) (ScriptedImporter) -> (artifact id: 'c47715ed5fd2ab5ec308a256ba521d69') in 0.003075708 seconds
Start importing Packages/com.unity.shadergraph/Editor/Resources/UXML/StickyNote.uxml using Guid(d4cc9867eee425f4dac7d5bb91f07845) (ScriptedImporter) -> (artifact id: '24b0ff726825109c3320dc3ad1050d37') in 0.001870083 seconds
Start importing Packages/com.unity.render-pipelines.universal/Editor/2D/LightBatchingDebugger/LayerBatch.uxml using Guid(754a67c6d4788447895a4349508b2f37) (ScriptedImporter) -> (artifact id: 'b7a139d13d897bb8f79b6409601a713f') in 0.002073833 seconds
Start importing Packages/com.unity.shadergraph/Editor/Resources/UXML/NodeSettings.uxml using Guid(b70651993c98eda43810c32b7416a21b) (ScriptedImporter) -> (artifact id: 'cb187fee3f297a5f2c29dd5b14d162b0') in 0.0014075 seconds
Start importing Packages/com.unity.render-pipelines.universal/Editor/Converter/converter_editor.uxml using Guid(c700399f2adb2504dac99f1139d658f3) (ScriptedImporter) -> (artifact id: '818b0dc4a250e733b0975c99d28c20cf') in 0.004403375 seconds
Start importing Packages/com.unity.render-pipelines.universal/Editor/Converter/converter_widget.uxml using Guid(3893b5ea9974b9549aefa44bd1b99e24) (ScriptedImporter) -> (artifact id: '95e9a559d81eb2be663d597157bbda69') in 0.004791375 seconds
Start importing Packages/com.unity.shadergraph/Editor/Resources/UXML/HeatmapValuesEditor.uxml using Guid(781e1a409e314b1fb13e3605a69680ba) (ScriptedImporter) -> (artifact id: '3599c7c5eb66c71ba856f274a399b17f') in 0.005145167 seconds
Start importing Packages/com.unity.shadergraph/Editor/Resources/UXML/Blackboard/SGBlackboardCategory.uxml using Guid(98cf1ee902c59944796b97562a34faee) (ScriptedImporter) -> (artifact id: '13b419df47d183aab614e9f73740bc8a') in 0.002752334 seconds
Start importing Packages/com.unity.render-pipelines.core/Editor/UXML/RenderPipelineGlobalSettings.uxml using Guid(d8d5beb40e5c9f94f95d805868251329) (ScriptedImporter) -> (artifact id: 'f4962dedc208ecaeaf9fc4161aa84f9f') in 0.002195541 seconds
Start importing Packages/com.unity.searcher/Editor/Resources/SearcherItem.uxml using Guid(793d6318ba59ca94381b936836fe697d) (ScriptedImporter) -> (artifact id: 'ebfd34e43daf41668f383c09823c1e67') in 0.001812292 seconds
Start importing Packages/com.unity.searcher/Editor/Resources/SearcherWindow.uxml using Guid(da37dcca55e437b4a9eeebff722ad51f) (ScriptedImporter) -> (artifact id: '0545bbbc3140f6b3fa3af5c8688237ba') in 0.002285708 seconds
Start importing Packages/com.unity.render-pipelines.universal/Editor/Converter/converter_widget_main.uxml using Guid(9b40f22c604c94f438696f75a42873eb) (ScriptedImporter) -> (artifact id: '4825aa6a4e73b22ebe75b27c9bdbc13d') in 0.004728916 seconds
Start importing Packages/com.unity.shadergraph/Editor/Resources/UXML/GraphInspector.uxml using Guid(dcf0e02f89cf7c848a22002b79ce27d3) (ScriptedImporter) -> (artifact id: '0ff947f4ba236492ca1a83bc1b378df8') in 0.002439 seconds
Start importing Packages/com.unity.shadergraph/Editor/Resources/UXML/GraphSubWindow.uxml using Guid(2e461625111c0354980fca534f771ff3) (ScriptedImporter) -> (artifact id: 'eced7603c028e531741dff5fbadd6c2e') in 0.001523958 seconds
Start importing Packages/com.unity.shadergraph/Editor/Resources/UXML/Blackboard/SGBlackboard.uxml using Guid(4ee4ce39889d8db4d8c49aa84772cd12) (ScriptedImporter) -> (artifact id: 'fa3b63e2dc1fee34e9358b462fb55d09') in 0.002361583 seconds
Start importing Packages/com.unity.shadergraph/Editor/Resources/UXML/Resizable.uxml using Guid(8ec4570e052fbb34bbe8d52d99e76d07) (ScriptedImporter) -> (artifact id: '7315dcf3e35b6cd691aa9bc3cba3548c') in 0.001689083 seconds
Start importing Packages/com.unity.shadergraph/Editor/Resources/UXML/PixelCacheProfiler.uxml using Guid(0fda1aff5a5744478f70542e95fd3d42) (ScriptedImporter) -> (artifact id: '4164f35cb97b0e75ae1b66c66e086b69') in 0.003192833 seconds
Start importing Packages/com.unity.shadergraph/Editor/Resources/UXML/UITKMasterNodePreview.uxml using Guid(1f8dc278ca660e145a487c8b93679c62) (ScriptedImporter) -> (artifact id: 'ca08c36a48cc40638605d38311c7a5f7') in 0.002735041 seconds
Start importing Packages/com.unity.render-pipelines.universal/Editor/2D/LightBatchingDebugger/LightBatchingDebugger.uxml using Guid(7f54b2764826949c192810bd3944abcc) (ScriptedImporter) -> (artifact id: '236a7f9228cae94feb6574b935033f2a') in 0.003726667 seconds
Shader 'Universal Render Pipeline/Nature/SpeedTree7': dependency 'BillboardShader' shader 'Universal Render Pipeline/Nature/SpeedTree7 Billboard' not found
Shader 'Universal Render Pipeline/Terrain/Lit': dependency 'AddPassShader' shader 'Hidden/Universal Render Pipeline/Terrain/Lit (Add Pass)' not found
Shader 'Universal Render Pipeline/Terrain/Lit': dependency 'BaseMapShader' shader 'Hidden/Universal Render Pipeline/Terrain/Lit (Base Pass)' not found
Shader 'Universal Render Pipeline/Terrain/Lit': dependency 'BaseMapGenShader' shader 'Hidden/Universal Render Pipeline/Terrain/Lit (Basemap Gen)' not found
WARNING: Shader Unsupported: 'Universal Render Pipeline/Terrain/Lit' - All subshaders removed
WARNING: Shader Did you use #pragma only_renderers and omit this platform?
WARNING: Shader If subshaders removal was intentional, you may have forgotten turning Fallback off?
WARNING: Shader Unsupported: 'Universal Render Pipeline/Terrain/Lit' - All subshaders removed
WARNING: Shader Did you use #pragma only_renderers and omit this platform?
WARNING: Shader If subshaders removal was intentional, you may have forgotten turning Fallback off?
Shader 'Hidden/Terrain/Terrain Standard 4 Layers URP': dependency 'AddPassShader' shader 'Hidden/Hidden/Terrain/Terrain Standard 4 Layers URP_AddPass' not found
Shader 'Hidden/Terrain/Terrain Standard 4 Layers URP': dependency 'BaseMapGenShader' shader 'Hidden/Hidden/Terrain/Terrain Standard 4 Layers URP_BaseMapGen' not found
Shader 'Hidden/Terrain/Terrain Standard 4 Layers URP': dependency 'BaseMapShader' shader 'Hidden/Universal Render Pipeline/Terrain/Lit (Base Pass)' not found
WARNING: Shader Unsupported: 'Universal Render Pipeline/VR/SpatialMapping/Wireframe' - All subshaders removed
WARNING: Shader Did you use #pragma only_renderers and omit this platform?
WARNING: Shader If subshaders removal was intentional, you may have forgotten turning Fallback off?
WARNING: Shader Unsupported: 'Universal Render Pipeline/VR/SpatialMapping/Wireframe' - All subshaders removed
WARNING: Shader Did you use #pragma only_renderers and omit this platform?
WARNING: Shader If subshaders removal was intentional, you may have forgotten turning Fallback off?
WARNING: Shader Unsupported: 'Hidden/Universal Render Pipeline/Terrain/Lit (Base Pass)' - All subshaders removed
WARNING: Shader Did you use #pragma only_renderers and omit this platform?
WARNING: Shader If subshaders removal was intentional, you may have forgotten turning Fallback off?
WARNING: Shader Unsupported: 'Hidden/Universal Render Pipeline/Terrain/Lit (Base Pass)' - All subshaders removed
WARNING: Shader Did you use #pragma only_renderers and omit this platform?
WARNING: Shader If subshaders removal was intentional, you may have forgotten turning Fallback off?
Shader 'Hidden/Terrain/Terrain Simple': dependency 'AddPassShader' shader 'Hidden/Hidden/Terrain/Terrain Simple_AddPass' not found
Shader 'Hidden/Terrain/Terrain Simple': dependency 'BaseMapGenShader' shader 'Hidden/Hidden/Terrain/Terrain Simple_BaseMapGen' not found
Launching external process: /Applications/Unity/Hub/Editor/6000.3.21f1/Unity.app/Contents/Helpers/UnityShaderCompiler
Launched and connected shader compiler UnityShaderCompiler after 0.04 seconds
Launching external process: /Applications/Unity/Hub/Editor/6000.3.21f1/Unity.app/Contents/Helpers/UnityShaderCompiler
Loading style catalogs (6)
	StyleSheets/Extensions/base/common.uss
	UIPackageResources/StyleSheets/Default/Variables/Public/common.uss
	StyleSheets/Northstar/common.uss
	StyleSheets/Extensions/fonts/inter.uss
	StyleSheets/Extensions/base/dark.uss
	UIPackageResources/StyleSheets/Default/Northstar/Palette/dark.uss
Launched and connected shader compiler UnityShaderCompiler after 0.04 seconds
Launching external process: /Applications/Unity/Hub/Editor/6000.3.21f1/Unity.app/Contents/Helpers/UnityShaderCompiler
Launched and connected shader compiler UnityShaderCompiler after 0.04 seconds
Launching external process: /Applications/Unity/Hub/Editor/6000.3.21f1/Unity.app/Contents/Helpers/UnityShaderCompiler
Launched and connected shader compiler UnityShaderCompiler after 0.04 seconds
Launching external process: /Applications/Unity/Hub/Editor/6000.3.21f1/Unity.app/Contents/Helpers/UnityShaderCompiler
Launched and connected shader compiler UnityShaderCompiler after 0.04 seconds
Launching external process: /Applications/Unity/Hub/Editor/6000.3.21f1/Unity.app/Contents/Helpers/UnityShaderCompiler
Launched and connected shader compiler UnityShaderCompiler after 0.04 seconds
Launching external process: /Applications/Unity/Hub/Editor/6000.3.21f1/Unity.app/Contents/Helpers/UnityShaderCompiler
Start importing Assets/DefaultVolumeProfile.asset using Guid(58d8e6474e45c49cfa788ce2dfc6829e) (NativeFormatImporter) -> (artifact id: 'd4a5491e965f4f8801f1513966049ae9') in 0.001382375 seconds
Launched and connected shader compiler UnityShaderCompiler after 0.04 seconds
Launching external process: /Applications/Unity/Hub/Editor/6000.3.21f1/Unity.app/Contents/Helpers/UnityShaderCompiler
Launched and connected shader compiler UnityShaderCompiler after 0.04 seconds
Launching external process: /Applications/Unity/Hub/Editor/6000.3.21f1/Unity.app/Contents/Helpers/UnityShaderCompiler
Start importing Assets/UniversalRenderPipelineGlobalSettings.asset using Guid(0a8787962ba6e409db633a8469bb7fe7) (NativeFormatImporter) -> (artifact id: '5bdc1da3f8dbe931da24c347a53f16ce') in 0.001120792 seconds
Start importing Assets/UniversalRenderPipelineGlobalSettings.asset using Guid(0a8787962ba6e409db633a8469bb7fe7) (NativeFormatImporter) -> (artifact id: '5bdc1da3f8dbe931da24c347a53f16ce') in 0.004165625 seconds
Launched and connected shader compiler UnityShaderCompiler after 0.06 seconds
URP Global Settings Asset has been created for you. If you want to modify it, go to Project Settings > Graphics > URP Global Settings Asset
UnityEngine.Debug:ExtractStackTraceNoAlloc (byte*,int,string)
UnityEngine.StackTraceUtility:ExtractStackTrace () (at /Users/bokken/build/output/unity/unity/Runtime/Export/Scripting/StackTrace.cs:35)
UnityEngine.DebugLogHandler:Internal_Log (UnityEngine.LogType,UnityEngine.LogOption,string,UnityEngine.Object)
UnityEngine.DebugLogHandler:LogFormat (UnityEngine.LogType,UnityEngine.Object,string,object[])
UnityEngine.Logger:Log (UnityEngine.LogType,object)
UnityEngine.Debug:LogWarning (object)
UnityEngine.Rendering.RenderPipelineGlobalSettingsUtils:TryEnsure<UnityEngine.Rendering.Universal.UniversalRenderPipelineGlobalSettings, UnityEngine.Rendering.Universal.UniversalRenderPipeline> (UnityEngine.Rendering.Universal.UniversalRenderPipelineGlobalSettings&,string,bool,System.Exception&) (at ./Library/PackageCache/com.unity.render-pipelines.core@c67c01575725/Runtime/RenderPipeline/RenderPipelineGlobalSettingsUtils.cs:126)
UnityEngine.Rendering.RenderPipelineGlobalSettingsUtils:TryEnsure<UnityEngine.Rendering.Universal.UniversalRenderPipelineGlobalSettings, UnityEngine.Rendering.Universal.UniversalRenderPipeline> (UnityEngine.Rendering.Universal.UniversalRenderPipelineGlobalSettings&,string,bool) (at ./Library/PackageCache/com.unity.render-pipelines.core@c67c01575725/Runtime/RenderPipeline/RenderPipelineGlobalSettingsUtils.cs:90)
UnityEngine.Rendering.Universal.UniversalRenderPipelineGlobalSettings:Ensure (bool) (at ./Library/PackageCache/com.unity.render-pipelines.universal@8aa8d736cba6/Runtime/UniversalRenderPipelineGlobalSettings.cs:284)
UnityEditor.Rendering.Universal.UniversalRenderPipelineGlobalSettingsPostprocessor:OnPostprocessAllAssets (string[],string[],string[],string[],bool) (at ./Library/PackageCache/com.unity.render-pipelines.universal@8aa8d736cba6/Editor/AssetPostProcessors/UniversalRenderPipelineGlobalSettingsPostprocessor.cs:14)
System.Reflection.RuntimeMethodInfo:Invoke (object,System.Reflection.BindingFlags,System.Reflection.Binder,object[],System.Globalization.CultureInfo)
System.Reflection.MethodBase:Invoke (object,object[])
UnityEditor.AssetPostprocessingInternal:InvokeMethod (System.Reflection.MethodInfo,object[]) (at /Users/bokken/build/output/unity/unity/Editor/Mono/AssetPostprocessor.cs:1168)
UnityEditor.AssetPostprocessingInternal:PostprocessAllAssets (string[],string[],string[],string[],string[],bool) (at /Users/bokken/build/output/unity/unity/Editor/Mono/AssetPostprocessor.cs:395)

(Filename: ./Library/PackageCache/com.unity.render-pipelines.core@c67c01575725/Runtime/RenderPipeline/RenderPipelineGlobalSettingsUtils.cs Line: 126)

Refreshing native plugins compatible for Editor in 0.43 ms, found 0 plugins.
Preloading 0 native plugins for Editor in 0.00 ms.
Asset Pipeline Refresh (id=9cdcd5467446d494b8b8e8998ee6e3df): Total: 31.606 seconds - Initiated by InitialRefreshV2(ForceSynchronousImport)
	Summary:
		Imports: total=2249 (actual=2249, local cache=0, cache server=0)
		Asset DB Process Time: managed=357 ms, native=18296 ms
		Asset DB Callback time: managed=396 ms, native=2578 ms
		Scripting: domain reloads=1, domain reload time=528 ms, compile time=9429 ms, other=17 ms
		Project Asset Count: scripts=747, non-scripts=1501
		Asset File Changes: new=5, changed=5, moved=0, deleted=0
		Scan Filter Count: 1
	InvokeCustomDependenciesCallbacks: 0.003ms
	InvokePackagesCallback: 2068.295ms
	ApplyChangesToAssetFolders: 0.371ms
	Scan: 354.135ms
	OnSourceAssetsModified: 1.286ms
	CategorizeAssetsWithTransientArtifact: 11.134ms
	ProcessAssetsWithTransientArtifactChanges: 22.961ms
	CategorizeAssets: 44.088ms
	ImportOutOfDateAssets: 18143.085ms (-8451.219ms without children)
		ImportManagerImport: 17162.387ms (642.172ms without children)
			ImportInProcess: 16500.723ms
			UpdateCategorizedAssets: 19.492ms
		CompileScripts: 9429.465ms
		ReloadNativeAssets: 0.123ms
		UnloadImportedAssets: 0.512ms
		ReloadImportedAssets: 0.106ms
		EnsureUptoDateAssetsAreRegisteredWithGuidPM: 0.765ms
		InitializingProgressBar: 0.022ms
		PostProcessAllAssetNotificationsAddChangedAssets: 0.001ms
		OnDemandSchedulerStart: 0.924ms
	PostProcessAllAssets: 1119.997ms
	Hotreload: 3.148ms
	GatherAllCurrentPrimaryArtifactRevisions: 0.351ms
	UnloadStreamsBegin: 4.051ms
	PersistCurrentRevisions: 1.919ms
	UnloadStreamsEnd: 0.226ms
	GenerateScriptTypeHashes: 0.952ms
	Untracked: 9830.834ms

Application.AssetDatabase Initial Refresh End
Scanning for USB devices : 0.048ms
Initializing Unity extensions:
[MODES] ModeService[none].Initialize
[MODES] ModeService[none].LoadModes
[MODES] Loading mode Default (0) for mode-current-id-franklin-police-unitypackage.wbdzWN
2026-08-17 05:11:11.815 Unity[93494:75551041] NSEventModifierFlagFunction specified to -setKeyEquivalentModifierMask: for item <NSMenuItem: 0xc45b083c0 SDF, ke='Command-F12'>, but is only supported for system-provided menu items; will not be used
Unloading 142 Unused Serialized files (Serialized files now loaded: 0)
Unloading 3472 unused Assets / (18.8 MB). Loaded Objects now: 4155.
Memory consumption went from 380.8 MB to 362.0 MB.
Total: 25.872000 ms (FindLiveObjects: 0.196834 ms CreateObjectMapping: 0.086458 ms MarkObjects: 18.304083 ms  DeleteObjects: 7.284333 ms)

2026-08-17 05:11:11.875 Unity[93494:75551041] NSEventModifierFlagFunction specified to -setKeyEquivalentModifierMask: for item <NSMenuItem: 0xc45b08be0 SDF, ke='Command-F12'>, but is only supported for system-provided menu items; will not be used
POLICE_PACKAGE_BUILD_START source=/Users/diepquocphong/Documents/Franklin Game/ArtSource/PoliceStation3D/dist/PoliceStation_Mobile_Unity.glb
UnityEngine.Debug:ExtractStackTraceNoAlloc (byte*,int,string)
UnityEngine.StackTraceUtility:ExtractStackTrace () (at /Users/bokken/build/output/unity/unity/Runtime/Export/Scripting/StackTrace.cs:35)
UnityEngine.DebugLogHandler:Internal_Log (UnityEngine.LogType,UnityEngine.LogOption,string,UnityEngine.Object)
UnityEngine.DebugLogHandler:LogFormat (UnityEngine.LogType,UnityEngine.Object,string,object[])
UnityEngine.Logger:Log (UnityEngine.LogType,object)
UnityEngine.Debug:Log (object)
PoliceStationPackageBuilder:Build () (at Assets/Editor/PoliceStationPackageBuilder.cs:51)

(Filename: Assets/Editor/PoliceStationPackageBuilder.cs Line: 51)

Asset Pipeline Refresh (id=54548febb42ef4e44ab66c77593577ee): Total: 0.092 seconds - Initiated by RefreshV2(NoUpdateAssetOptions)
Curl error 35: Recv failure: Connection reset by peer
Start importing Assets/PoliceStationMobile/Model using Guid(edd93b2c433eb4ffd81f2b5c9ca5746c) (DefaultImporter) -> (artifact id: '35dd0e826ffca9e9edc64ef302d30933') in 0.000919 seconds
Start importing Assets/PoliceStationMobile/Model/Materials using Guid(bbdededab5bca46ea8a74a7b660c5a32) (DefaultImporter) -> (artifact id: 'c8e6c05eb2690d82440ba870f7ec9f0b') in 0.000444667 seconds
Start importing Assets/PoliceStationMobile/Model/Materials/M_Surface_VertexColor.mat using Guid(d34a84ffb894d4a3c8fe64eafc99b99d) (NativeFormatImporter) -> (artifact id: '51199f7b76b8863795ae4f1e08f1380f') in 0.00050375 seconds
Refreshing native plugins compatible for Editor in 0.07 ms, found 0 plugins.
Preloading 0 native plugins for Editor in 0.00 ms.
Asset Pipeline Refresh (id=43b66a9763d544c0bb8ad5cc4e6d3476): Total: 0.025 seconds - Initiated by StopAssetImportingV2(NoUpdateAssetOptions)
Asset Pipeline Refresh (id=42ab3d1d168a146b2b0d806ddba4441a): Total: 0.036 seconds - Initiated by RefreshV2(NoUpdateAssetOptions)
Start importing Assets/PoliceStationMobile/Model/Materials/M_Metal_VertexColor.mat using Guid(05d4f3113cc844d4287538790d563566) (NativeFormatImporter) -> (artifact id: '6bbcc184f9a0df5347579b7df9ecff38') in 0.000981 seconds
Refreshing native plugins compatible for Editor in 0.15 ms, found 0 plugins.
Preloading 0 native plugins for Editor in 0.00 ms.
Asset Pipeline Refresh (id=07764acc1a23d4faabfdd8c667b5c79c): Total: 0.022 seconds - Initiated by StopAssetImportingV2(NoUpdateAssetOptions)
Asset Pipeline Refresh (id=e114e0ebe0a9a4ea990f2a7da29a5842): Total: 0.034 seconds - Initiated by RefreshV2(NoUpdateAssetOptions)
Start importing Assets/PoliceStationMobile/Model/Materials/M_Glass_Opaque_VertexColor.mat using Guid(fccd491d919714acc83e3301a2ae0e0c) (NativeFormatImporter) -> (artifact id: '472d22d03b6010938cb9fd7c3ba3e518') in 0.001058791 seconds
Refreshing native plugins compatible for Editor in 0.15 ms, found 0 plugins.
Preloading 0 native plugins for Editor in 0.00 ms.
Asset Pipeline Refresh (id=97732b10bb7434520a90ef380e207e22): Total: 0.022 seconds - Initiated by StopAssetImportingV2(NoUpdateAssetOptions)
Asset Pipeline Refresh (id=5c5944836dea74d028f43ab45eaa5def): Total: 0.035 seconds - Initiated by RefreshV2(NoUpdateAssetOptions)
Start importing Assets/PoliceStationMobile/Model/Meshes using Guid(bff1311a0d3474f4ca338164d4eb797c) (DefaultImporter) -> (artifact id: 'd02ffdf0fc3263df49939713f9bba771') in 0.000976542 seconds
Start importing Assets/PoliceStationMobile/Model/Meshes/mesh_0.asset using Guid(219a43855f3ed4bccb8ca4317e10afb9) (NativeFormatImporter) -> (artifact id: '3e2044dbeb708684b115a5784f3274dd') in 0.003424917 seconds
Refreshing native plugins compatible for Editor in 0.16 ms, found 0 plugins.
Preloading 0 native plugins for Editor in 0.00 ms.
Asset Pipeline Refresh (id=7a60804c5984d4bd892a8dbee58ed5bb): Total: 0.027 seconds - Initiated by StopAssetImportingV2(NoUpdateAssetOptions)
Asset Pipeline Refresh (id=29042ac761ffc4c3b9cb6ec796278750): Total: 0.034 seconds - Initiated by RefreshV2(NoUpdateAssetOptions)
Start importing Assets/PoliceStationMobile/Model/Meshes/mesh_1.asset using Guid(a3b5985ed1ec94d5a9e34f7e1a84b46d) (NativeFormatImporter) -> (artifact id: 'da6abe40818641210830f5644f84fa07') in 0.002394 seconds
Refreshing native plugins compatible for Editor in 0.14 ms, found 0 plugins.
Preloading 0 native plugins for Editor in 0.00 ms.
Asset Pipeline Refresh (id=ff2ad03a8d44b4027832a98e2e898a92): Total: 0.023 seconds - Initiated by StopAssetImportingV2(NoUpdateAssetOptions)
Asset Pipeline Refresh (id=8a6a64e55eae3453fb41e720560c1b15): Total: 0.034 seconds - Initiated by RefreshV2(NoUpdateAssetOptions)
Start importing Assets/PoliceStationMobile/Model/Meshes/mesh_2.asset using Guid(be89eda7c8e5f4bd497e59f71443e571) (NativeFormatImporter) -> (artifact id: 'a82ff074e8b17fe17daa5365f4b670e6') in 0.001017167 seconds
Refreshing native plugins compatible for Editor in 0.14 ms, found 0 plugins.
Preloading 0 native plugins for Editor in 0.00 ms.
Asset Pipeline Refresh (id=481c9bc788643452a915510f60ad3664): Total: 0.022 seconds - Initiated by StopAssetImportingV2(NoUpdateAssetOptions)
Asset Pipeline Refresh (id=0140e803d6c1245969845dc6ff067a10): Total: 0.037 seconds - Initiated by RefreshV2(NoUpdateAssetOptions)
Start importing Assets/PoliceStationMobile/Model/PoliceStation_Mobile_Unity.prefab using Guid(af6b562a0ec134f349cbaf5f7d87b1ca) (PrefabImporter) -> (artifact id: '6a738b08cb15cf93945fe4758843ab0e') in 0.002204042 seconds
Refreshing native plugins compatible for Editor in 0.14 ms, found 0 plugins.
Preloading 0 native plugins for Editor in 0.00 ms.
Asset Pipeline Refresh (id=1e9912cb1ed3a472c94f6fe8ff9fbefe): Total: 0.023 seconds - Initiated by StopAssetImportingV2(NoUpdateAssetOptions)
Unloading 1 Unused Serialized files (Serialized files now loaded: 0)
Start importing Assets/PoliceStationMobile/Model/PoliceStation_Mobile_Unity.prefab using Guid(af6b562a0ec134f349cbaf5f7d87b1ca) (PrefabImporter) -> (artifact id: 'f916c3d5f5a1a79bf3636fd3e5a0ed54') in 0.001456709 seconds
Refreshing native plugins compatible for Editor in 0.18 ms, found 0 plugins.
Preloading 0 native plugins for Editor in 0.00 ms.
Asset Pipeline Refresh (id=96bf97638b7a7457d8021c98799aa69d): Total: 0.022 seconds - Initiated by StopAssetImportingV2(NoUpdateAssetOptions)
Start importing ProjectSettings/InputManager.asset using Guid(00000000000000002000000000000000) (LibraryAssetImporter) -> (artifact id: '2285e38fbefe4885a128d33e5b78ca26') in 0.001059583 seconds
Start importing ProjectSettings/ProjectSettings.asset using Guid(00000000000000004000000000000000) (LibraryAssetImporter) -> (artifact id: '35d75c3cd260b62b47221acc50a704bf') in 0.001371666 seconds
Start importing ProjectSettings/GraphicsSettings.asset using Guid(00000000000000006100000000000000) (LibraryAssetImporter) -> (artifact id: '3c62915df91d7c67865a6218f354f7d8') in 0.000471833 seconds
Refreshing native plugins compatible for Editor in 0.14 ms, found 0 plugins.
Preloading 0 native plugins for Editor in 0.00 ms.
Asset Pipeline Refresh (id=835a6ac9b6393495fa6b363d854fc342): Total: 0.025 seconds - Initiated by StopAssetImportingV2(NoUpdateAssetOptions)
Asset Pipeline Refresh (id=a6dc87ce260bd4f8aa3e6fab6caba3dd): Total: 0.035 seconds - Initiated by RefreshV2(NoUpdateAssetOptions)
Start importing Assets/PoliceStationMobile/Model/PoliceStation_Mobile.prefab using Guid(af6b562a0ec134f349cbaf5f7d87b1ca) (PrefabImporter) -> (artifact id: '6cd066d18d2dcbc5dddedd9b4ba68fb8') in 0.001557125 seconds
Refreshing native plugins compatible for Editor in 0.18 ms, found 0 plugins.
Preloading 0 native plugins for Editor in 0.00 ms.
Asset Pipeline Refresh (id=2891f5ae0a7df400da006d2b54433aea): Total: 0.023 seconds - Initiated by StopAssetImportingV2(NoUpdateAssetOptions)
Unloading 53 unused Assets / (5.8 KB). Loaded Objects now: 4163.
Memory consumption went from 328.6 MB to 328.6 MB.
Total: 16.057666 ms (FindLiveObjects: 0.118875 ms CreateObjectMapping: 0.043084 ms MarkObjects: 15.842667 ms  DeleteObjects: 0.052292 ms)

Loaded scene 'Library/Unused/cd6cd32435c964b13b511aa04cd43766'
	Deserialize:            0.360 ms
	Integration:            5.631 ms
	Integration of assets:  0.001 ms
	Thread Wait Time:       0.840 ms
	Total Operation Time:   6.832 ms
Start importing Assets/PoliceStationMobile/Model/PoliceStation_Mobile.prefab using Guid(af6b562a0ec134f349cbaf5f7d87b1ca) (PrefabImporter) -> (artifact id: '1f97e6695096bd2c0c73d4416652187f') in 0.001677875 seconds
Refreshing native plugins compatible for Editor in 0.12 ms, found 0 plugins.
Preloading 0 native plugins for Editor in 0.00 ms.
Asset Pipeline Refresh (id=bd242c09e8a3a48319c70e27310b1fa4): Total: 0.024 seconds - Initiated by StopAssetImportingV2(NoUpdateAssetOptions)
Start importing Assets/PoliceStationMobile/Model/Materials/M_Surface_VertexColor.mat using Guid(d34a84ffb894d4a3c8fe64eafc99b99d) (NativeFormatImporter) -> (artifact id: '9f250afdb3ec188299e858dfb9842fc7') in 0.001005167 seconds
Start importing Assets/PoliceStationMobile/Model/Materials/M_Metal_VertexColor.mat using Guid(05d4f3113cc844d4287538790d563566) (NativeFormatImporter) -> (artifact id: '95f63361321d718f4cad3cb70082ba56') in 0.000538458 seconds
Start importing Assets/PoliceStationMobile/Model/Materials/M_Glass_Opaque_VertexColor.mat using Guid(fccd491d919714acc83e3301a2ae0e0c) (NativeFormatImporter) -> (artifact id: '85990fc95f5427d12d35454679c9a03a') in 0.000683416 seconds
Refreshing native plugins compatible for Editor in 0.14 ms, found 0 plugins.
Preloading 0 native plugins for Editor in 0.00 ms.
Asset Pipeline Refresh (id=4207585e08f0e41a98feae5321ee8b69): Total: 0.024 seconds - Initiated by StopAssetImportingV2(NoUpdateAssetOptions)
Asset Pipeline Refresh (id=f37250079449f41d7ac86653302c254a): Total: 0.034 seconds - Initiated by RefreshV2(NoUpdateAssetOptions)
Starting new worker id: 0 with log in 
Starting new worker id: 1 with log in 
Worker ready: AssetImportWorker1 1
Worker ready: AssetImportWorker0 0
[Worker0] Start importing Assets/PoliceStationMobile/Model/Materials using Guid(bbdededab5bca46ea8a74a7b660c5a32) Importer(815301076,1909f56bfc062723c751e8b465ee728b) 
[Worker0] (PreviewImporter)
[Worker0]  -> (artifact id: '9d38c55c3e3839a355afc39de48cf9ab') in 0.003960375 seconds
[Worker0] Start importing Assets/PoliceStationMobile/Model/Meshes using Guid(bff1311a0d3474f4ca338164d4eb797c) Importer(815301076,1909f56bfc062723c751e8b465ee728b) 
[Worker0] (PreviewImporter)
[Worker0]  -> (artifact id: 'c9f81b19094d59562a9f757ad9406b6e') in 0.000497042 seconds
[Worker0] Start importing Assets/PoliceStationMobile/Model/Materials/M_Metal_VertexColor.mat using Guid(05d4f3113cc844d4287538790d563566) Importer(815301076,1909f56bfc062723c751e8b465ee728b) 
[Worker0] (PreviewImporter)
[Worker0] Curl error 35: Recv failure: Connection reset by peer
[Worker0]  -> (artifact id: 'e03db2b3c6798f66d855e1e555a31f50') in 0.084416 seconds
[Worker0] Start importing Assets/PoliceStationMobile/Model using Guid(edd93b2c433eb4ffd81f2b5c9ca5746c) Importer(815301076,1909f56bfc062723c751e8b465ee728b) 
[Worker0] (PreviewImporter)
[Worker0]  -> (artifact id: 'be857c23b2f1b699de02a7f2fb73a34f') in 0.000475125 seconds
[Worker0] Start importing Assets/PoliceStationMobile/Model/Materials/M_Surface_VertexColor.mat using Guid(d34a84ffb894d4a3c8fe64eafc99b99d) Importer(815301076,1909f56bfc062723c751e8b465ee728b) 
[Worker0] (PreviewImporter)
[Worker0]  -> (artifact id: '9680ac4b5b88e6eebebf02bb8e3948f7') in 0.004608125 seconds
[Worker0] Start importing Assets/PoliceStationMobile/Model/Meshes/mesh_0.asset using Guid(219a43855f3ed4bccb8ca4317e10afb9) Importer(815301076,1909f56bfc062723c751e8b465ee728b) 
[Worker0] (PreviewImporter)
[Worker0]  -> (artifact id: '0f53b840a0510528aa680379aac35a07') in 0.980447584 seconds
[Worker0] Start importing Assets/PoliceStationMobile/Model/PoliceStation_Mobile.prefab using Guid(af6b562a0ec134f349cbaf5f7d87b1ca) Importer(815301076,1909f56bfc062723c751e8b465ee728b) 
[Worker0] (PreviewImporter)
[Worker0]  -> (artifact id: '04aa4c6d0976f43cd368c807deb04d2e') in 0.020160291 seconds
[Worker0] Start importing Assets/PoliceStationMobile/README.md using Guid(984e98515bf874348a30e6675aed7581) Importer(815301076,1909f56bfc062723c751e8b465ee728b) 
[Worker0] (PreviewImporter)
[Worker0]  -> (artifact id: '96a3edb7087c9d943932d1acbe4776d5') in 0.000948209 seconds
[Worker0] Start importing Assets/PoliceStationMobile/Model/Meshes/mesh_2.asset using Guid(be89eda7c8e5f4bd497e59f71443e571) Importer(815301076,1909f56bfc062723c751e8b465ee728b) 
[Worker0] (PreviewImporter)
[Worker0]  -> (artifact id: '4252c572586501c7ff74966836da038e') in 0.003531709 seconds
[Worker0] Start importing Assets/PoliceStationMobile/PoliceStationVertexColorURP.shader using Guid(f8a083e7de8fd490a87782b8b270975f) Importer(815301076,1909f56bfc062723c751e8b465ee728b) 
[Worker0] (PreviewImporter)
[Worker0]  -> (artifact id: 'd99c80988c1df168a43f6178a6c21e60') in 0.001127458 seconds
[Worker0] Start importing Assets/PoliceStationMobile/Model/Meshes/mesh_1.asset using Guid(a3b5985ed1ec94d5a9e34f7e1a84b46d) Importer(815301076,1909f56bfc062723c751e8b465ee728b) 
[Worker0] (PreviewImporter)
[Worker0]  -> (artifact id: '12be7084fdc1d610e754739da96ff791') in 0.005335167 seconds
[Worker0] Start importing Assets/PoliceStationMobile/Model/Materials/M_Glass_Opaque_VertexColor.mat using Guid(fccd491d919714acc83e3301a2ae0e0c) Importer(815301076,1909f56bfc062723c751e8b465ee728b) 
[Worker0] (PreviewImporter)
[Worker0]  -> (artifact id: 'f964a64d47938031126cf7f72c0a6adc') in 0.003988708 seconds
[Worker0] Start importing Assets/PoliceStationMobile using Guid(98490faea5fa1427e898e8ebd3d2935d) Importer(815301076,1909f56bfc062723c751e8b465ee728b) 
[Worker0] (PreviewImporter)
[Worker0]  -> (artifact id: '3a8d05ecc4816f363fc111aa6549c697') in 0.000290583 seconds
[Worker0] Start importing Assets/PoliceStationMobile/Preview_Hero.png using Guid(ae735328620d44447a8657268ffab1f2) Importer(815301076,1909f56bfc062723c751e8b465ee728b) 
[Worker0] (PreviewImporter)
[Worker0]  -> (artifact id: '568dc49688819232af90e0892371912e') in 0.00835775 seconds
[MODES] ModeService[default].LoadModes
[Licensing::Client] Successfully resolved entitlement details
Start Indexing on Editor startup
[Indexing] Starting Initial Indexing for Assets
Allocation of 85 bytes at 0x14d641720
UnityEngine.Debug:ExtractStackTraceNoAlloc (byte*,int,string)
UnityEngine.StackTraceUtility:ExtractStackTrace () (at /Users/bokken/build/output/unity/unity/Runtime/Export/Scripting/StackTrace.cs:35)
UnityEditor.AssetDatabase:ExportPackage (string[],string,UnityEditor.ExportPackageOptions)
UnityEditor.AssetDatabase:ExportPackage (string,string,UnityEditor.ExportPackageOptions) (at /Users/bokken/build/output/unity/unity/Modules/AssetDatabase/Editor/ScriptBindings/AssetDatabase.bindings.cs:667)
PoliceStationPackageBuilder:Build () (at Assets/Editor/PoliceStationPackageBuilder.cs:110)

[/Users/bokken/build/output/unity/unity/Modules/AssetDatabase/Editor/ScriptBindings/AssetDatabase.bindings.cs line 667]

2f 70 72 69 76 61 74 65 2f 74 6d 70 2f 66 72 61  /private/tmp/fra
UnityEngine.Debug:ExtractStackTraceNoAlloc (byte*,int,string)
UnityEngine.StackTraceUtility:ExtractStackTrace () (at /Users/bokken/build/output/unity/unity/Runtime/Export/Scripting/StackTrace.cs:35)
UnityEditor.AssetDatabase:ExportPackage (string[],string,UnityEditor.ExportPackageOptions)
UnityEditor.AssetDatabase:ExportPackage (string,string,UnityEditor.ExportPackageOptions) (at /Users/bokken/build/output/unity/unity/Modules/AssetDatabase/Editor/ScriptBindings/AssetDatabase.bindings.cs:667)
PoliceStationPackageBuilder:Build () (at Assets/Editor/PoliceStationPackageBuilder.cs:110)

[/Users/bokken/build/output/unity/unity/Modules/AssetDatabase/Editor/ScriptBindings/AssetDatabase.bindings.cs line 667]

6e 6b 6c 69 6e 2d 70 6f 6c 69 63 65 2d 75 6e 69  nklin-police-uni
UnityEngine.Debug:ExtractStackTraceNoAlloc (byte*,int,string)
UnityEngine.StackTraceUtility:ExtractStackTrace () (at /Users/bokken/build/output/unity/unity/Runtime/Export/Scripting/StackTrace.cs:35)
UnityEditor.AssetDatabase:ExportPackage (string[],string,UnityEditor.ExportPackageOptions)
UnityEditor.AssetDatabase:ExportPackage (string,string,UnityEditor.ExportPackageOptions) (at /Users/bokken/build/output/unity/unity/Modules/AssetDatabase/Editor/ScriptBindings/AssetDatabase.bindings.cs:667)
PoliceStationPackageBuilder:Build () (at Assets/Editor/PoliceStationPackageBuilder.cs:110)

[/Users/bokken/build/output/unity/unity/Modules/AssetDatabase/Editor/ScriptBindings/AssetDatabase.bindings.cs line 667]

74 79 70 61 63 6b 61 67 65 2e 77 62 64 7a 57 4e  typackage.wbdzWN
UnityEngine.Debug:ExtractStackTraceNoAlloc (byte*,int,string)
UnityEngine.StackTraceUtility:ExtractStackTrace () (at /Users/bokken/build/output/unity/unity/Runtime/Export/Scripting/StackTrace.cs:35)
UnityEditor.AssetDatabase:ExportPackage (string[],string,UnityEditor.ExportPackageOptions)
UnityEditor.AssetDatabase:ExportPackage (string,string,UnityEditor.ExportPackageOptions) (at /Users/bokken/build/output/unity/unity/Modules/AssetDatabase/Editor/ScriptBindings/AssetDatabase.bindings.cs:667)
PoliceStationPackageBuilder:Build () (at Assets/Editor/PoliceStationPackageBuilder.cs:110)

[/Users/bokken/build/output/unity/unity/Modules/AssetDatabase/Editor/ScriptBindings/AssetDatabase.bindings.cs line 667]

2f 54 65 6d 70 2f 74 65 6d 70 45 78 70 6f 72 74  /Temp/tempExport
UnityEngine.Debug:ExtractStackTraceNoAlloc (byte*,int,string)
UnityEngine.StackTraceUtility:ExtractStackTrace () (at /Users/bokken/build/output/unity/unity/Runtime/Export/Scripting/StackTrace.cs:35)
UnityEditor.AssetDatabase:ExportPackage (string[],string,UnityEditor.ExportPackageOptions)
UnityEditor.AssetDatabase:ExportPackage (string,string,UnityEditor.ExportPackageOptions) (at /Users/bokken/build/output/unity/unity/Modules/AssetDatabase/Editor/ScriptBindings/AssetDatabase.bindings.cs:667)
PoliceStationPackageBuilder:Build () (at Assets/Editor/PoliceStationPackageBuilder.cs:110)

[/Users/bokken/build/output/unity/unity/Modules/AssetDatabase/Editor/ScriptBindings/AssetDatabase.bindings.cs line 667]

50 61 63 6b 61 67 65 2e 75 6e 69 74 79 70 61 63  Package.unitypac
UnityEngine.Debug:ExtractStackTraceNoAlloc (byte*,int,string)
UnityEngine.StackTraceUtility:ExtractStackTrace () (at /Users/bokken/build/output/unity/unity/Runtime/Export/Scripting/StackTrace.cs:35)
UnityEditor.AssetDatabase:ExportPackage (string[],string,UnityEditor.ExportPackageOptions)
UnityEditor.AssetDatabase:ExportPackage (string,string,UnityEditor.ExportPackageOptions) (at /Users/bokken/build/output/unity/unity/Modules/AssetDatabase/Editor/ScriptBindings/AssetDatabase.bindings.cs:667)
PoliceStationPackageBuilder:Build () (at Assets/Editor/PoliceStationPackageBuilder.cs:110)

[/Users/bokken/build/output/unity/unity/Modules/AssetDatabase/Editor/ScriptBindings/AssetDatabase.bindings.cs line 667]

6b 61 67 65 00 .. .. .. .. .. .. .. .. .. .. ..  kage.
UnityEngine.Debug:ExtractStackTraceNoAlloc (byte*,int,string)
UnityEngine.StackTraceUtility:ExtractStackTrace () (at /Users/bokken/build/output/unity/unity/Runtime/Export/Scripting/StackTrace.cs:35)
UnityEditor.AssetDatabase:ExportPackage (string[],string,UnityEditor.ExportPackageOptions)
UnityEditor.AssetDatabase:ExportPackage (string,string,UnityEditor.ExportPackageOptions) (at /Users/bokken/build/output/unity/unity/Modules/AssetDatabase/Editor/ScriptBindings/AssetDatabase.bindings.cs:667)
PoliceStationPackageBuilder:Build () (at Assets/Editor/PoliceStationPackageBuilder.cs:110)

[/Users/bokken/build/output/unity/unity/Modules/AssetDatabase/Editor/ScriptBindings/AssetDatabase.bindings.cs line 667]

Allocation of 54 bytes at 0x14d6416d0
UnityEngine.Debug:ExtractStackTraceNoAlloc (byte*,int,string)
UnityEngine.StackTraceUtility:ExtractStackTrace () (at /Users/bokken/build/output/unity/unity/Runtime/Export/Scripting/StackTrace.cs:35)
UnityEditor.AssetDatabase:ExportPackage (string[],string,UnityEditor.ExportPackageOptions)
UnityEditor.AssetDatabase:ExportPackage (string,string,UnityEditor.ExportPackageOptions) (at /Users/bokken/build/output/unity/unity/Modules/AssetDatabase/Editor/ScriptBindings/AssetDatabase.bindings.cs:667)
PoliceStationPackageBuilder:Build () (at Assets/Editor/PoliceStationPackageBuilder.cs:110)

[/Users/bokken/build/output/unity/unity/Modules/AssetDatabase/Editor/ScriptBindings/AssetDatabase.bindings.cs line 667]

2f 70 72 69 76 61 74 65 2f 74 6d 70 2f 66 72 61  /private/tmp/fra
UnityEngine.Debug:ExtractStackTraceNoAlloc (byte*,int,string)
UnityEngine.StackTraceUtility:ExtractStackTrace () (at /Users/bokken/build/output/unity/unity/Runtime/Export/Scripting/StackTrace.cs:35)
UnityEditor.AssetDatabase:ExportPackage (string[],string,UnityEditor.ExportPackageOptions)
UnityEditor.AssetDatabase:ExportPackage (string,string,UnityEditor.ExportPackageOptions) (at /Users/bokken/build/output/unity/unity/Modules/AssetDatabase/Editor/ScriptBindings/AssetDatabase.bindings.cs:667)
PoliceStationPackageBuilder:Build () (at Assets/Editor/PoliceStationPackageBuilder.cs:110)

[/Users/bokken/build/output/unity/unity/Modules/AssetDatabase/Editor/ScriptBindings/AssetDatabase.bindings.cs line 667]

6e 6b 6c 69 6e 2d 70 6f 6c 69 63 65 2d 75 6e 69  nklin-police-uni
UnityEngine.Debug:ExtractStackTraceNoAlloc (byte*,int,string)
UnityEngine.StackTraceUtility:ExtractStackTrace () (at /Users/bokken/build/output/unity/unity/Runtime/Export/Scripting/StackTrace.cs:35)
UnityEditor.AssetDatabase:ExportPackage (string[],string,UnityEditor.ExportPackageOptions)
UnityEditor.AssetDatabase:ExportPackage (string,string,UnityEditor.ExportPackageOptions) (at /Users/bokken/build/output/unity/unity/Modules/AssetDatabase/Editor/ScriptBindings/AssetDatabase.bindings.cs:667)
PoliceStationPackageBuilder:Build () (at Assets/Editor/PoliceStationPackageBuilder.cs:110)

[/Users/bokken/build/output/unity/unity/Modules/AssetDatabase/Editor/ScriptBindings/AssetDatabase.bindings.cs line 667]

74 79 70 61 63 6b 61 67 65 2e 77 62 64 7a 57 4e  typackage.wbdzWN
UnityEngine.Debug:ExtractStackTraceNoAlloc (byte*,int,string)
UnityEngine.StackTraceUtility:ExtractStackTrace () (at /Users/bokken/build/output/unity/unity/Runtime/Export/Scripting/StackTrace.cs:35)
UnityEditor.AssetDatabase:ExportPackage (string[],string,UnityEditor.ExportPackageOptions)
UnityEditor.AssetDatabase:ExportPackage (string,string,UnityEditor.ExportPackageOptions) (at /Users/bokken/build/output/unity/unity/Modules/AssetDatabase/Editor/ScriptBindings/AssetDatabase.bindings.cs:667)
PoliceStationPackageBuilder:Build () (at Assets/Editor/PoliceStationPackageBuilder.cs:110)

[/Users/bokken/build/output/unity/unity/Modules/AssetDatabase/Editor/ScriptBindings/AssetDatabase.bindings.cs line 667]

2f 54 65 6d 70 00 .. .. .. .. .. .. .. .. .. ..  /Temp.
UnityEngine.Debug:ExtractStackTraceNoAlloc (byte*,int,string)
UnityEngine.StackTraceUtility:ExtractStackTrace () (at /Users/bokken/build/output/unity/unity/Runtime/Export/Scripting/StackTrace.cs:35)
UnityEditor.AssetDatabase:ExportPackage (string[],string,UnityEditor.ExportPackageOptions)
UnityEditor.AssetDatabase:ExportPackage (string,string,UnityEditor.ExportPackageOptions) (at /Users/bokken/build/output/unity/unity/Modules/AssetDatabase/Editor/ScriptBindings/AssetDatabase.bindings.cs:667)
PoliceStationPackageBuilder:Build () (at Assets/Editor/PoliceStationPackageBuilder.cs:110)

[/Users/bokken/build/output/unity/unity/Modules/AssetDatabase/Editor/ScriptBindings/AssetDatabase.bindings.cs line 667]

Allocation of 3072 bytes at 0x14d640a70
UnityEngine.Debug:ExtractStackTraceNoAlloc (byte*,int,string)
UnityEngine.StackTraceUtility:ExtractStackTrace () (at /Users/bokken/build/output/unity/unity/Runtime/Export/Scripting/StackTrace.cs:35)
UnityEditor.AssetDatabase:ExportPackage (string[],string,UnityEditor.ExportPackageOptions)
UnityEditor.AssetDatabase:ExportPackage (string,string,UnityEditor.ExportPackageOptions) (at /Users/bokken/build/output/unity/unity/Modules/AssetDatabase/Editor/ScriptBindings/AssetDatabase.bindings.cs:667)
PoliceStationPackageBuilder:Build () (at Assets/Editor/PoliceStationPackageBuilder.cs:110)

[/Users/bokken/build/output/unity/unity/Modules/AssetDatabase/Editor/ScriptBindings/AssetDatabase.bindings.cs line 667]

ff ff ff ff 76 61 74 65 2f 74 6d 70 2f 66 72 61  ....vate/tmp/fra
UnityEngine.Debug:ExtractStackTraceNoAlloc (byte*,int,string)
UnityEngine.StackTraceUtility:ExtractStackTrace () (at /Users/bokken/build/output/unity/unity/Runtime/Export/Scripting/StackTrace.cs:35)
UnityEditor.AssetDatabase:ExportPackage (string[],string,UnityEditor.ExportPackageOptions)
UnityEditor.AssetDatabase:ExportPackage (string,string,UnityEditor.ExportPackageOptions) (at /Users/bokken/build/output/unity/unity/Modules/AssetDatabase/Editor/ScriptBindings/AssetDatabase.bindings.cs:667)
PoliceStationPackageBuilder:Build () (at Assets/Editor/PoliceStationPackageBuilder.cs:110)

[/Users/bokken/build/output/unity/unity/Modules/AssetDatabase/Editor/ScriptBindings/AssetDatabase.bindings.cs line 667]

6e 6b 6c 69 6e 2d 70 6f 6c 69 63 65 2d 75 6e 69  nklin-police-uni
UnityEngine.Debug:ExtractStackTraceNoAlloc (byte*,int,string)
UnityEngine.StackTraceUtility:ExtractStackTrace () (at /Users/bokken/build/output/unity/unity/Runtime/Export/Scripting/StackTrace.cs:35)
UnityEditor.AssetDatabase:ExportPackage (string[],string,UnityEditor.ExportPackageOptions)
UnityEditor.AssetDatabase:ExportPackage (string,string,UnityEditor.ExportPackageOptions) (at /Users/bokken/build/output/unity/unity/Modules/AssetDatabase/Editor/ScriptBindings/AssetDatabase.bindings.cs:667)
PoliceStationPackageBuilder:Build () (at Assets/Editor/PoliceStationPackageBuilder.cs:110)

[/Users/bokken/build/output/unity/unity/Modules/AssetDatabase/Editor/ScriptBindings/AssetDatabase.bindings.cs line 667]

74 79 70 61 63 6b 61 67 65 2e 77 62 64 7a 57 4e  typackage.wbdzWN
UnityEngine.Debug:ExtractStackTraceNoAlloc (byte*,int,string)
UnityEngine.StackTraceUtility:ExtractStackTrace () (at /Users/bokken/build/output/unity/unity/Runtime/Export/Scripting/StackTrace.cs:35)
UnityEditor.AssetDatabase:ExportPackage (string[],string,UnityEditor.ExportPackageOptions)
UnityEditor.AssetDatabase:ExportPackage (string,string,UnityEditor.ExportPackageOptions) (at /Users/bokken/build/output/unity/unity/Modules/AssetDatabase/Editor/ScriptBindings/AssetDatabase.bindings.cs:667)
PoliceStationPackageBuilder:Build () (at Assets/Editor/PoliceStationPackageBuilder.cs:110)

[/Users/bokken/build/output/unity/unity/Modules/AssetDatabase/Editor/ScriptBindings/AssetDatabase.bindings.cs line 667]

ff ff ff ff 63 6b 61 67 65 2e 77 62 64 7a 57 4e  ....ckage.wbdzWN
UnityEngine.Debug:ExtractStackTraceNoAlloc (byte*,int,string)
UnityEngine.StackTraceUtility:ExtractStackTrace () (at /Users/bokken/build/output/unity/unity/Runtime/Export/Scripting/StackTrace.cs:35)
UnityEditor.AssetDatabase:ExportPackage (string[],string,UnityEditor.ExportPackageOptions)
UnityEditor.AssetDatabase:ExportPackage (string,string,UnityEditor.ExportPackageOptions) (at /Users/bokken/build/output/unity/unity/Modules/AssetDatabase/Editor/ScriptBindings/AssetDatabase.bindings.cs:667)
PoliceStationPackageBuilder:Build () (at Assets/Editor/PoliceStationPackageBuilder.cs:110)

[/Users/bokken/build/output/unity/unity/Modules/AssetDatabase/Editor/ScriptBindings/AssetDatabase.bindings.cs line 667]

70 0a 64 4d 01 00 00 00 e9 00 00 00 20 50 61 63  p.dM........ Pac
UnityEngine.Debug:ExtractStackTraceNoAlloc (byte*,int,string)
UnityEngine.StackTraceUtility:ExtractStackTrace () (at /Users/bokken/build/output/unity/unity/Runtime/Export/Scripting/StackTrace.cs:35)
UnityEditor.AssetDatabase:ExportPackage (string[],string,UnityEditor.ExportPackageOptions)
UnityEditor.AssetDatabase:ExportPackage (string,string,UnityEditor.ExportPackageOptions) (at /Users/bokken/build/output/unity/unity/Modules/AssetDatabase/Editor/ScriptBindings/AssetDatabase.bindings.cs:667)
PoliceStationPackageBuilder:Build () (at Assets/Editor/PoliceStationPackageBuilder.cs:110)

[/Users/bokken/build/output/unity/unity/Modules/AssetDatabase/Editor/ScriptBindings/AssetDatabase.bindings.cs line 667]

2f 70 72 69 76 61 74 65 2f 74 6d 70 2f 66 72 61  /private/tmp/fra
UnityEngine.Debug:ExtractStackTraceNoAlloc (byte*,int,string)
UnityEngine.StackTraceUtility:ExtractStackTrace () (at /Users/bokken/build/output/unity/unity/Runtime/Export/Scripting/StackTrace.cs:35)
UnityEditor.AssetDatabase:ExportPackage (string[],string,UnityEditor.ExportPackageOptions)
UnityEditor.AssetDatabase:ExportPackage (string,string,UnityEditor.ExportPackageOptions) (at /Users/bokken/build/output/unity/unity/Modules/AssetDatabase/Editor/ScriptBindings/AssetDatabase.bindings.cs:667)
PoliceStationPackageBuilder:Build () (at Assets/Editor/PoliceStationPackageBuilder.cs:110)

[/Users/bokken/build/output/unity/unity/Modules/AssetDatabase/Editor/ScriptBindings/AssetDatabase.bindings.cs line 667]

ff ff ff ff 6e 2d 70 6f 6c 69 63 65 2d 75 6e 69  ....n-police-uni
UnityEngine.Debug:ExtractStackTraceNoAlloc (byte*,int,string)
UnityEngine.StackTraceUtility:ExtractStackTrace () (at /Users/bokken/build/output/unity/unity/Runtime/Export/Scripting/StackTrace.cs:35)
UnityEditor.AssetDatabase:ExportPackage (string[],string,UnityEditor.ExportPackageOptions)
UnityEditor.AssetDatabase:ExportPackage (string,string,UnityEditor.ExportPackageOptions) (at /Users/bokken/build/output/unity/unity/Modules/AssetDatabase/Editor/ScriptBindings/AssetDatabase.bindings.cs:667)
PoliceStationPackageBuilder:Build () (at Assets/Editor/PoliceStationPackageBuilder.cs:110)

[/Users/bokken/build/output/unity/unity/Modules/AssetDatabase/Editor/ScriptBindings/AssetDatabase.bindings.cs line 667]

74 79 70 61 63 6b 61 67 65 2e 77 62 64 7a 57 4e  typackage.wbdzWN
UnityEngine.Debug:ExtractStackTraceNoAlloc (byte*,int,string)
UnityEngine.StackTraceUtility:ExtractStackTrace () (at /Users/bokken/build/output/unity/unity/Runtime/Export/Scripting/StackTrace.cs:35)
UnityEditor.AssetDatabase:ExportPackage (string[],string,UnityEditor.ExportPackageOptions)
UnityEditor.AssetDatabase:ExportPackage (string,string,UnityEditor.ExportPackageOptions) (at /Users/bokken/build/output/unity/unity/Modules/AssetDatabase/Editor/ScriptBindings/AssetDatabase.bindings.cs:667)
PoliceStationPackageBuilder:Build () (at Assets/Editor/PoliceStationPackageBuilder.cs:110)

[/Users/bokken/build/output/unity/unity/Modules/AssetDatabase/Editor/ScriptBindings/AssetDatabase.bindings.cs line 667]

Allocation of 1280 bytes at 0x14d640410
UnityEngine.Debug:ExtractStackTraceNoAlloc (byte*,int,string)
UnityEngine.StackTraceUtility:ExtractStackTrace () (at /Users/bokken/build/output/unity/unity/Runtime/Export/Scripting/StackTrace.cs:35)
UnityEditor.AssetDatabase:ExportPackage (string[],string,UnityEditor.ExportPackageOptions)
UnityEditor.AssetDatabase:ExportPackage (string,string,UnityEditor.ExportPackageOptions) (at /Users/bokken/build/output/unity/unity/Modules/AssetDatabase/Editor/ScriptBindings/AssetDatabase.bindings.cs:667)
PoliceStationPackageBuilder:Build () (at Assets/Editor/PoliceStationPackageBuilder.cs:110)

[/Users/bokken/build/output/unity/unity/Modules/AssetDatabase/Editor/ScriptBindings/AssetDatabase.bindings.cs line 667]

ff ff ff ff 6d 6f 62 69 6c 65 2f 72 65 61 64 6d  ....mobile/readm
UnityEngine.Debug:ExtractStackTraceNoAlloc (byte*,int,string)
UnityEngine.StackTraceUtility:ExtractStackTrace () (at /Users/bokken/build/output/unity/unity/Runtime/Export/Scripting/StackTrace.cs:35)
UnityEditor.AssetDatabase:ExportPackage (string[],string,UnityEditor.ExportPackageOptions)
UnityEditor.AssetDatabase:ExportPackage (string,string,UnityEditor.ExportPackageOptions) (at /Users/bokken/build/output/unity/unity/Modules/AssetDatabase/Editor/ScriptBindings/AssetDatabase.bindings.cs:667)
PoliceStationPackageBuilder:Build () (at Assets/Editor/PoliceStationPackageBuilder.cs:110)

[/Users/bokken/build/output/unity/unity/Modules/AssetDatabase/Editor/ScriptBindings/AssetDatabase.bindings.cs line 667]

65 2e 6d 64 ff ff ff ff 70 6e 67 00 5f 73 75 72  e.md....png._sur
UnityEngine.Debug:ExtractStackTraceNoAlloc (byte*,int,string)
UnityEngine.StackTraceUtility:ExtractStackTrace () (at /Users/bokken/build/output/unity/unity/Runtime/Export/Scripting/StackTrace.cs:35)
UnityEditor.AssetDatabase:ExportPackage (string[],string,UnityEditor.ExportPackageOptions)
UnityEditor.AssetDatabase:ExportPackage (string,string,UnityEditor.ExportPackageOptions) (at /Users/bokken/build/output/unity/unity/Modules/AssetDatabase/Editor/ScriptBindings/AssetDatabase.bindings.cs:667)
PoliceStationPackageBuilder:Build () (at Assets/Editor/PoliceStationPackageBuilder.cs:110)

[/Users/bokken/build/output/unity/unity/Modules/AssetDatabase/Editor/ScriptBindings/AssetDatabase.bindings.cs line 667]

61 73 73 65 74 73 2f 70 08 35 94 60 bb ed ed ad  assets/p.5.`....
UnityEngine.Debug:ExtractStackTraceNoAlloc (byte*,int,string)
UnityEngine.StackTraceUtility:ExtractStackTrace () (at /Users/bokken/build/output/unity/unity/Runtime/Export/Scripting/StackTrace.cs:35)
UnityEditor.AssetDatabase:ExportPackage (string[],string,UnityEditor.ExportPackageOptions)
UnityEditor.AssetDatabase:ExportPackage (string,string,UnityEditor.ExportPackageOptions) (at /Users/bokken/build/output/unity/unity/Modules/AssetDatabase/Editor/ScriptBindings/AssetDatabase.bindings.cs:667)
PoliceStationPackageBuilder:Build () (at Assets/Editor/PoliceStationPackageBuilder.cs:110)

[/Users/bokken/build/output/unity/unity/Modules/AssetDatabase/Editor/ScriptBindings/AssetDatabase.bindings.cs line 667]

5b cb 4a e6 8a 7a a4 b7 66 c0 a5 23 ff ff ff ff  [.J..z..f..#....
UnityEngine.Debug:ExtractStackTraceNoAlloc (byte*,int,string)
UnityEngine.StackTraceUtility:ExtractStackTrace () (at /Users/bokken/build/output/unity/unity/Runtime/Export/Scripting/StackTrace.cs:35)
UnityEditor.AssetDatabase:ExportPackage (string[],string,UnityEditor.ExportPackageOptions)
UnityEditor.AssetDatabase:ExportPackage (string,string,UnityEditor.ExportPackageOptions) (at /Users/bokken/build/output/unity/unity/Modules/AssetDatabase/Editor/ScriptBindings/AssetDatabase.bindings.cs:667)
PoliceStationPackageBuilder:Build () (at Assets/Editor/PoliceStationPackageBuilder.cs:110)

[/Users/bokken/build/output/unity/unity/Modules/AssetDatabase/Editor/ScriptBindings/AssetDatabase.bindings.cs line 667]

65 73 74 61 74 69 6f 6e 76 65 72 74 65 78 63 6f  estationvertexco
UnityEngine.Debug:ExtractStackTraceNoAlloc (byte*,int,string)
UnityEngine.StackTraceUtility:ExtractStackTrace () (at /Users/bokken/build/output/unity/unity/Runtime/Export/Scripting/StackTrace.cs:35)
UnityEditor.AssetDatabase:ExportPackage (string[],string,UnityEditor.ExportPackageOptions)
UnityEditor.AssetDatabase:ExportPackage (string,string,UnityEditor.ExportPackageOptions) (at /Users/bokken/build/output/unity/unity/Modules/AssetDatabase/Editor/ScriptBindings/AssetDatabase.bindings.cs:667)
PoliceStationPackageBuilder:Build () (at Assets/Editor/PoliceStationPackageBuilder.cs:110)

[/Users/bokken/build/output/unity/unity/Modules/AssetDatabase/Editor/ScriptBindings/AssetDatabase.bindings.cs line 667]

ff ff ff ff 72 70 2e 73 68 61 64 65 72 00 74 61  ....rp.shader.ta
UnityEngine.Debug:ExtractStackTraceNoAlloc (byte*,int,string)
UnityEngine.StackTraceUtility:ExtractStackTrace () (at /Users/bokken/build/output/unity/unity/Runtime/Export/Scripting/StackTrace.cs:35)
UnityEditor.AssetDatabase:ExportPackage (string[],string,UnityEditor.ExportPackageOptions)
UnityEditor.AssetDatabase:ExportPackage (string,string,UnityEditor.ExportPackageOptions) (at /Users/bokken/build/output/unity/unity/Modules/AssetDatabase/Editor/ScriptBindings/AssetDatabase.bindings.cs:667)
PoliceStationPackageBuilder:Build () (at Assets/Editor/PoliceStationPackageBuilder.cs:110)

[/Users/bokken/build/output/unity/unity/Modules/AssetDatabase/Editor/ScriptBindings/AssetDatabase.bindings.cs line 667]

74 69 6f 6e ff ff ff ff 6c 65 2f 6d 6f 64 65 6c  tion....le/model
UnityEngine.Debug:ExtractStackTraceNoAlloc (byte*,int,string)
UnityEngine.StackTraceUtility:ExtractStackTrace () (at /Users/bokken/build/output/unity/unity/Runtime/Export/Scripting/StackTrace.cs:35)
UnityEditor.AssetDatabase:ExportPackage (string[],string,UnityEditor.ExportPackageOptions)
UnityEditor.AssetDatabase:ExportPackage (string,string,UnityEditor.ExportPackageOptions) (at /Users/bokken/build/output/unity/unity/Modules/AssetDatabase/Editor/ScriptBindings/AssetDatabase.bindings.cs:667)
PoliceStationPackageBuilder:Build () (at Assets/Editor/PoliceStationPackageBuilder.cs:110)

[/Users/bokken/build/output/unity/unity/Modules/AssetDatabase/Editor/ScriptBindings/AssetDatabase.bindings.cs line 667]

2f 6d 61 74 65 72 69 61 18 c7 76 1d fb 1f 13 a1  /materia..v.....
UnityEngine.Debug:ExtractStackTraceNoAlloc (byte*,int,string)
UnityEngine.StackTraceUtility:ExtractStackTrace () (at /Users/bokken/build/output/unity/unity/Runtime/Export/Scripting/StackTrace.cs:35)
UnityEditor.AssetDatabase:ExportPackage (string[],string,UnityEditor.ExportPackageOptions)
UnityEditor.AssetDatabase:ExportPackage (string,string,UnityEditor.ExportPackageOptions) (at /Users/bokken/build/output/unity/unity/Modules/AssetDatabase/Editor/ScriptBindings/AssetDatabase.bindings.cs:667)
PoliceStationPackageBuilder:Build () (at Assets/Editor/PoliceStationPackageBuilder.cs:110)

[/Users/bokken/build/output/unity/unity/Modules/AssetDatabase/Editor/ScriptBindings/AssetDatabase.bindings.cs line 667]

Allocation of 114 bytes at 0x14d640380
UnityEngine.Debug:ExtractStackTraceNoAlloc (byte*,int,string)
UnityEngine.StackTraceUtility:ExtractStackTrace () (at /Users/bokken/build/output/unity/unity/Runtime/Export/Scripting/StackTrace.cs:35)
UnityEditor.AssetDatabase:ExportPackage (string[],string,UnityEditor.ExportPackageOptions)
UnityEditor.AssetDatabase:ExportPackage (string,string,UnityEditor.ExportPackageOptions) (at /Users/bokken/build/output/unity/unity/Modules/AssetDatabase/Editor/ScriptBindings/AssetDatabase.bindings.cs:667)
PoliceStationPackageBuilder:Build () (at Assets/Editor/PoliceStationPackageBuilder.cs:110)

[/Users/bokken/build/output/unity/unity/Modules/AssetDatabase/Editor/ScriptBindings/AssetDatabase.bindings.cs line 667]

2f 55 73 65 72 73 2f 64 69 65 70 71 75 6f 63 70  /Users/diepquocp
UnityEngine.Debug:ExtractStackTraceNoAlloc (byte*,int,string)
UnityEngine.StackTraceUtility:ExtractStackTrace () (at /Users/bokken/build/output/unity/unity/Runtime/Export/Scripting/StackTrace.cs:35)
UnityEditor.AssetDatabase:ExportPackage (string[],string,UnityEditor.ExportPackageOptions)
UnityEditor.AssetDatabase:ExportPackage (string,string,UnityEditor.ExportPackageOptions) (at /Users/bokken/build/output/unity/unity/Modules/AssetDatabase/Editor/ScriptBindings/AssetDatabase.bindings.cs:667)
PoliceStationPackageBuilder:Build () (at Assets/Editor/PoliceStationPackageBuilder.cs:110)

[/Users/bokken/build/output/unity/unity/Modules/AssetDatabase/Editor/ScriptBindings/AssetDatabase.bindings.cs line 667]

68 6f 6e 67 2f 44 6f 63 75 6d 65 6e 74 73 2f 46  hong/Documents/F
UnityEngine.Debug:ExtractStackTraceNoAlloc (byte*,int,string)
UnityEngine.StackTraceUtility:ExtractStackTrace () (at /Users/bokken/build/output/unity/unity/Runtime/Export/Scripting/StackTrace.cs:35)
UnityEditor.AssetDatabase:ExportPackage (string[],string,UnityEditor.ExportPackageOptions)
UnityEditor.AssetDatabase:ExportPackage (string,string,UnityEditor.ExportPackageOptions) (at /Users/bokken/build/output/unity/unity/Modules/AssetDatabase/Editor/ScriptBindings/AssetDatabase.bindings.cs:667)
PoliceStationPackageBuilder:Build () (at Assets/Editor/PoliceStationPackageBuilder.cs:110)

[/Users/bokken/build/output/unity/unity/Modules/AssetDatabase/Editor/ScriptBindings/AssetDatabase.bindings.cs line 667]

72 61 6e 6b 6c 69 6e 20 47 61 6d 65 2f 41 72 74  ranklin Game/Art
UnityEngine.Debug:ExtractStackTraceNoAlloc (byte*,int,string)
UnityEngine.StackTraceUtility:ExtractStackTrace () (at /Users/bokken/build/output/unity/unity/Runtime/Export/Scripting/StackTrace.cs:35)
UnityEditor.AssetDatabase:ExportPackage (string[],string,UnityEditor.ExportPackageOptions)
UnityEditor.AssetDatabase:ExportPackage (string,string,UnityEditor.ExportPackageOptions) (at /Users/bokken/build/output/unity/unity/Modules/AssetDatabase/Editor/ScriptBindings/AssetDatabase.bindings.cs:667)
PoliceStationPackageBuilder:Build () (at Assets/Editor/PoliceStationPackageBuilder.cs:110)

[/Users/bokken/build/output/unity/unity/Modules/AssetDatabase/Editor/ScriptBindings/AssetDatabase.bindings.cs line 667]

53 6f 75 72 63 65 2f 50 6f 6c 69 63 65 53 74 61  Source/PoliceSta
UnityEngine.Debug:ExtractStackTraceNoAlloc (byte*,int,string)
UnityEngine.StackTraceUtility:ExtractStackTrace () (at /Users/bokken/build/output/unity/unity/Runtime/Export/Scripting/StackTrace.cs:35)
UnityEditor.AssetDatabase:ExportPackage (string[],string,UnityEditor.ExportPackageOptions)
UnityEditor.AssetDatabase:ExportPackage (string,string,UnityEditor.ExportPackageOptions) (at /Users/bokken/build/output/unity/unity/Modules/AssetDatabase/Editor/ScriptBindings/AssetDatabase.bindings.cs:667)
PoliceStationPackageBuilder:Build () (at Assets/Editor/PoliceStationPackageBuilder.cs:110)

[/Users/bokken/build/output/unity/unity/Modules/AssetDatabase/Editor/ScriptBindings/AssetDatabase.bindings.cs line 667]

74 69 6f 6e 33 44 2f 64 69 73 74 2f 50 6f 6c 69  tion3D/dist/Poli
UnityEngine.Debug:ExtractStackTraceNoAlloc (byte*,int,string)
UnityEngine.StackTraceUtility:ExtractStackTrace () (at /Users/bokken/build/output/unity/unity/Runtime/Export/Scripting/StackTrace.cs:35)
UnityEditor.AssetDatabase:ExportPackage (string[],string,UnityEditor.ExportPackageOptions)
UnityEditor.AssetDatabase:ExportPackage (string,string,UnityEditor.ExportPackageOptions) (at /Users/bokken/build/output/unity/unity/Modules/AssetDatabase/Editor/ScriptBindings/AssetDatabase.bindings.cs:667)
PoliceStationPackageBuilder:Build () (at Assets/Editor/PoliceStationPackageBuilder.cs:110)

[/Users/bokken/build/output/unity/unity/Modules/AssetDatabase/Editor/ScriptBindings/AssetDatabase.bindings.cs line 667]

63 65 53 74 61 74 69 6f 6e 5f 4d 6f 62 69 6c 65  ceStation_Mobile
UnityEngine.Debug:ExtractStackTraceNoAlloc (byte*,int,string)
UnityEngine.StackTraceUtility:ExtractStackTrace () (at /Users/bokken/build/output/unity/unity/Runtime/Export/Scripting/StackTrace.cs:35)
UnityEditor.AssetDatabase:ExportPackage (string[],string,UnityEditor.ExportPackageOptions)
UnityEditor.AssetDatabase:ExportPackage (string,string,UnityEditor.ExportPackageOptions) (at /Users/bokken/build/output/unity/unity/Modules/AssetDatabase/Editor/ScriptBindings/AssetDatabase.bindings.cs:667)
PoliceStationPackageBuilder:Build () (at Assets/Editor/PoliceStationPackageBuilder.cs:110)

[/Users/bokken/build/output/unity/unity/Modules/AssetDatabase/Editor/ScriptBindings/AssetDatabase.bindings.cs line 667]

5f 55 52 50 2e 75 6e 69 74 79 70 61 63 6b 61 67  _URP.unitypackag
UnityEngine.Debug:ExtractStackTraceNoAlloc (byte*,int,string)
UnityEngine.StackTraceUtility:ExtractStackTrace () (at /Users/bokken/build/output/unity/unity/Runtime/Export/Scripting/StackTrace.cs:35)
UnityEditor.AssetDatabase:ExportPackage (string[],string,UnityEditor.ExportPackageOptions)
UnityEditor.AssetDatabase:ExportPackage (string,string,UnityEditor.ExportPackageOptions) (at /Users/bokken/build/output/unity/unity/Modules/AssetDatabase/Editor/ScriptBindings/AssetDatabase.bindings.cs:667)
PoliceStationPackageBuilder:Build () (at Assets/Editor/PoliceStationPackageBuilder.cs:110)

[/Users/bokken/build/output/unity/unity/Modules/AssetDatabase/Editor/ScriptBindings/AssetDatabase.bindings.cs line 667]

65 00 .. .. .. .. .. .. .. .. .. .. .. .. .. ..  e.
UnityEngine.Debug:ExtractStackTraceNoAlloc (byte*,int,string)
UnityEngine.StackTraceUtility:ExtractStackTrace () (at /Users/bokken/build/output/unity/unity/Runtime/Export/Scripting/StackTrace.cs:35)
UnityEditor.AssetDatabase:ExportPackage (string[],string,UnityEditor.ExportPackageOptions)
UnityEditor.AssetDatabase:ExportPackage (string,string,UnityEditor.ExportPackageOptions) (at /Users/bokken/build/output/unity/unity/Modules/AssetDatabase/Editor/ScriptBindings/AssetDatabase.bindings.cs:667)
PoliceStationPackageBuilder:Build () (at Assets/Editor/PoliceStationPackageBuilder.cs:110)

[/Users/bokken/build/output/unity/unity/Modules/AssetDatabase/Editor/ScriptBindings/AssetDatabase.bindings.cs line 667]

Allocation of 40 bytes at 0x14d640340
UnityEngine.Debug:ExtractStackTraceNoAlloc (byte*,int,string)
UnityEngine.StackTraceUtility:ExtractStackTrace () (at /Users/bokken/build/output/unity/unity/Runtime/Export/Scripting/StackTrace.cs:35)
UnityEditor.AssetDatabase:ExportPackage (string[],string,UnityEditor.ExportPackageOptions)
UnityEditor.AssetDatabase:ExportPackage (string,string,UnityEditor.ExportPackageOptions) (at /Users/bokken/build/output/unity/unity/Modules/AssetDatabase/Editor/ScriptBindings/AssetDatabase.bindings.cs:667)
PoliceStationPackageBuilder:Build () (at Assets/Editor/PoliceStationPackageBuilder.cs:110)

[/Users/bokken/build/output/unity/unity/Modules/AssetDatabase/Editor/ScriptBindings/AssetDatabase.bindings.cs line 667]

41 73 73 65 74 73 2f 50 6f 6c 69 63 65 53 74 61  Assets/PoliceSta
UnityEngine.Debug:ExtractStackTraceNoAlloc (byte*,int,string)
UnityEngine.StackTraceUtility:ExtractStackTrace () (at /Users/bokken/build/output/unity/unity/Runtime/Export/Scripting/StackTrace.cs:35)
UnityEditor.AssetDatabase:ExportPackage (string[],string,UnityEditor.ExportPackageOptions)
UnityEditor.AssetDatabase:ExportPackage (string,string,UnityEditor.ExportPackageOptions) (at /Users/bokken/build/output/unity/unity/Modules/AssetDatabase/Editor/ScriptBindings/AssetDatabase.bindings.cs:667)
PoliceStationPackageBuilder:Build () (at Assets/Editor/PoliceStationPackageBuilder.cs:110)

[/Users/bokken/build/output/unity/unity/Modules/AssetDatabase/Editor/ScriptBindings/AssetDatabase.bindings.cs line 667]

74 69 6f 6e 4d 6f 62 69 6c 65 00 00 00 00 00 05  tionMobile......
UnityEngine.Debug:ExtractStackTraceNoAlloc (byte*,int,string)
UnityEngine.StackTraceUtility:ExtractStackTrace () (at /Users/bokken/build/output/unity/unity/Runtime/Export/Scripting/StackTrace.cs:35)
UnityEditor.AssetDatabase:ExportPackage (string[],string,UnityEditor.ExportPackageOptions)
UnityEditor.AssetDatabase:ExportPackage (string,string,UnityEditor.ExportPackageOptions) (at /Users/bokken/build/output/unity/unity/Modules/AssetDatabase/Editor/ScriptBindings/AssetDatabase.bindings.cs:667)
PoliceStationPackageBuilder:Build () (at Assets/Editor/PoliceStationPackageBuilder.cs:110)

[/Users/bokken/build/output/unity/unity/Modules/AssetDatabase/Editor/ScriptBindings/AssetDatabase.bindings.cs line 667]

01 00 00 00 ff ff ff ff .. .. .. .. .. .. .. ..  ........
UnityEngine.Debug:ExtractStackTraceNoAlloc (byte*,int,string)
UnityEngine.StackTraceUtility:ExtractStackTrace () (at /Users/bokken/build/output/unity/unity/Runtime/Export/Scripting/StackTrace.cs:35)
UnityEditor.AssetDatabase:ExportPackage (string[],string,UnityEditor.ExportPackageOptions)
UnityEditor.AssetDatabase:ExportPackage (string,string,UnityEditor.ExportPackageOptions) (at /Users/bokken/build/output/unity/unity/Modules/AssetDatabase/Editor/ScriptBindings/AssetDatabase.bindings.cs:667)
PoliceStationPackageBuilder:Build () (at Assets/Editor/PoliceStationPackageBuilder.cs:110)

[/Users/bokken/build/output/unity/unity/Modules/AssetDatabase/Editor/ScriptBindings/AssetDatabase.bindings.cs line 667]

Allocation of 34 bytes at 0x14d640300
UnityEngine.Debug:ExtractStackTraceNoAlloc (byte*,int,string)
UnityEngine.StackTraceUtility:ExtractStackTrace () (at /Users/bokken/build/output/unity/unity/Runtime/Export/Scripting/StackTrace.cs:35)
UnityEditor.AssetDatabase:ExportPackage (string[],string,UnityEditor.ExportPackageOptions)
UnityEditor.AssetDatabase:ExportPackage (string,string,UnityEditor.ExportPackageOptions) (at /Users/bokken/build/output/unity/unity/Modules/AssetDatabase/Editor/ScriptBindings/AssetDatabase.bindings.cs:667)
PoliceStationPackageBuilder:Build () (at Assets/Editor/PoliceStationPackageBuilder.cs:110)

[/Users/bokken/build/output/unity/unity/Modules/AssetDatabase/Editor/ScriptBindings/AssetDatabase.bindings.cs line 667]

50 6f 6c 69 63 65 53 74 61 74 69 6f 6e 50 61 63  PoliceStationPac
UnityEngine.Debug:ExtractStackTraceNoAlloc (byte*,int,string)
UnityEngine.StackTraceUtility:ExtractStackTrace () (at /Users/bokken/build/output/unity/unity/Runtime/Export/Scripting/StackTrace.cs:35)
UnityEditor.AssetDatabase:ExportPackage (string[],string,UnityEditor.ExportPackageOptions)
UnityEditor.AssetDatabase:ExportPackage (string,string,UnityEditor.ExportPackageOptions) (at /Users/bokken/build/output/unity/unity/Modules/AssetDatabase/Editor/ScriptBindings/AssetDatabase.bindings.cs:667)
PoliceStationPackageBuilder:Build () (at Assets/Editor/PoliceStationPackageBuilder.cs:110)

[/Users/bokken/build/output/unity/unity/Modules/AssetDatabase/Editor/ScriptBindings/AssetDatabase.bindings.cs line 667]

6b 61 67 65 42 75 69 6c 64 65 72 2e 42 75 69 6c  kageBuilder.Buil
UnityEngine.Debug:ExtractStackTraceNoAlloc (byte*,int,string)
UnityEngine.StackTraceUtility:ExtractStackTrace () (at /Users/bokken/build/output/unity/unity/Runtime/Export/Scripting/StackTrace.cs:35)
UnityEditor.AssetDatabase:ExportPackage (string[],string,UnityEditor.ExportPackageOptions)
UnityEditor.AssetDatabase:ExportPackage (string,string,UnityEditor.ExportPackageOptions) (at /Users/bokken/build/output/unity/unity/Modules/AssetDatabase/Editor/ScriptBindings/AssetDatabase.bindings.cs:667)
PoliceStationPackageBuilder:Build () (at Assets/Editor/PoliceStationPackageBuilder.cs:110)

[/Users/bokken/build/output/unity/unity/Modules/AssetDatabase/Editor/ScriptBindings/AssetDatabase.bindings.cs line 667]

64 00 .. .. .. .. .. .. .. .. .. .. .. .. .. ..  d.
UnityEngine.Debug:ExtractStackTraceNoAlloc (byte*,int,string)
UnityEngine.StackTraceUtility:ExtractStackTrace () (at /Users/bokken/build/output/unity/unity/Runtime/Export/Scripting/StackTrace.cs:35)
UnityEditor.AssetDatabase:ExportPackage (string[],string,UnityEditor.ExportPackageOptions)
UnityEditor.AssetDatabase:ExportPackage (string,string,UnityEditor.ExportPackageOptions) (at /Users/bokken/build/output/unity/unity/Modules/AssetDatabase/Editor/ScriptBindings/AssetDatabase.bindings.cs:667)
PoliceStationPackageBuilder:Build () (at Assets/Editor/PoliceStationPackageBuilder.cs:110)

[/Users/bokken/build/output/unity/unity/Modules/AssetDatabase/Editor/ScriptBindings/AssetDatabase.bindings.cs line 667]

TLS Allocator ALLOC_TEMP_TLS, underlying allocator ALLOC_TEMP_MAIN has unfreed allocations, size 4679
UnityEngine.Debug:ExtractStackTraceNoAlloc (byte*,int,string)
UnityEngine.StackTraceUtility:ExtractStackTrace () (at /Users/bokken/build/output/unity/unity/Runtime/Export/Scripting/StackTrace.cs:35)
UnityEditor.AssetDatabase:ExportPackage (string[],string,UnityEditor.ExportPackageOptions)
UnityEditor.AssetDatabase:ExportPackage (string,string,UnityEditor.ExportPackageOptions) (at /Users/bokken/build/output/unity/unity/Modules/AssetDatabase/Editor/ScriptBindings/AssetDatabase.bindings.cs:667)
PoliceStationPackageBuilder:Build () (at Assets/Editor/PoliceStationPackageBuilder.cs:110)

[/Users/bokken/build/output/unity/unity/Modules/AssetDatabase/Editor/ScriptBindings/AssetDatabase.bindings.cs line 667]

Internal: Stack allocator ALLOC_TEMP_MAIN has unfreed allocations, size 4679
To Debug, run app with -diag-temp-memory-leak-validation cmd line argument. This will output the callstacks of the leaked allocations.
Allocation of 85 bytes at 0x14d641720
UnityEngine.Debug:ExtractStackTraceNoAlloc (byte*,int,string)
UnityEngine.StackTraceUtility:ExtractStackTrace () (at /Users/bokken/build/output/unity/unity/Runtime/Export/Scripting/StackTrace.cs:35)
UnityEditor.AssetDatabase:ExportPackage (string[],string,UnityEditor.ExportPackageOptions)
UnityEditor.AssetDatabase:ExportPackage (string,string,UnityEditor.ExportPackageOptions) (at /Users/bokken/build/output/unity/unity/Modules/AssetDatabase/Editor/ScriptBindings/AssetDatabase.bindings.cs:667)
PoliceStationPackageBuilder:Build () (at Assets/Editor/PoliceStationPackageBuilder.cs:110)

[/Users/bokken/build/output/unity/unity/Modules/AssetDatabase/Editor/ScriptBindings/AssetDatabase.bindings.cs line 667]

2f 70 72 69 76 61 74 65 2f 74 6d 70 2f 66 72 61  /private/tmp/fra
UnityEngine.Debug:ExtractStackTraceNoAlloc (byte*,int,string)
UnityEngine.StackTraceUtility:ExtractStackTrace () (at /Users/bokken/build/output/unity/unity/Runtime/Export/Scripting/StackTrace.cs:35)
UnityEditor.AssetDatabase:ExportPackage (string[],string,UnityEditor.ExportPackageOptions)
UnityEditor.AssetDatabase:ExportPackage (string,string,UnityEditor.ExportPackageOptions) (at /Users/bokken/build/output/unity/unity/Modules/AssetDatabase/Editor/ScriptBindings/AssetDatabase.bindings.cs:667)
PoliceStationPackageBuilder:Build () (at Assets/Editor/PoliceStationPackageBuilder.cs:110)

[/Users/bokken/build/output/unity/unity/Modules/AssetDatabase/Editor/ScriptBindings/AssetDatabase.bindings.cs line 667]

6e 6b 6c 69 6e 2d 70 6f 6c 69 63 65 2d 75 6e 69  nklin-police-uni
UnityEngine.Debug:ExtractStackTraceNoAlloc (byte*,int,string)
UnityEngine.StackTraceUtility:ExtractStackTrace () (at /Users/bokken/build/output/unity/unity/Runtime/Export/Scripting/StackTrace.cs:35)
UnityEditor.AssetDatabase:ExportPackage (string[],string,UnityEditor.ExportPackageOptions)
UnityEditor.AssetDatabase:ExportPackage (string,string,UnityEditor.ExportPackageOptions) (at /Users/bokken/build/output/unity/unity/Modules/AssetDatabase/Editor/ScriptBindings/AssetDatabase.bindings.cs:667)
PoliceStationPackageBuilder:Build () (at Assets/Editor/PoliceStationPackageBuilder.cs:110)

[/Users/bokken/build/output/unity/unity/Modules/AssetDatabase/Editor/ScriptBindings/AssetDatabase.bindings.cs line 667]

74 79 70 61 63 6b 61 67 65 2e 77 62 64 7a 57 4e  typackage.wbdzWN
UnityEngine.Debug:ExtractStackTraceNoAlloc (byte*,int,string)
UnityEngine.StackTraceUtility:ExtractStackTrace () (at /Users/bokken/build/output/unity/unity/Runtime/Export/Scripting/StackTrace.cs:35)
UnityEditor.AssetDatabase:ExportPackage (string[],string,UnityEditor.ExportPackageOptions)
UnityEditor.AssetDatabase:ExportPackage (string,string,UnityEditor.ExportPackageOptions) (at /Users/bokken/build/output/unity/unity/Modules/AssetDatabase/Editor/ScriptBindings/AssetDatabase.bindings.cs:667)
PoliceStationPackageBuilder:Build () (at Assets/Editor/PoliceStationPackageBuilder.cs:110)

[/Users/bokken/build/output/unity/unity/Modules/AssetDatabase/Editor/ScriptBindings/AssetDatabase.bindings.cs line 667]

2f 54 65 6d 70 2f 74 65 6d 70 45 78 70 6f 72 74  /Temp/tempExport
UnityEngine.Debug:ExtractStackTraceNoAlloc (byte*,int,string)
UnityEngine.StackTraceUtility:ExtractStackTrace () (at /Users/bokken/build/output/unity/unity/Runtime/Export/Scripting/StackTrace.cs:35)
UnityEditor.AssetDatabase:ExportPackage (string[],string,UnityEditor.ExportPackageOptions)
UnityEditor.AssetDatabase:ExportPackage (string,string,UnityEditor.ExportPackageOptions) (at /Users/bokken/build/output/unity/unity/Modules/AssetDatabase/Editor/ScriptBindings/AssetDatabase.bindings.cs:667)
PoliceStationPackageBuilder:Build () (at Assets/Editor/PoliceStationPackageBuilder.cs:110)

[/Users/bokken/build/output/unity/unity/Modules/AssetDatabase/Editor/ScriptBindings/AssetDatabase.bindings.cs line 667]

50 61 63 6b 61 67 65 2e 75 6e 69 74 79 70 61 63  Package.unitypac
UnityEngine.Debug:ExtractStackTraceNoAlloc (byte*,int,string)
UnityEngine.StackTraceUtility:ExtractStackTrace () (at /Users/bokken/build/output/unity/unity/Runtime/Export/Scripting/StackTrace.cs:35)
UnityEditor.AssetDatabase:ExportPackage (string[],string,UnityEditor.ExportPackageOptions)
UnityEditor.AssetDatabase:ExportPackage (string,string,UnityEditor.ExportPackageOptions) (at /Users/bokken/build/output/unity/unity/Modules/AssetDatabase/Editor/ScriptBindings/AssetDatabase.bindings.cs:667)
PoliceStationPackageBuilder:Build () (at Assets/Editor/PoliceStationPackageBuilder.cs:110)

[/Users/bokken/build/output/unity/unity/Modules/AssetDatabase/Editor/ScriptBindings/AssetDatabase.bindings.cs line 667]

6b 61 67 65 00 .. .. .. .. .. .. .. .. .. .. ..  kage.
UnityEngine.Debug:ExtractStackTraceNoAlloc (byte*,int,string)
UnityEngine.StackTraceUtility:ExtractStackTrace () (at /Users/bokken/build/output/unity/unity/Runtime/Export/Scripting/StackTrace.cs:35)
UnityEditor.AssetDatabase:ExportPackage (string[],string,UnityEditor.ExportPackageOptions)
UnityEditor.AssetDatabase:ExportPackage (string,string,UnityEditor.ExportPackageOptions) (at /Users/bokken/build/output/unity/unity/Modules/AssetDatabase/Editor/ScriptBindings/AssetDatabase.bindings.cs:667)
PoliceStationPackageBuilder:Build () (at Assets/Editor/PoliceStationPackageBuilder.cs:110)

[/Users/bokken/build/output/unity/unity/Modules/AssetDatabase/Editor/ScriptBindings/AssetDatabase.bindings.cs line 667]

Allocation of 54 bytes at 0x14d6416d0
UnityEngine.Debug:ExtractStackTraceNoAlloc (byte*,int,string)
UnityEngine.StackTraceUtility:ExtractStackTrace () (at /Users/bokken/build/output/unity/unity/Runtime/Export/Scripting/StackTrace.cs:35)
UnityEditor.AssetDatabase:ExportPackage (string[],string,UnityEditor.ExportPackageOptions)
UnityEditor.AssetDatabase:ExportPackage (string,string,UnityEditor.ExportPackageOptions) (at /Users/bokken/build/output/unity/unity/Modules/AssetDatabase/Editor/ScriptBindings/AssetDatabase.bindings.cs:667)
PoliceStationPackageBuilder:Build () (at Assets/Editor/PoliceStationPackageBuilder.cs:110)

[/Users/bokken/build/output/unity/unity/Modules/AssetDatabase/Editor/ScriptBindings/AssetDatabase.bindings.cs line 667]

2f 70 72 69 76 61 74 65 2f 74 6d 70 2f 66 72 61  /private/tmp/fra
UnityEngine.Debug:ExtractStackTraceNoAlloc (byte*,int,string)
UnityEngine.StackTraceUtility:ExtractStackTrace () (at /Users/bokken/build/output/unity/unity/Runtime/Export/Scripting/StackTrace.cs:35)
UnityEditor.AssetDatabase:ExportPackage (string[],string,UnityEditor.ExportPackageOptions)
UnityEditor.AssetDatabase:ExportPackage (string,string,UnityEditor.ExportPackageOptions) (at /Users/bokken/build/output/unity/unity/Modules/AssetDatabase/Editor/ScriptBindings/AssetDatabase.bindings.cs:667)
PoliceStationPackageBuilder:Build () (at Assets/Editor/PoliceStationPackageBuilder.cs:110)

[/Users/bokken/build/output/unity/unity/Modules/AssetDatabase/Editor/ScriptBindings/AssetDatabase.bindings.cs line 667]

6e 6b 6c 69 6e 2d 70 6f 6c 69 63 65 2d 75 6e 69  nklin-police-uni
UnityEngine.Debug:ExtractStackTraceNoAlloc (byte*,int,string)
UnityEngine.StackTraceUtility:ExtractStackTrace () (at /Users/bokken/build/output/unity/unity/Runtime/Export/Scripting/StackTrace.cs:35)
UnityEditor.AssetDatabase:ExportPackage (string[],string,UnityEditor.ExportPackageOptions)
UnityEditor.AssetDatabase:ExportPackage (string,string,UnityEditor.ExportPackageOptions) (at /Users/bokken/build/output/unity/unity/Modules/AssetDatabase/Editor/ScriptBindings/AssetDatabase.bindings.cs:667)
PoliceStationPackageBuilder:Build () (at Assets/Editor/PoliceStationPackageBuilder.cs:110)

[/Users/bokken/build/output/unity/unity/Modules/AssetDatabase/Editor/ScriptBindings/AssetDatabase.bindings.cs line 667]

74 79 70 61 63 6b 61 67 65 2e 77 62 64 7a 57 4e  typackage.wbdzWN
UnityEngine.Debug:ExtractStackTraceNoAlloc (byte*,int,string)
UnityEngine.StackTraceUtility:ExtractStackTrace () (at /Users/bokken/build/output/unity/unity/Runtime/Export/Scripting/StackTrace.cs:35)
UnityEditor.AssetDatabase:ExportPackage (string[],string,UnityEditor.ExportPackageOptions)
UnityEditor.AssetDatabase:ExportPackage (string,string,UnityEditor.ExportPackageOptions) (at /Users/bokken/build/output/unity/unity/Modules/AssetDatabase/Editor/ScriptBindings/AssetDatabase.bindings.cs:667)
PoliceStationPackageBuilder:Build () (at Assets/Editor/PoliceStationPackageBuilder.cs:110)

[/Users/bokken/build/output/unity/unity/Modules/AssetDatabase/Editor/ScriptBindings/AssetDatabase.bindings.cs line 667]

2f 54 65 6d 70 00 .. .. .. .. .. .. .. .. .. ..  /Temp.
UnityEngine.Debug:ExtractStackTraceNoAlloc (byte*,int,string)
UnityEngine.StackTraceUtility:ExtractStackTrace () (at /Users/bokken/build/output/unity/unity/Runtime/Export/Scripting/StackTrace.cs:35)
UnityEditor.AssetDatabase:ExportPackage (string[],string,UnityEditor.ExportPackageOptions)
UnityEditor.AssetDatabase:ExportPackage (string,string,UnityEditor.ExportPackageOptions) (at /Users/bokken/build/output/unity/unity/Modules/AssetDatabase/Editor/ScriptBindings/AssetDatabase.bindings.cs:667)
PoliceStationPackageBuilder:Build () (at Assets/Editor/PoliceStationPackageBuilder.cs:110)

[/Users/bokken/build/output/unity/unity/Modules/AssetDatabase/Editor/ScriptBindings/AssetDatabase.bindings.cs line 667]

Allocation of 3072 bytes at 0x14d640a70
UnityEngine.Debug:ExtractStackTraceNoAlloc (byte*,int,string)
UnityEngine.StackTraceUtility:ExtractStackTrace () (at /Users/bokken/build/output/unity/unity/Runtime/Export/Scripting/StackTrace.cs:35)
UnityEditor.AssetDatabase:ExportPackage (string[],string,UnityEditor.ExportPackageOptions)
UnityEditor.AssetDatabase:ExportPackage (string,string,UnityEditor.ExportPackageOptions) (at /Users/bokken/build/output/unity/unity/Modules/AssetDatabase/Editor/ScriptBindings/AssetDatabase.bindings.cs:667)
PoliceStationPackageBuilder:Build () (at Assets/Editor/PoliceStationPackageBuilder.cs:110)

[/Users/bokken/build/output/unity/unity/Modules/AssetDatabase/Editor/ScriptBindings/AssetDatabase.bindings.cs line 667]

ff ff ff ff 76 61 74 65 2f 74 6d 70 2f 66 72 61  ....vate/tmp/fra
UnityEngine.Debug:ExtractStackTraceNoAlloc (byte*,int,string)
UnityEngine.StackTraceUtility:ExtractStackTrace () (at /Users/bokken/build/output/unity/unity/Runtime/Export/Scripting/StackTrace.cs:35)
UnityEditor.AssetDatabase:ExportPackage (string[],string,UnityEditor.ExportPackageOptions)
UnityEditor.AssetDatabase:ExportPackage (string,string,UnityEditor.ExportPackageOptions) (at /Users/bokken/build/output/unity/unity/Modules/AssetDatabase/Editor/ScriptBindings/AssetDatabase.bindings.cs:667)
PoliceStationPackageBuilder:Build () (at Assets/Editor/PoliceStationPackageBuilder.cs:110)

[/Users/bokken/build/output/unity/unity/Modules/AssetDatabase/Editor/ScriptBindings/AssetDatabase.bindings.cs line 667]

6e 6b 6c 69 6e 2d 70 6f 6c 69 63 65 2d 75 6e 69  nklin-police-uni
UnityEngine.Debug:ExtractStackTraceNoAlloc (byte*,int,string)
UnityEngine.StackTraceUtility:ExtractStackTrace () (at /Users/bokken/build/output/unity/unity/Runtime/Export/Scripting/StackTrace.cs:35)
UnityEditor.AssetDatabase:ExportPackage (string[],string,UnityEditor.ExportPackageOptions)
UnityEditor.AssetDatabase:ExportPackage (string,string,UnityEditor.ExportPackageOptions) (at /Users/bokken/build/output/unity/unity/Modules/AssetDatabase/Editor/ScriptBindings/AssetDatabase.bindings.cs:667)
PoliceStationPackageBuilder:Build () (at Assets/Editor/PoliceStationPackageBuilder.cs:110)

[/Users/bokken/build/output/unity/unity/Modules/AssetDatabase/Editor/ScriptBindings/AssetDatabase.bindings.cs line 667]

74 79 70 61 63 6b 61 67 65 2e 77 62 64 7a 57 4e  typackage.wbdzWN
UnityEngine.Debug:ExtractStackTraceNoAlloc (byte*,int,string)
UnityEngine.StackTraceUtility:ExtractStackTrace () (at /Users/bokken/build/output/unity/unity/Runtime/Export/Scripting/StackTrace.cs:35)
UnityEditor.AssetDatabase:ExportPackage (string[],string,UnityEditor.ExportPackageOptions)
UnityEditor.AssetDatabase:ExportPackage (string,string,UnityEditor.ExportPackageOptions) (at /Users/bokken/build/output/unity/unity/Modules/AssetDatabase/Editor/ScriptBindings/AssetDatabase.bindings.cs:667)
PoliceStationPackageBuilder:Build () (at Assets/Editor/PoliceStationPackageBuilder.cs:110)

[/Users/bokken/build/output/unity/unity/Modules/AssetDatabase/Editor/ScriptBindings/AssetDatabase.bindings.cs line 667]

ff ff ff ff 63 6b 61 67 65 2e 77 62 64 7a 57 4e  ....ckage.wbdzWN
UnityEngine.Debug:ExtractStackTraceNoAlloc (byte*,int,string)
UnityEngine.StackTraceUtility:ExtractStackTrace () (at /Users/bokken/build/output/unity/unity/Runtime/Export/Scripting/StackTrace.cs:35)
UnityEditor.AssetDatabase:ExportPackage (string[],string,UnityEditor.ExportPackageOptions)
UnityEditor.AssetDatabase:ExportPackage (string,string,UnityEditor.ExportPackageOptions) (at /Users/bokken/build/output/unity/unity/Modules/AssetDatabase/Editor/ScriptBindings/AssetDatabase.bindings.cs:667)
PoliceStationPackageBuilder:Build () (at Assets/Editor/PoliceStationPackageBuilder.cs:110)

[/Users/bokken/build/output/unity/unity/Modules/AssetDatabase/Editor/ScriptBindings/AssetDatabase.bindings.cs line 667]

70 0a 64 4d 01 00 00 00 e9 00 00 00 20 50 61 63  p.dM........ Pac
UnityEngine.Debug:ExtractStackTraceNoAlloc (byte*,int,string)
UnityEngine.StackTraceUtility:ExtractStackTrace () (at /Users/bokken/build/output/unity/unity/Runtime/Export/Scripting/StackTrace.cs:35)
UnityEditor.AssetDatabase:ExportPackage (string[],string,UnityEditor.ExportPackageOptions)
UnityEditor.AssetDatabase:ExportPackage (string,string,UnityEditor.ExportPackageOptions) (at /Users/bokken/build/output/unity/unity/Modules/AssetDatabase/Editor/ScriptBindings/AssetDatabase.bindings.cs:667)
PoliceStationPackageBuilder:Build () (at Assets/Editor/PoliceStationPackageBuilder.cs:110)

[/Users/bokken/build/output/unity/unity/Modules/AssetDatabase/Editor/ScriptBindings/AssetDatabase.bindings.cs line 667]

2f 70 72 69 76 61 74 65 2f 74 6d 70 2f 66 72 61  /private/tmp/fra
UnityEngine.Debug:ExtractStackTraceNoAlloc (byte*,int,string)
UnityEngine.StackTraceUtility:ExtractStackTrace () (at /Users/bokken/build/output/unity/unity/Runtime/Export/Scripting/StackTrace.cs:35)
UnityEditor.AssetDatabase:ExportPackage (string[],string,UnityEditor.ExportPackageOptions)
UnityEditor.AssetDatabase:ExportPackage (string,string,UnityEditor.ExportPackageOptions) (at /Users/bokken/build/output/unity/unity/Modules/AssetDatabase/Editor/ScriptBindings/AssetDatabase.bindings.cs:667)
PoliceStationPackageBuilder:Build () (at Assets/Editor/PoliceStationPackageBuilder.cs:110)

[/Users/bokken/build/output/unity/unity/Modules/AssetDatabase/Editor/ScriptBindings/AssetDatabase.bindings.cs line 667]

ff ff ff ff 6e 2d 70 6f 6c 69 63 65 2d 75 6e 69  ....n-police-uni
UnityEngine.Debug:ExtractStackTraceNoAlloc (byte*,int,string)
UnityEngine.StackTraceUtility:ExtractStackTrace () (at /Users/bokken/build/output/unity/unity/Runtime/Export/Scripting/StackTrace.cs:35)
UnityEditor.AssetDatabase:ExportPackage (string[],string,UnityEditor.ExportPackageOptions)
UnityEditor.AssetDatabase:ExportPackage (string,string,UnityEditor.ExportPackageOptions) (at /Users/bokken/build/output/unity/unity/Modules/AssetDatabase/Editor/ScriptBindings/AssetDatabase.bindings.cs:667)
PoliceStationPackageBuilder:Build () (at Assets/Editor/PoliceStationPackageBuilder.cs:110)

[/Users/bokken/build/output/unity/unity/Modules/AssetDatabase/Editor/ScriptBindings/AssetDatabase.bindings.cs line 667]

74 79 70 61 63 6b 61 67 65 2e 77 62 64 7a 57 4e  typackage.wbdzWN
UnityEngine.Debug:ExtractStackTraceNoAlloc (byte*,int,string)
UnityEngine.StackTraceUtility:ExtractStackTrace () (at /Users/bokken/build/output/unity/unity/Runtime/Export/Scripting/StackTrace.cs:35)
UnityEditor.AssetDatabase:ExportPackage (string[],string,UnityEditor.ExportPackageOptions)
UnityEditor.AssetDatabase:ExportPackage (string,string,UnityEditor.ExportPackageOptions) (at /Users/bokken/build/output/unity/unity/Modules/AssetDatabase/Editor/ScriptBindings/AssetDatabase.bindings.cs:667)
PoliceStationPackageBuilder:Build () (at Assets/Editor/PoliceStationPackageBuilder.cs:110)

[/Users/bokken/build/output/unity/unity/Modules/AssetDatabase/Editor/ScriptBindings/AssetDatabase.bindings.cs line 667]

Allocation of 1280 bytes at 0x14d640410
UnityEngine.Debug:ExtractStackTraceNoAlloc (byte*,int,string)
UnityEngine.StackTraceUtility:ExtractStackTrace () (at /Users/bokken/build/output/unity/unity/Runtime/Export/Scripting/StackTrace.cs:35)
UnityEditor.AssetDatabase:ExportPackage (string[],string,UnityEditor.ExportPackageOptions)
UnityEditor.AssetDatabase:ExportPackage (string,string,UnityEditor.ExportPackageOptions) (at /Users/bokken/build/output/unity/unity/Modules/AssetDatabase/Editor/ScriptBindings/AssetDatabase.bindings.cs:667)
PoliceStationPackageBuilder:Build () (at Assets/Editor/PoliceStationPackageBuilder.cs:110)

[/Users/bokken/build/output/unity/unity/Modules/AssetDatabase/Editor/ScriptBindings/AssetDatabase.bindings.cs line 667]

ff ff ff ff 6d 6f 62 69 6c 65 2f 72 65 61 64 6d  ....mobile/readm
UnityEngine.Debug:ExtractStackTraceNoAlloc (byte*,int,string)
UnityEngine.StackTraceUtility:ExtractStackTrace () (at /Users/bokken/build/output/unity/unity/Runtime/Export/Scripting/StackTrace.cs:35)
UnityEditor.AssetDatabase:ExportPackage (string[],string,UnityEditor.ExportPackageOptions)
UnityEditor.AssetDatabase:ExportPackage (string,string,UnityEditor.ExportPackageOptions) (at /Users/bokken/build/output/unity/unity/Modules/AssetDatabase/Editor/ScriptBindings/AssetDatabase.bindings.cs:667)
PoliceStationPackageBuilder:Build () (at Assets/Editor/PoliceStationPackageBuilder.cs:110)

[/Users/bokken/build/output/unity/unity/Modules/AssetDatabase/Editor/ScriptBindings/AssetDatabase.bindings.cs line 667]

65 2e 6d 64 ff ff ff ff 70 6e 67 00 5f 73 75 72  e.md....png._sur
UnityEngine.Debug:ExtractStackTraceNoAlloc (byte*,int,string)
UnityEngine.StackTraceUtility:ExtractStackTrace () (at /Users/bokken/build/output/unity/unity/Runtime/Export/Scripting/StackTrace.cs:35)
UnityEditor.AssetDatabase:ExportPackage (string[],string,UnityEditor.ExportPackageOptions)
UnityEditor.AssetDatabase:ExportPackage (string,string,UnityEditor.ExportPackageOptions) (at /Users/bokken/build/output/unity/unity/Modules/AssetDatabase/Editor/ScriptBindings/AssetDatabase.bindings.cs:667)
PoliceStationPackageBuilder:Build () (at Assets/Editor/PoliceStationPackageBuilder.cs:110)

[/Users/bokken/build/output/unity/unity/Modules/AssetDatabase/Editor/ScriptBindings/AssetDatabase.bindings.cs line 667]

61 73 73 65 74 73 2f 70 08 35 94 60 bb ed ed ad  assets/p.5.`....
UnityEngine.Debug:ExtractStackTraceNoAlloc (byte*,int,string)
UnityEngine.StackTraceUtility:ExtractStackTrace () (at /Users/bokken/build/output/unity/unity/Runtime/Export/Scripting/StackTrace.cs:35)
UnityEditor.AssetDatabase:ExportPackage (string[],string,UnityEditor.ExportPackageOptions)
UnityEditor.AssetDatabase:ExportPackage (string,string,UnityEditor.ExportPackageOptions) (at /Users/bokken/build/output/unity/unity/Modules/AssetDatabase/Editor/ScriptBindings/AssetDatabase.bindings.cs:667)
PoliceStationPackageBuilder:Build () (at Assets/Editor/PoliceStationPackageBuilder.cs:110)

[/Users/bokken/build/output/unity/unity/Modules/AssetDatabase/Editor/ScriptBindings/AssetDatabase.bindings.cs line 667]

5b cb 4a e6 8a 7a a4 b7 66 c0 a5 23 ff ff ff ff  [.J..z..f..#....
UnityEngine.Debug:ExtractStackTraceNoAlloc (byte*,int,string)
UnityEngine.StackTraceUtility:ExtractStackTrace () (at /Users/bokken/build/output/unity/unity/Runtime/Export/Scripting/StackTrace.cs:35)
UnityEditor.AssetDatabase:ExportPackage (string[],string,UnityEditor.ExportPackageOptions)
UnityEditor.AssetDatabase:ExportPackage (string,string,UnityEditor.ExportPackageOptions) (at /Users/bokken/build/output/unity/unity/Modules/AssetDatabase/Editor/ScriptBindings/AssetDatabase.bindings.cs:667)
PoliceStationPackageBuilder:Build () (at Assets/Editor/PoliceStationPackageBuilder.cs:110)

[/Users/bokken/build/output/unity/unity/Modules/AssetDatabase/Editor/ScriptBindings/AssetDatabase.bindings.cs line 667]

65 73 74 61 74 69 6f 6e 76 65 72 74 65 78 63 6f  estationvertexco
UnityEngine.Debug:ExtractStackTraceNoAlloc (byte*,int,string)
UnityEngine.StackTraceUtility:ExtractStackTrace () (at /Users/bokken/build/output/unity/unity/Runtime/Export/Scripting/StackTrace.cs:35)
UnityEditor.AssetDatabase:ExportPackage (string[],string,UnityEditor.ExportPackageOptions)
UnityEditor.AssetDatabase:ExportPackage (string,string,UnityEditor.ExportPackageOptions) (at /Users/bokken/build/output/unity/unity/Modules/AssetDatabase/Editor/ScriptBindings/AssetDatabase.bindings.cs:667)
PoliceStationPackageBuilder:Build () (at Assets/Editor/PoliceStationPackageBuilder.cs:110)

[/Users/bokken/build/output/unity/unity/Modules/AssetDatabase/Editor/ScriptBindings/AssetDatabase.bindings.cs line 667]

ff ff ff ff 72 70 2e 73 68 61 64 65 72 00 74 61  ....rp.shader.ta
UnityEngine.Debug:ExtractStackTraceNoAlloc (byte*,int,string)
UnityEngine.StackTraceUtility:ExtractStackTrace () (at /Users/bokken/build/output/unity/unity/Runtime/Export/Scripting/StackTrace.cs:35)
UnityEditor.AssetDatabase:ExportPackage (string[],string,UnityEditor.ExportPackageOptions)
UnityEditor.AssetDatabase:ExportPackage (string,string,UnityEditor.ExportPackageOptions) (at /Users/bokken/build/output/unity/unity/Modules/AssetDatabase/Editor/ScriptBindings/AssetDatabase.bindings.cs:667)
PoliceStationPackageBuilder:Build () (at Assets/Editor/PoliceStationPackageBuilder.cs:110)

[/Users/bokken/build/output/unity/unity/Modules/AssetDatabase/Editor/ScriptBindings/AssetDatabase.bindings.cs line 667]

74 69 6f 6e ff ff ff ff 6c 65 2f 6d 6f 64 65 6c  tion....le/model
UnityEngine.Debug:ExtractStackTraceNoAlloc (byte*,int,string)
UnityEngine.StackTraceUtility:ExtractStackTrace () (at /Users/bokken/build/output/unity/unity/Runtime/Export/Scripting/StackTrace.cs:35)
UnityEditor.AssetDatabase:ExportPackage (string[],string,UnityEditor.ExportPackageOptions)
UnityEditor.AssetDatabase:ExportPackage (string,string,UnityEditor.ExportPackageOptions) (at /Users/bokken/build/output/unity/unity/Modules/AssetDatabase/Editor/ScriptBindings/AssetDatabase.bindings.cs:667)
PoliceStationPackageBuilder:Build () (at Assets/Editor/PoliceStationPackageBuilder.cs:110)

[/Users/bokken/build/output/unity/unity/Modules/AssetDatabase/Editor/ScriptBindings/AssetDatabase.bindings.cs line 667]

2f 6d 61 74 65 72 69 61 18 c7 76 1d fb 1f 13 a1  /materia..v.....
UnityEngine.Debug:ExtractStackTraceNoAlloc (byte*,int,string)
UnityEngine.StackTraceUtility:ExtractStackTrace () (at /Users/bokken/build/output/unity/unity/Runtime/Export/Scripting/StackTrace.cs:35)
UnityEditor.AssetDatabase:ExportPackage (string[],string,UnityEditor.ExportPackageOptions)
UnityEditor.AssetDatabase:ExportPackage (string,string,UnityEditor.ExportPackageOptions) (at /Users/bokken/build/output/unity/unity/Modules/AssetDatabase/Editor/ScriptBindings/AssetDatabase.bindings.cs:667)
PoliceStationPackageBuilder:Build () (at Assets/Editor/PoliceStationPackageBuilder.cs:110)

[/Users/bokken/build/output/unity/unity/Modules/AssetDatabase/Editor/ScriptBindings/AssetDatabase.bindings.cs line 667]

Allocation of 114 bytes at 0x14d640380
UnityEngine.Debug:ExtractStackTraceNoAlloc (byte*,int,string)
UnityEngine.StackTraceUtility:ExtractStackTrace () (at /Users/bokken/build/output/unity/unity/Runtime/Export/Scripting/StackTrace.cs:35)
UnityEditor.AssetDatabase:ExportPackage (string[],string,UnityEditor.ExportPackageOptions)
UnityEditor.AssetDatabase:ExportPackage (string,string,UnityEditor.ExportPackageOptions) (at /Users/bokken/build/output/unity/unity/Modules/AssetDatabase/Editor/ScriptBindings/AssetDatabase.bindings.cs:667)
PoliceStationPackageBuilder:Build () (at Assets/Editor/PoliceStationPackageBuilder.cs:110)

[/Users/bokken/build/output/unity/unity/Modules/AssetDatabase/Editor/ScriptBindings/AssetDatabase.bindings.cs line 667]

2f 55 73 65 72 73 2f 64 69 65 70 71 75 6f 63 70  /Users/diepquocp
UnityEngine.Debug:ExtractStackTraceNoAlloc (byte*,int,string)
UnityEngine.StackTraceUtility:ExtractStackTrace () (at /Users/bokken/build/output/unity/unity/Runtime/Export/Scripting/StackTrace.cs:35)
UnityEditor.AssetDatabase:ExportPackage (string[],string,UnityEditor.ExportPackageOptions)
UnityEditor.AssetDatabase:ExportPackage (string,string,UnityEditor.ExportPackageOptions) (at /Users/bokken/build/output/unity/unity/Modules/AssetDatabase/Editor/ScriptBindings/AssetDatabase.bindings.cs:667)
PoliceStationPackageBuilder:Build () (at Assets/Editor/PoliceStationPackageBuilder.cs:110)

[/Users/bokken/build/output/unity/unity/Modules/AssetDatabase/Editor/ScriptBindings/AssetDatabase.bindings.cs line 667]

68 6f 6e 67 2f 44 6f 63 75 6d 65 6e 74 73 2f 46  hong/Documents/F
UnityEngine.Debug:ExtractStackTraceNoAlloc (byte*,int,string)
UnityEngine.StackTraceUtility:ExtractStackTrace () (at /Users/bokken/build/output/unity/unity/Runtime/Export/Scripting/StackTrace.cs:35)
UnityEditor.AssetDatabase:ExportPackage (string[],string,UnityEditor.ExportPackageOptions)
UnityEditor.AssetDatabase:ExportPackage (string,string,UnityEditor.ExportPackageOptions) (at /Users/bokken/build/output/unity/unity/Modules/AssetDatabase/Editor/ScriptBindings/AssetDatabase.bindings.cs:667)
PoliceStationPackageBuilder:Build () (at Assets/Editor/PoliceStationPackageBuilder.cs:110)

[/Users/bokken/build/output/unity/unity/Modules/AssetDatabase/Editor/ScriptBindings/AssetDatabase.bindings.cs line 667]

72 61 6e 6b 6c 69 6e 20 47 61 6d 65 2f 41 72 74  ranklin Game/Art
UnityEngine.Debug:ExtractStackTraceNoAlloc (byte*,int,string)
UnityEngine.StackTraceUtility:ExtractStackTrace () (at /Users/bokken/build/output/unity/unity/Runtime/Export/Scripting/StackTrace.cs:35)
UnityEditor.AssetDatabase:ExportPackage (string[],string,UnityEditor.ExportPackageOptions)
UnityEditor.AssetDatabase:ExportPackage (string,string,UnityEditor.ExportPackageOptions) (at /Users/bokken/build/output/unity/unity/Modules/AssetDatabase/Editor/ScriptBindings/AssetDatabase.bindings.cs:667)
PoliceStationPackageBuilder:Build () (at Assets/Editor/PoliceStationPackageBuilder.cs:110)

[/Users/bokken/build/output/unity/unity/Modules/AssetDatabase/Editor/ScriptBindings/AssetDatabase.bindings.cs line 667]

53 6f 75 72 63 65 2f 50 6f 6c 69 63 65 53 74 61  Source/PoliceSta
UnityEngine.Debug:ExtractStackTraceNoAlloc (byte*,int,string)
UnityEngine.StackTraceUtility:ExtractStackTrace () (at /Users/bokken/build/output/unity/unity/Runtime/Export/Scripting/StackTrace.cs:35)
UnityEditor.AssetDatabase:ExportPackage (string[],string,UnityEditor.ExportPackageOptions)
UnityEditor.AssetDatabase:ExportPackage (string,string,UnityEditor.ExportPackageOptions) (at /Users/bokken/build/output/unity/unity/Modules/AssetDatabase/Editor/ScriptBindings/AssetDatabase.bindings.cs:667)
PoliceStationPackageBuilder:Build () (at Assets/Editor/PoliceStationPackageBuilder.cs:110)

[/Users/bokken/build/output/unity/unity/Modules/AssetDatabase/Editor/ScriptBindings/AssetDatabase.bindings.cs line 667]

74 69 6f 6e 33 44 2f 64 69 73 74 2f 50 6f 6c 69  tion3D/dist/Poli
UnityEngine.Debug:ExtractStackTraceNoAlloc (byte*,int,string)
UnityEngine.StackTraceUtility:ExtractStackTrace () (at /Users/bokken/build/output/unity/unity/Runtime/Export/Scripting/StackTrace.cs:35)
UnityEditor.AssetDatabase:ExportPackage (string[],string,UnityEditor.ExportPackageOptions)
UnityEditor.AssetDatabase:ExportPackage (string,string,UnityEditor.ExportPackageOptions) (at /Users/bokken/build/output/unity/unity/Modules/AssetDatabase/Editor/ScriptBindings/AssetDatabase.bindings.cs:667)
PoliceStationPackageBuilder:Build () (at Assets/Editor/PoliceStationPackageBuilder.cs:110)

[/Users/bokken/build/output/unity/unity/Modules/AssetDatabase/Editor/ScriptBindings/AssetDatabase.bindings.cs line 667]

63 65 53 74 61 74 69 6f 6e 5f 4d 6f 62 69 6c 65  ceStation_Mobile
UnityEngine.Debug:ExtractStackTraceNoAlloc (byte*,int,string)
UnityEngine.StackTraceUtility:ExtractStackTrace () (at /Users/bokken/build/output/unity/unity/Runtime/Export/Scripting/StackTrace.cs:35)
UnityEditor.AssetDatabase:ExportPackage (string[],string,UnityEditor.ExportPackageOptions)
UnityEditor.AssetDatabase:ExportPackage (string,string,UnityEditor.ExportPackageOptions) (at /Users/bokken/build/output/unity/unity/Modules/AssetDatabase/Editor/ScriptBindings/AssetDatabase.bindings.cs:667)
PoliceStationPackageBuilder:Build () (at Assets/Editor/PoliceStationPackageBuilder.cs:110)

[/Users/bokken/build/output/unity/unity/Modules/AssetDatabase/Editor/ScriptBindings/AssetDatabase.bindings.cs line 667]

5f 55 52 50 2e 75 6e 69 74 79 70 61 63 6b 61 67  _URP.unitypackag
UnityEngine.Debug:ExtractStackTraceNoAlloc (byte*,int,string)
UnityEngine.StackTraceUtility:ExtractStackTrace () (at /Users/bokken/build/output/unity/unity/Runtime/Export/Scripting/StackTrace.cs:35)
UnityEditor.AssetDatabase:ExportPackage (string[],string,UnityEditor.ExportPackageOptions)
UnityEditor.AssetDatabase:ExportPackage (string,string,UnityEditor.ExportPackageOptions) (at /Users/bokken/build/output/unity/unity/Modules/AssetDatabase/Editor/ScriptBindings/AssetDatabase.bindings.cs:667)
PoliceStationPackageBuilder:Build () (at Assets/Editor/PoliceStationPackageBuilder.cs:110)

[/Users/bokken/build/output/unity/unity/Modules/AssetDatabase/Editor/ScriptBindings/AssetDatabase.bindings.cs line 667]

65 00 .. .. .. .. .. .. .. .. .. .. .. .. .. ..  e.
UnityEngine.Debug:ExtractStackTraceNoAlloc (byte*,int,string)
UnityEngine.StackTraceUtility:ExtractStackTrace () (at /Users/bokken/build/output/unity/unity/Runtime/Export/Scripting/StackTrace.cs:35)
UnityEditor.AssetDatabase:ExportPackage (string[],string,UnityEditor.ExportPackageOptions)
UnityEditor.AssetDatabase:ExportPackage (string,string,UnityEditor.ExportPackageOptions) (at /Users/bokken/build/output/unity/unity/Modules/AssetDatabase/Editor/ScriptBindings/AssetDatabase.bindings.cs:667)
PoliceStationPackageBuilder:Build () (at Assets/Editor/PoliceStationPackageBuilder.cs:110)

[/Users/bokken/build/output/unity/unity/Modules/AssetDatabase/Editor/ScriptBindings/AssetDatabase.bindings.cs line 667]

Allocation of 40 bytes at 0x14d640340
UnityEngine.Debug:ExtractStackTraceNoAlloc (byte*,int,string)
UnityEngine.StackTraceUtility:ExtractStackTrace () (at /Users/bokken/build/output/unity/unity/Runtime/Export/Scripting/StackTrace.cs:35)
UnityEditor.AssetDatabase:ExportPackage (string[],string,UnityEditor.ExportPackageOptions)
UnityEditor.AssetDatabase:ExportPackage (string,string,UnityEditor.ExportPackageOptions) (at /Users/bokken/build/output/unity/unity/Modules/AssetDatabase/Editor/ScriptBindings/AssetDatabase.bindings.cs:667)
PoliceStationPackageBuilder:Build () (at Assets/Editor/PoliceStationPackageBuilder.cs:110)

[/Users/bokken/build/output/unity/unity/Modules/AssetDatabase/Editor/ScriptBindings/AssetDatabase.bindings.cs line 667]

41 73 73 65 74 73 2f 50 6f 6c 69 63 65 53 74 61  Assets/PoliceSta
UnityEngine.Debug:ExtractStackTraceNoAlloc (byte*,int,string)
UnityEngine.StackTraceUtility:ExtractStackTrace () (at /Users/bokken/build/output/unity/unity/Runtime/Export/Scripting/StackTrace.cs:35)
UnityEditor.AssetDatabase:ExportPackage (string[],string,UnityEditor.ExportPackageOptions)
UnityEditor.AssetDatabase:ExportPackage (string,string,UnityEditor.ExportPackageOptions) (at /Users/bokken/build/output/unity/unity/Modules/AssetDatabase/Editor/ScriptBindings/AssetDatabase.bindings.cs:667)
PoliceStationPackageBuilder:Build () (at Assets/Editor/PoliceStationPackageBuilder.cs:110)

[/Users/bokken/build/output/unity/unity/Modules/AssetDatabase/Editor/ScriptBindings/AssetDatabase.bindings.cs line 667]

74 69 6f 6e 4d 6f 62 69 6c 65 00 00 00 00 00 05  tionMobile......
UnityEngine.Debug:ExtractStackTraceNoAlloc (byte*,int,string)
UnityEngine.StackTraceUtility:ExtractStackTrace () (at /Users/bokken/build/output/unity/unity/Runtime/Export/Scripting/StackTrace.cs:35)
UnityEditor.AssetDatabase:ExportPackage (string[],string,UnityEditor.ExportPackageOptions)
UnityEditor.AssetDatabase:ExportPackage (string,string,UnityEditor.ExportPackageOptions) (at /Users/bokken/build/output/unity/unity/Modules/AssetDatabase/Editor/ScriptBindings/AssetDatabase.bindings.cs:667)
PoliceStationPackageBuilder:Build () (at Assets/Editor/PoliceStationPackageBuilder.cs:110)

[/Users/bokken/build/output/unity/unity/Modules/AssetDatabase/Editor/ScriptBindings/AssetDatabase.bindings.cs line 667]

01 00 00 00 ff ff ff ff .. .. .. .. .. .. .. ..  ........
UnityEngine.Debug:ExtractStackTraceNoAlloc (byte*,int,string)
UnityEngine.StackTraceUtility:ExtractStackTrace () (at /Users/bokken/build/output/unity/unity/Runtime/Export/Scripting/StackTrace.cs:35)
UnityEditor.AssetDatabase:ExportPackage (string[],string,UnityEditor.ExportPackageOptions)
UnityEditor.AssetDatabase:ExportPackage (string,string,UnityEditor.ExportPackageOptions) (at /Users/bokken/build/output/unity/unity/Modules/AssetDatabase/Editor/ScriptBindings/AssetDatabase.bindings.cs:667)
PoliceStationPackageBuilder:Build () (at Assets/Editor/PoliceStationPackageBuilder.cs:110)

[/Users/bokken/build/output/unity/unity/Modules/AssetDatabase/Editor/ScriptBindings/AssetDatabase.bindings.cs line 667]

Allocation of 34 bytes at 0x14d640300
UnityEngine.Debug:ExtractStackTraceNoAlloc (byte*,int,string)
UnityEngine.StackTraceUtility:ExtractStackTrace () (at /Users/bokken/build/output/unity/unity/Runtime/Export/Scripting/StackTrace.cs:35)
UnityEditor.AssetDatabase:ExportPackage (string[],string,UnityEditor.ExportPackageOptions)
UnityEditor.AssetDatabase:ExportPackage (string,string,UnityEditor.ExportPackageOptions) (at /Users/bokken/build/output/unity/unity/Modules/AssetDatabase/Editor/ScriptBindings/AssetDatabase.bindings.cs:667)
PoliceStationPackageBuilder:Build () (at Assets/Editor/PoliceStationPackageBuilder.cs:110)

[/Users/bokken/build/output/unity/unity/Modules/AssetDatabase/Editor/ScriptBindings/AssetDatabase.bindings.cs line 667]

50 6f 6c 69 63 65 53 74 61 74 69 6f 6e 50 61 63  PoliceStationPac
UnityEngine.Debug:ExtractStackTraceNoAlloc (byte*,int,string)
UnityEngine.StackTraceUtility:ExtractStackTrace () (at /Users/bokken/build/output/unity/unity/Runtime/Export/Scripting/StackTrace.cs:35)
UnityEditor.AssetDatabase:ExportPackage (string[],string,UnityEditor.ExportPackageOptions)
UnityEditor.AssetDatabase:ExportPackage (string,string,UnityEditor.ExportPackageOptions) (at /Users/bokken/build/output/unity/unity/Modules/AssetDatabase/Editor/ScriptBindings/AssetDatabase.bindings.cs:667)
PoliceStationPackageBuilder:Build () (at Assets/Editor/PoliceStationPackageBuilder.cs:110)

[/Users/bokken/build/output/unity/unity/Modules/AssetDatabase/Editor/ScriptBindings/AssetDatabase.bindings.cs line 667]

6b 61 67 65 42 75 69 6c 64 65 72 2e 42 75 69 6c  kageBuilder.Buil
UnityEngine.Debug:ExtractStackTraceNoAlloc (byte*,int,string)
UnityEngine.StackTraceUtility:ExtractStackTrace () (at /Users/bokken/build/output/unity/unity/Runtime/Export/Scripting/StackTrace.cs:35)
UnityEditor.AssetDatabase:ExportPackage (string[],string,UnityEditor.ExportPackageOptions)
UnityEditor.AssetDatabase:ExportPackage (string,string,UnityEditor.ExportPackageOptions) (at /Users/bokken/build/output/unity/unity/Modules/AssetDatabase/Editor/ScriptBindings/AssetDatabase.bindings.cs:667)
PoliceStationPackageBuilder:Build () (at Assets/Editor/PoliceStationPackageBuilder.cs:110)

[/Users/bokken/build/output/unity/unity/Modules/AssetDatabase/Editor/ScriptBindings/AssetDatabase.bindings.cs line 667]

64 00 .. .. .. .. .. .. .. .. .. .. .. .. .. ..  d.
UnityEngine.Debug:ExtractStackTraceNoAlloc (byte*,int,string)
UnityEngine.StackTraceUtility:ExtractStackTrace () (at /Users/bokken/build/output/unity/unity/Runtime/Export/Scripting/StackTrace.cs:35)
UnityEditor.AssetDatabase:ExportPackage (string[],string,UnityEditor.ExportPackageOptions)
UnityEditor.AssetDatabase:ExportPackage (string,string,UnityEditor.ExportPackageOptions) (at /Users/bokken/build/output/unity/unity/Modules/AssetDatabase/Editor/ScriptBindings/AssetDatabase.bindings.cs:667)
PoliceStationPackageBuilder:Build () (at Assets/Editor/PoliceStationPackageBuilder.cs:110)

[/Users/bokken/build/output/unity/unity/Modules/AssetDatabase/Editor/ScriptBindings/AssetDatabase.bindings.cs line 667]

POLICE_PACKAGE_BUILD_SUCCESS package=/Users/diepquocphong/Documents/Franklin Game/ArtSource/PoliceStation3D/dist/PoliceStation_Mobile_URP.unitypackage bytes=156950 tris=5549
UnityEngine.Debug:ExtractStackTraceNoAlloc (byte*,int,string)
UnityEngine.StackTraceUtility:ExtractStackTrace () (at /Users/bokken/build/output/unity/unity/Runtime/Export/Scripting/StackTrace.cs:35)
UnityEngine.DebugLogHandler:Internal_Log (UnityEngine.LogType,UnityEngine.LogOption,string,UnityEngine.Object)
UnityEngine.DebugLogHandler:LogFormat (UnityEngine.LogType,UnityEngine.Object,string,object[])
UnityEngine.Logger:Log (UnityEngine.LogType,object)
UnityEngine.Debug:Log (object)
PoliceStationPackageBuilder:Build () (at Assets/Editor/PoliceStationPackageBuilder.cs:116)

(Filename: Assets/Editor/PoliceStationPackageBuilder.cs Line: 116)

Thread 0x303907000 may have been prematurely finalized
Batchmode quit successfully invoked - shutting down!
Killing ADB server in 0.355833 seconds.
Thread 0x16ddd3000 may have been prematurely finalized
The command could not be loaded, possibly because:
  * You intended to execute a .NET application:
      The application 'build-server' does not exist.
  * You intended to execute a .NET SDK command:
      No .NET SDKs were found.

Download a .NET SDK:
https://aka.ms/dotnet-download

Learn about SDK resolution:
https://aka.ms/dotnet/sdk-not-found
Input System module state changed to: ShutdownInProgress.
Input System polling thread exited.
Input System module state changed to: Shutdown.
[Physics::Module] Cleanup current backend.
[Physics::Module] Id: 0xf2b8ea05
[Licensing::IpcConnector] LicenseClient-diepquocphong-6000.3.21-notifications channel disconnected successfully.
[Licensing::IpcConnector] LicenseClient-diepquocphong-6000.3.21 channel disconnected successfully.
Thread 0x16e23f000 may have been prematurely finalized
Thread 0x16e2cb000 may have been prematurely finalized
Thread 0x16e357000 may have been prematurely finalized
Thread 0x16e00f000 may have been prematurely finalized
Thread 0x16e09b000 may have been prematurely finalized
Thread 0x16e127000 may have been prematurely finalized
Thread 0x16e1b3000 may have been prematurely finalized
AcceleratorClientConnectionCallback - disconnected - :0
[40m[32minfo[39m[22m[49m: Microsoft.Hosting.Lifetime[0]
      Application is shutting down...
Cleanup mono
[40m[32minfo[39m[22m[49m: Unity.ILPP.Runner.PostProcessingAssemblyLoadContext[0]
      ALC ILPP context 1 is unloading
debugger-agent: Unable to listen on 44
[usbmuxd] Stop listen thread
[usbmuxd] Error: 
[usbmuxd] Listen thread exiting
Exiting batchmode successfully now!
[Package Manager] Server process was shutdown
