Unity Editor version:    6000.3.21f1 (c02631ffc030)
Branch:                  6000.3/staging
Build type:              Release
Batch mode:              YES
macOS version:           Version 26.4.1 (Build 25E253)
Darwin version:          25.4.0
Architecture:            arm64
Running under Rosetta:   NO
Available memory:        32768 MB
Date:                    2026-08-17T05:38:34Z
[Licensing::Module] Trying to connect to existing licensing client channel...
[Licensing::IpcConnector] Successfully connected to: "LicenseClient-diepquocphong" at "2026-08-17T05:38:34.60515Z"
Launching external process: /Applications/Unity/Hub/Editor/6000.3.21f1/Unity.app/Contents/Resources/PackageManager/Server/UnityPackageManager

COMMAND LINE ARGUMENTS:
/Applications/Unity/Hub/Editor/6000.3.21f1/Unity.app/Contents/MacOS/Unity
-batchmode
-nographics
-quit
-projectPath
/tmp/allstar-material-fix-stage.ZVYhiA
-executeMethod
AllStarMaterialFixer.ConvertAndValidate
-allStarReport
/Users/diepquocphong/Documents/Franklin Game/ArtSource/AllStarMaterialFix/dist/AllStar_Material_Fix_QA.json
-logFile
/Users/diepquocphong/Documents/Franklin Game/ArtSource/AllStarMaterialFix/dist/AllStar_Material_Fix_Build.log
Successfully changed project path to: /tmp/allstar-material-fix-stage.ZVYhiA
/private/tmp/allstar-material-fix-stage.ZVYhiA
[UnityMemory] Configuration Parameters - Can be set up in boot.config
    "memorysetup-allocator-temp-initial-block-size-main=262144"
    "memorysetup-allocator-temp-initial-block-size-worker=262144"
    "memorysetup-temp-allocator-size-background-worker=32768"
    "memorysetup-temp-allocator-size-job-worker=262144"
    "memorysetup-temp-allocator-size-preload-manager=33554432"
    "memorysetup-temp-allocator-size-nav-mesh-worker=65536"
    "memorysetup-temp-allocator-size-audio-worker=65536"
    "memorysetup-temp-allocator-size-cloud-worker=32768"
    "memorysetup-bucket-allocator-granularity=16"
    "memorysetup-bucket-allocator-bucket-count=8"
    "memorysetup-bucket-allocator-block-size=33554432"
    "memorysetup-bucket-allocator-block-count=8"
    "memorysetup-main-allocator-block-size=16777216"
    "memorysetup-thread-allocator-block-size=16777216"
    "memorysetup-gfx-main-allocator-block-size=16777216"
    "memorysetup-gfx-thread-allocator-block-size=16777216"
    "memorysetup-cache-allocator-block-size=4194304"
    "memorysetup-typetree-allocator-block-size=2097152"
    "memorysetup-profiler-bucket-allocator-granularity=16"
    "memorysetup-profiler-bucket-allocator-bucket-count=8"
    "memorysetup-profiler-bucket-allocator-block-size=33554432"
    "memorysetup-profiler-bucket-allocator-block-count=8"
    "memorysetup-profiler-allocator-block-size=16777216"
    "memorysetup-profiler-editor-allocator-block-size=1048576"
    "memorysetup-temp-allocator-size-main=16777216"
    "memorysetup-job-temp-allocator-block-size=2097152"
    "memorysetup-job-temp-allocator-block-size-background=1048576"
    "memorysetup-job-temp-allocator-reduction-small-platforms=262144"
    "memorysetup-temp-allocator-size-gi-baking-worker=262144"
    "memorysetup-temp-allocator-size-gi-baking-worker=262144"
    "memorysetup-temp-allocator-size-gi-baking-worker=262144"
    "memorysetup-temp-allocator-size-gi-baking-worker=262144"
    "memorysetup-temp-allocator-size-gi-baking-worker=262144"
    "memorysetup-temp-allocator-size-gfx=262144"
Player connection [8517392576]  Target information:

Player connection [8517392576]  * "[IP] 192.168.2.1 [Port] 55505 [Flags] 2 [Guid] 3722417567 [EditorId] 3722417567 [Version] 1048832 [Id] OSXEditor(0,MacBookPro.lan) [Debug] 1 [PackageName] OSXEditor [ProjectName] Editor" 

Player connection [8517392576]  * "[IP] 192.168.100.185 [Port] 55505 [Flags] 2 [Guid] 3722417567 [EditorId] 3722417567 [Version] 1048832 [Id] OSXEditor(0,MacBookPro.lan) [Debug] 1 [PackageName] OSXEditor [ProjectName] Editor" 

Player connection [8517392576]  * "[IP] 192.168.3.1 [Port] 55505 [Flags] 2 [Guid] 3722417567 [EditorId] 3722417567 [Version] 1048832 [Id] OSXEditor(0,MacBookPro.lan) [Debug] 1 [PackageName] OSXEditor [ProjectName] Editor" 

Player connection [8517392576] Host joined multi-casting on [225.0.0.222:54997]...
Player connection [8517392576] Host joined alternative multi-casting on [225.0.0.222:34997]...
Input System module state changed to: Initialized.
[Physics::Module] Initialized fallback backend.
[Physics::Module] Id: 0xdecafbad
[Package Manager] Connected to IPC stream "Upm-62112" after 0.1 seconds.
[Licensing::Module] Licensing is not yet initialized.
[Licensing::Client] Error: HandshakeResponse reported an error:
	ResponseCode: 505
	ResponseStatus: Unsupported protocol version '1.18.1'.
[Licensing::Module] Error: Failed to handshake to channel: "LicenseClient-diepquocphong"
[Licensing::IpcConnector] LicenseClient-diepquocphong channel disconnected successfully.
[Licensing::IpcConnector] Successfully connected to: "LicenseClient-diepquocphong-6000.3.21" at "2026-08-17T05:38:34.921843Z"
[Licensing::Client] Handshaking with LicensingClient:
  Version:                 1.18.1+9fbee8e
  Session Id:              b2386ba3bb034f0887b08ef8f105a44f
  Correlation Id:          3987cf3d15e3d53f127bcfa3da443868
  External correlation Id: 1634883530708431922
  Machine Id:              islmrWih1ghNW7TWJRTHjE60RNw=
[Licensing::Module] Successfully connected to LicensingClient on channel: "LicenseClient-diepquocphong-6000.3.21" (connect: 0.00s, validation: 0.00s, handshake: 0.30s)
[Licensing::IpcConnector] Successfully connected to: "LicenseClient-diepquocphong-6000.3.21-notifications" at "2026-08-17T05:38:35.218102Z"
[Licensing::Module] Error: Access token is unavailable; failed to update
[Licensing::Client] Successfully resolved entitlement details
[Licensing::Module] License group:
  Id: 18966790666738-UnityPersXXXX
  Product: Unity Personal
  Type: Assigned
  Expiration: Unlimited
[Licensing::Client] Successfully updated license, isAsync: True, time: 0.00
[Licensing::Client] Successfully resolved entitlement details
[Licensing::Module] Licensing Background thread has ended after 0.62s
[Licensing::Module] Licensing is initialized (took 0.39s).
[Licensing::Client] Successfully resolved entitlement details
Library Redirect Path: Library/
[Physics::Module] Selected backend.
[Physics::Module] Name: PhysX
[Physics::Module] Id: 0xf2b8ea05
[Physics::Module] SDK Version: 4.1.2
[Physics::Module] Integration Version: 1.0.0
[Physics::Module] Threading Mode: Multi-Threaded
Refreshing native plugins compatible for Editor in 0.00 ms, found 0 plugins.
Preloading 0 native plugins for Editor in 0.00 ms.
Initialize engine version: 6000.3.21f1 (c02631ffc030)
[Subsystems] Discovering subsystems at path /Applications/Unity/Hub/Editor/6000.3.21f1/Unity.app/Contents/Resources/UnitySubsystems
[Subsystems] Discovering subsystems at path /private/tmp/allstar-material-fix-stage.ZVYhiA/Assets
Forcing GfxDevice: Null
GfxDevice: creating device client; kGfxThreadingModeNonThreaded
NullGfxDevice:
    Version:  NULL 1.0 [1.0]
    Renderer: Null Device
    Vendor:   Unity Technologies
Initialize mono
Mono path[0] = '/Applications/Unity/Hub/Editor/6000.3.21f1/Unity.app/Contents/Resources/Scripting/Managed'
Mono path[1] = '/Applications/Unity/Hub/Editor/6000.3.21f1/Unity.app/Contents/Resources/Scripting/MonoBleedingEdge/lib/mono/unityjit-macos'
Mono config path = '/Applications/Unity/Hub/Editor/6000.3.21f1/Unity.app/Contents/Resources/Scripting/MonoBleedingEdge/etc'
Using monoOptions --debugger-agent=transport=dt_socket,embedding=1,server=y,suspend=n,address=127.0.0.1:56112
Using cacheserver namespaces - metadata:defaultmetadata, artifacts:defaultartifacts
Using cacheserver namespaces - metadata:defaultmetadata, artifacts:defaultartifacts
ImportWorker Server TCP listen port: 0
AcceleratorClientConnectionCallback - disconnected - :0
Begin MonoManager ReloadAssembly
Registering precompiled unity dll's ...
Register platform support module: /Applications/Unity/Hub/Editor/6000.3.21f1/Unity.app/Contents/PlaybackEngines/MacStandaloneSupport/UnityEditor.OSXStandalone.Extensions.dll
[Licensing::Client] Successfully resolved entitlement details
Register platform support module: /Applications/Unity/Hub/Editor/6000.3.21f1/PlaybackEngines/AndroidPlayer/UnityEditor.Android.Extensions.dll
[Licensing::Client] Successfully resolved entitlement details
Register platform support module: /Applications/Unity/Hub/Editor/6000.3.21f1/PlaybackEngines/iOSSupport/UnityEditor.iOS.Extensions.dll
Registered in 0.003736 seconds.
- Loaded All Assemblies, in  0.242 seconds
[usbmuxd] Start listen thread
[usbmuxd] Listen thread started
[usbmuxd] Send listen message
Native extension for iOS target not found
Native extension for Android target not found
Native extension for OSXStandalone target not found
Package Manager log level set to [2]
ScheduleIndexationOnStartup MainProcess:False IndexOnStartup:False
Mono: successfully reloaded assembly
- Finished resetting the current domain, in  0.295 seconds
Domain Reload Profiling: 537ms
	BeginReloadAssembly (52ms)
		ExecutionOrderSort (0ms)
		DisableScriptedObjects (0ms)
		BackupInstance (0ms)
		ReleaseScriptingObjects (0ms)
		CreateAndSetChildDomain (0ms)
	RebuildCommonClasses (26ms)
	RebuildNativeTypeToScriptingClass (10ms)
	initialDomainReloadingComplete (29ms)
	LoadAllAssembliesAndSetupDomain (126ms)
		LoadAssemblies (52ms)
		RebuildTransferFunctionScriptingTraits (0ms)
		AnalyzeDomain (124ms)
			TypeCache.Refresh (122ms)
				TypeCache.ScanAssembly (112ms)
			BuildScriptInfoCaches (0ms)
			ResolveRequiredComponents (0ms)
	FinalizeReload (295ms)
		ReleaseScriptCaches (0ms)
		RebuildScriptCaches (0ms)
		SetupLoadedEditorAssemblies (265ms)
			LogAssemblyErrors (0ms)
			InitializePlatformSupportModulesInManaged (82ms)
			SetLoadedEditorAssemblies (3ms)
			BeforeProcessingInitializeOnLoad (55ms)
			ProcessInitializeOnLoadAttributes (80ms)
			ProcessInitializeOnLoadMethodAttributes (44ms)
			AfterProcessingInitializeOnLoad (0ms)
			EditorAssembliesLoaded (0ms)
		ExecutionOrderSort2 (0ms)
		AwakeInstancesAfterBackupRestoration (0ms)
[Licensing::Client] Successfully resolved entitlement details
Application.AssetDatabase Initial Refresh Start
[Package Manager] Restoring resolved packages state from cache
[Licensing::Client] Successfully resolved entitlement details
[Package Manager] Registered 18 packages:
  Packages from [https://packages.unity.com]:
    com.unity.searcher@4.9.4 (location: /private/tmp/allstar-material-fix-stage.ZVYhiA/Library/PackageCache/com.unity.searcher@d45a78918735)
    com.unity.burst@1.8.30 (location: /private/tmp/allstar-material-fix-stage.ZVYhiA/Library/PackageCache/com.unity.burst@2f3d916873ea)
    com.unity.mathematics@1.3.3 (location: /private/tmp/allstar-material-fix-stage.ZVYhiA/Library/PackageCache/com.unity.mathematics@19a9377c4ffa)
    com.unity.collections@2.6.8 (location: /private/tmp/allstar-material-fix-stage.ZVYhiA/Library/PackageCache/com.unity.collections@84e8eb3fc12e)
    com.unity.nuget.mono-cecil@1.11.6 (location: /private/tmp/allstar-material-fix-stage.ZVYhiA/Library/PackageCache/com.unity.nuget.mono-cecil@ecb9724e46ff)
    com.unity.test-framework.performance@3.5.0 (location: /private/tmp/allstar-material-fix-stage.ZVYhiA/Library/PackageCache/com.unity.test-framework.performance@8b56083ec0f0)
  Built-in packages:
    com.unity.render-pipelines.universal@17.3.0 (location: /private/tmp/allstar-material-fix-stage.ZVYhiA/Library/PackageCache/com.unity.render-pipelines.universal@8aa8d736cba6)
    com.unity.render-pipelines.core@17.3.0 (location: /private/tmp/allstar-material-fix-stage.ZVYhiA/Library/PackageCache/com.unity.render-pipelines.core@c67c01575725)
    com.unity.shadergraph@17.3.0 (location: /private/tmp/allstar-material-fix-stage.ZVYhiA/Library/PackageCache/com.unity.shadergraph@aa8306cf39d6)
    com.unity.render-pipelines.universal-config@17.0.3 (location: /private/tmp/allstar-material-fix-stage.ZVYhiA/Library/PackageCache/com.unity.render-pipelines.universal-config@8dc1aab4af1d)
    com.unity.ugui@2.0.0 (location: /private/tmp/allstar-material-fix-stage.ZVYhiA/Library/PackageCache/com.unity.ugui@e20f1880fa04)
    com.unity.modules.physics@1.0.0 (location: /private/tmp/allstar-material-fix-stage.ZVYhiA/Library/PackageCache/com.unity.modules.physics)
    com.unity.modules.terrain@1.0.0 (location: /private/tmp/allstar-material-fix-stage.ZVYhiA/Library/PackageCache/com.unity.modules.terrain)
    com.unity.modules.jsonserialize@1.0.0 (location: /private/tmp/allstar-material-fix-stage.ZVYhiA/Library/PackageCache/com.unity.modules.jsonserialize)
    com.unity.test-framework@1.6.0 (location: /private/tmp/allstar-material-fix-stage.ZVYhiA/Library/PackageCache/com.unity.test-framework@bd7f943e9647)
    com.unity.modules.ui@1.0.0 (location: /private/tmp/allstar-material-fix-stage.ZVYhiA/Library/PackageCache/com.unity.modules.ui)
    com.unity.modules.imgui@1.0.0 (location: /private/tmp/allstar-material-fix-stage.ZVYhiA/Library/PackageCache/com.unity.modules.imgui)
    com.unity.ext.nunit@2.0.5 (location: /private/tmp/allstar-material-fix-stage.ZVYhiA/Library/PackageCache/com.unity.ext.nunit@d8c07649098d)
[Subsystems] No new subsystems found in resolved package list.
[Package Manager] Done registering packages in 0.02 seconds
[ScriptCompilation] Requested script compilation because: Assetdatabase observed changes in script compilation related files
[40m[32minfo[39m[22m[49m: Microsoft.Hosting.Lifetime[14]
      Now listening on: http://unix:/tmp/ilpp.sock-91876e508a203dc90ed3713d26115db3
[40m[32minfo[39m[22m[49m: Microsoft.Hosting.Lifetime[0]
      Application started. Press Ctrl+C to shut down.
[40m[32minfo[39m[22m[49m: Microsoft.Hosting.Lifetime[0]
      Hosting environment: Production
[40m[32minfo[39m[22m[49m: Microsoft.Hosting.Lifetime[0]
      Content root path: /private/tmp/allstar-material-fix-stage.ZVYhiA/
[40m[32minfo[39m[22m[49m: Microsoft.AspNetCore.Hosting.Diagnostics[1]
      Request starting HTTP/2 POST http://ilpp/UnityILPP.PostProcessing/Ping application/grpc -
[40m[32minfo[39m[22m[49m: Microsoft.AspNetCore.Routing.EndpointMiddleware[0]
      Executing endpoint 'gRPC - /UnityILPP.PostProcessing/Ping'
[40m[32minfo[39m[22m[49m: Microsoft.AspNetCore.Routing.EndpointMiddleware[1]
      Executed endpoint 'gRPC - /UnityILPP.PostProcessing/Ping'
[40m[32minfo[39m[22m[49m: Microsoft.AspNetCore.Hosting.Diagnostics[2]
      Request finished HTTP/2 POST http://ilpp/UnityILPP.PostProcessing/Ping application/grpc - - 200 - application/grpc 25.2880ms
Starting: /Applications/Unity/Hub/Editor/6000.3.21f1/Unity.app/Contents/Resources/BuildPipeline/bee_backend --ipc --defer-dag-verification --dagfile="Library/Bee/200b0aE.dag" --continue-on-failure --profile="Library/Bee/backend1.traceevents" ScriptAssemblies
WorkingDir: /private/tmp/allstar-material-fix-stage.ZVYhiA
DisplayProgressbar: Compiling Scripts
[40m[32minfo[39m[22m[49m: Microsoft.AspNetCore.Hosting.Diagnostics[1]
      Request starting HTTP/2 POST http://ilpp/UnityILPP.PostProcessing/ConfigurePostProcessors application/grpc -
[40m[32minfo[39m[22m[49m: Microsoft.AspNetCore.Routing.EndpointMiddleware[0]
      Executing endpoint 'gRPC - /UnityILPP.PostProcessing/ConfigurePostProcessors'
[40m[1m[33mwarn[39m[22m[49m: Unity.ILPP.Runner.PostProcessingAssemblyLoadContext[0]
      Assembly unityeditor.ios.extensions.xcode has duplicate hint path. Ignoring "/Applications/Unity/Hub/Editor/6000.3.21f1/Unity.app/Contents/PlaybackEngines/MacStandaloneSupport/UnityEditor.iOS.Extensions.Xcode.dll" in favor of "/Applications/Unity/Hub/Editor/6000.3.21f1/PlaybackEngines/iOSSupport/UnityEditor.iOS.Extensions.Xcode.dll"
[40m[1m[33mwarn[39m[22m[49m: Unity.ILPP.Runner.PostProcessingAssemblyLoadContext[0]
      Assembly system.runtime.interopservices.windowsruntime has duplicate hint path. Ignoring "/Applications/Unity/Hub/Editor/6000.3.21f1/Unity.app/Contents/Resources/Scripting/UnityReferenceAssemblies/unity-4.8-api/Facades/System.Runtime.InteropServices.WindowsRuntime.dll" in favor of "/Applications/Unity/Hub/Editor/6000.3.21f1/Unity.app/Contents/Resources/Scripting/NetStandard/Extensions/2.0.0/System.Runtime.InteropServices.WindowsRuntime.dll"
[40m[1m[33mwarn[39m[22m[49m: Unity.ILPP.Runner.PostProcessingAssemblyLoadContext[0]
      Assembly system.componentmodel.composition has duplicate hint path. Ignoring "/Applications/Unity/Hub/Editor/6000.3.21f1/Unity.app/Contents/Resources/Scripting/UnityReferenceAssemblies/unity-4.8-api/System.ComponentModel.Composition.dll" in favor of "/Applications/Unity/Hub/Editor/6000.3.21f1/Unity.app/Contents/Resources/Scripting/NetStandard/compat/2.1.0/shims/netfx/System.ComponentModel.Composition.dll"
[40m[32minfo[39m[22m[49m: Unity.ILPP.Runner.PostProcessingAssemblyLoadContext[0]
      Resolved Unity.Burst.Cecil, Version=0.11.6.0, Culture=neutral, PublicKeyToken=50cebf1cceb9d05e with Library/PackageCache/com.unity.burst@2f3d916873ea/Unity.Burst.CodeGen/Unity.Burst.Cecil.dll
[40m[32minfo[39m[22m[49m: Unity.ILPP.Runner.PostProcessingAssemblyLoadContext[0]
      Resolved Mono.Cecil, Version=0.11.5.0, Culture=neutral, PublicKeyToken=50cebf1cceb9d05e with Library/PackageCache/com.unity.nuget.mono-cecil@ecb9724e46ff/Mono.Cecil.dll
[40m[32minfo[39m[22m[49m: Microsoft.AspNetCore.Routing.EndpointMiddleware[1]
      Executed endpoint 'gRPC - /UnityILPP.PostProcessing/ConfigurePostProcessors'
[40m[32minfo[39m[22m[49m: Microsoft.AspNetCore.Hosting.Diagnostics[2]
      Request finished HTTP/2 POST http://ilpp/UnityILPP.PostProcessing/ConfigurePostProcessors application/grpc - - 200 - application/grpc 18.7095ms
[40m[32minfo[39m[22m[49m: Microsoft.AspNetCore.Hosting.Diagnostics[1]
      Request starting HTTP/2 POST http://ilpp/UnityILPP.PostProcessing/PostProcessAssembly application/grpc -
[40m[32minfo[39m[22m[49m: Microsoft.AspNetCore.Routing.EndpointMiddleware[0]
      Executing endpoint 'gRPC - /UnityILPP.PostProcessing/PostProcessAssembly'
[40m[32minfo[39m[22m[49m: Unity.ILPP.Runner.PostProcessingPipeline[0]
      Processing assembly Library/Bee/artifacts/200b0aE.dag/Assembly-CSharp-Editor.dll, with 132 defines and 308 references
[40m[32minfo[39m[22m[49m: Unity.ILPP.Runner.PostProcessingPipeline[0]
      processors: Unity.Jobs.CodeGen.JobsILPostProcessor, zzzUnity.Burst.CodeGen.BurstILPostProcessor
[40m[32minfo[39m[22m[49m: Unity.ILPP.Runner.PostProcessingPipeline[0]
      running Unity.Jobs.CodeGen.JobsILPostProcessor
[40m[32minfo[39m[22m[49m: Unity.ILPP.Runner.PostProcessingAssemblyLoadContext[0]
      Resolved Unity.Collections, Version=0.0.0.0, Culture=neutral, PublicKeyToken=null with Library/Bee/artifacts/200b0aE.dag/Unity.Collections.dll
[40m[32minfo[39m[22m[49m: Unity.ILPP.Runner.PostProcessingAssemblyLoadContext[0]
      Resolved UnityEditor.CoreModule, Version=0.0.0.0, Culture=neutral, PublicKeyToken=null with /Applications/Unity/Hub/Editor/6000.3.21f1/Unity.app/Contents/Resources/Scripting/Managed/UnityEngine/UnityEditor.CoreModule.dll
[40m[32minfo[39m[22m[49m: Unity.ILPP.Runner.PostProcessingAssemblyLoadContext[0]
      Resolved UnityEngine.CoreModule, Version=0.0.0.0, Culture=neutral, PublicKeyToken=null with /Applications/Unity/Hub/Editor/6000.3.21f1/Unity.app/Contents/Resources/Scripting/Managed/UnityEngine/UnityEngine.CoreModule.dll
[40m[32minfo[39m[22m[49m: Unity.ILPP.Runner.PostProcessingPipeline[0]
      running zzzUnity.Burst.CodeGen.BurstILPostProcessor
[40m[32minfo[39m[22m[49m: Unity.ILPP.Runner.PostProcessingAssemblyLoadContext[0]
      Resolved Unity.Burst.Cecil.Rocks, Version=0.11.6.0, Culture=neutral, PublicKeyToken=50cebf1cceb9d05e with Library/PackageCache/com.unity.burst@2f3d916873ea/Unity.Burst.CodeGen/Unity.Burst.Cecil.Rocks.dll
[40m[32minfo[39m[22m[49m: Microsoft.AspNetCore.Routing.EndpointMiddleware[1]
      Executed endpoint 'gRPC - /UnityILPP.PostProcessing/PostProcessAssembly'
[40m[32minfo[39m[22m[49m: Microsoft.AspNetCore.Hosting.Diagnostics[2]
      Request finished HTTP/2 POST http://ilpp/UnityILPP.PostProcessing/PostProcessAssembly application/grpc - - 200 - application/grpc 222.4317ms
ExitCode: 0 Duration: 1s438ms
[429/536    0s] ILPP-Configuration Library/ilpp-configuration.nevergeneratedoutput
[532/536    1s] Csc Library/Bee/artifacts/200b0aE.dag/Assembly-CSharp-Editor.dll (+2 others)
[533/536    0s] ILPostProcess Library/Bee/artifacts/200b0aE.dag/post-processed/Assembly-CSharp-Editor.dll (+pdb)
Processing assembly Library/Bee/artifacts/200b0aE.dag/Assembly-CSharp-Editor.dll, with 132 defines and 308 references
processors: Unity.Jobs.CodeGen.JobsILPostProcessor, zzzUnity.Burst.CodeGen.BurstILPostProcessor
running Unity.Jobs.CodeGen.JobsILPostProcessor
running zzzUnity.Burst.CodeGen.BurstILPostProcessor
[534/536    0s] CopyFiles Library/ScriptAssemblies/Assembly-CSharp-Editor.pdb
[535/536    0s] CopyFiles Library/ScriptAssemblies/Assembly-CSharp-Editor.dll
*** Tundra build success (1.42 seconds), 5 items updated, 536 evaluated
AssetDatabase: script compilation time: 1.801380s
Begin MonoManager ReloadAssembly
- Loaded All Assemblies, in  0.399 seconds
Refreshing native plugins compatible for Editor in 0.00 ms, found 0 plugins.
PC_Renderer is missing RendererFeatures
This could be due to missing scripts or compile error.
UnityEngine.Debug:ExtractStackTraceNoAlloc (byte*,int,string)
UnityEngine.StackTraceUtility:ExtractStackTrace () (at /Users/bokken/build/output/unity/unity/Runtime/Export/Scripting/StackTrace.cs:35)
UnityEngine.DebugLogHandler:Internal_Log (UnityEngine.LogType,UnityEngine.LogOption,string,UnityEngine.Object)
UnityEngine.DebugLogHandler:LogFormat (UnityEngine.LogType,UnityEngine.Object,string,object[])
UnityEngine.Logger:Log (UnityEngine.LogType,object,UnityEngine.Object)
UnityEngine.Debug:LogError (object,UnityEngine.Object)
UnityEngine.Rendering.Universal.ScriptableRendererData:ValidateRendererFeatures () (at ./Library/PackageCache/com.unity.render-pipelines.universal@8aa8d736cba6/Runtime/ScriptableRendererData.cs:193)
UnityEngine.Rendering.Universal.ScriptableRendererData:OnValidate () (at ./Library/PackageCache/com.unity.render-pipelines.universal@8aa8d736cba6/Runtime/ScriptableRendererData.cs:81)

(Filename: ./Library/PackageCache/com.unity.render-pipelines.universal@8aa8d736cba6/Runtime/ScriptableRendererData.cs Line: 193)

Native extension for iOS target not found
Native extension for Android target not found
Native extension for OSXStandalone target not found
ScheduleIndexationOnStartup MainProcess:True IndexOnStartup:True
Mono: successfully reloaded assembly
- Finished resetting the current domain, in  1.565 seconds
Domain Reload Profiling: 1964ms
	BeginReloadAssembly (200ms)
		ExecutionOrderSort (0ms)
		DisableScriptedObjects (11ms)
		BackupInstance (0ms)
		ReleaseScriptingObjects (0ms)
		CreateAndSetChildDomain (121ms)
	RebuildCommonClasses (24ms)
	RebuildNativeTypeToScriptingClass (10ms)
	initialDomainReloadingComplete (13ms)
	LoadAllAssembliesAndSetupDomain (151ms)
		LoadAssemblies (119ms)
		RebuildTransferFunctionScriptingTraits (0ms)
		AnalyzeDomain (71ms)
			TypeCache.Refresh (54ms)
				TypeCache.ScanAssembly (47ms)
			BuildScriptInfoCaches (11ms)
			ResolveRequiredComponents (4ms)
	FinalizeReload (1566ms)
		ReleaseScriptCaches (0ms)
		RebuildScriptCaches (0ms)
		SetupLoadedEditorAssemblies (1282ms)
			LogAssemblyErrors (0ms)
			InitializePlatformSupportModulesInManaged (22ms)
			SetLoadedEditorAssemblies (2ms)
			BeforeProcessingInitializeOnLoad (78ms)
			ProcessInitializeOnLoadAttributes (1138ms)
			ProcessInitializeOnLoadMethodAttributes (41ms)
			AfterProcessingInitializeOnLoad (1ms)
			EditorAssembliesLoaded (0ms)
		ExecutionOrderSort2 (0ms)
		AwakeInstancesAfterBackupRestoration (9ms)
Start importing Packages/com.unity.render-pipelines.core/Tests/Editor/UnifiedRayTracing/TraceRays.urtshader using Guid(1142bbad8b9e8c44c83a9775ff120d37) (ScriptedImporter)Launching external process: /Applications/Unity/Hub/Editor/6000.3.21f1/Unity.app/Contents/Helpers/UnityShaderCompiler
Launched and connected shader compiler UnityShaderCompiler after 0.03 seconds
 -> (artifact id: 'e2c20b031221760cfccaea201f3e8ec6') in 0.05466775 seconds
Start importing Packages/com.unity.render-pipelines.universal/Runtime/RendererFeatures/SurfaceCacheGI/SurfaceCacheCore/RisEstimation.urtshader using Guid(713f6141bd66a134383b787f2eaa7c11) (ScriptedImporter) -> (artifact id: '2c05f3acb68ddb2e8bef502f207153bd') in 0.006173 seconds
Start importing Packages/com.unity.render-pipelines.core/Editor/Lighting/ProbeVolume/RenderingLayerMask/TraceRenderingLayerMask.urtshader using Guid(94a070d33e408384bafc1dea4a565df9) (ScriptedImporter) -> (artifact id: 'bf40ba974becff09ff8c3f91ee9dfbf2') in 0.006035084 seconds
Start importing Packages/com.unity.render-pipelines.universal/Runtime/RendererFeatures/SurfaceCacheGI/SurfaceCacheCore/UniformEstimation.urtshader using Guid(94a39d12848d8d64ca962a72b74e7c50) (ScriptedImporter) -> (artifact id: 'cdaa4d9f216f730b10d2451630dd10dc') in 0.002920834 seconds
Start importing Packages/com.unity.render-pipelines.core/Tests/Editor/UnifiedRayTracing/TraceTransparentRays.urtshader using Guid(6513c3b892e933c4f8d00c19d5c47532) (ScriptedImporter) -> (artifact id: '1332e5c32e0a2c27d0d3e4516facc387') in 0.001930667 seconds
Start importing Packages/com.unity.render-pipelines.core/Editor/Lighting/ProbeVolume/DynamicGI/DynamicGISkyOcclusion.urtshader using Guid(5a2a534753fbdb44e96c3c78b5a6999d) (ScriptedImporter) -> (artifact id: '5705bd53237e118119b8223a4d7ca4af') in 0.002643625 seconds
Start importing Packages/com.unity.render-pipelines.core/Tests/Editor/UnifiedRayTracing/TraceRaysAndFetchAttributes.urtshader using Guid(fbc59f55df2416344b008dc23753cae2) (ScriptedImporter) -> (artifact id: 'fb603cf8ac72cc1d220f963723bee0c7') in 0.001919875 seconds
Start importing Packages/com.unity.render-pipelines.universal/Runtime/RendererFeatures/SurfaceCacheGI/SurfaceCacheCore/RestirCandidateTemporal.urtshader using Guid(ad3a9f9982f8c4f4a839a78955e78458) (ScriptedImporter) -> (artifact id: 'f09c516bdfabbd7f4d915a2c9503e0ce') in 0.002825334 seconds
Start importing Packages/com.unity.render-pipelines.core/Editor/Lighting/ProbeVolume/VirtualOffset/TraceVirtualOffset.urtshader using Guid(ff2cbab5da58bf04d82c5f34037ed123) (ScriptedImporter) -> (artifact id: '0c10d0f89cf8e9fa83724f5eaf00f6ae') in 0.003724625 seconds
Start importing Assets/AllStarCharacterLibrary/Prefabs/SUV.prefab using Guid(01c2707211d6df44a89e085e3ce1d1a3) (PrefabImporter) -> (artifact id: 'a611fe1e36851ff848ac3421970a9784') in 0.004546084 seconds
Start importing Assets/AllStarCharacterLibrary/Prefabs/Bus.prefab using Guid(a3769ce2440b5db419b15c876540fe1e) (PrefabImporter) -> (artifact id: 'cbb2e99c665e13ae1c506fbe6c0555e5') in 0.003688916 seconds
Start importing Assets/AllStarCharacterLibrary/Prefabs/DZClassic.prefab using Guid(f59984af50609a747ae8ad38ee2ba0d0) (PrefabImporter) -> (artifact id: '2fdbc5c9a74480942d4031bf81005be1') in 0.0032725 seconds
Start importing Assets/AllStarCharacterLibrary/Prefabs/Goat.prefab using Guid(174d34078784af64badab31cd65f5c1c) (PrefabImporter) -> (artifact id: 'b1127f05e7344188d14e52b2e30a6e21') in 0.003100125 seconds
Start importing Assets/AllStarCharacterLibrary/Prefabs/PoliceCar.prefab using Guid(98f63f80cb6ca31498411b3bf507f212) (PrefabImporter) -> (artifact id: '39f8801f5889423a003551bfea7ec387') in 0.002801291 seconds
Start importing Assets/AllStarCharacterLibrary/Prefabs/Gyrocopter.prefab using Guid(3aa8ce16d3dee8e48ad806731d2388b7) (PrefabImporter) -> (artifact id: '32ebc8e08f437b245066fa38ec52ca7b') in 0.003700375 seconds
Start importing Assets/AllStarCharacterLibrary/Prefabs/DZ.prefab using Guid(6baee24d9e9c8de4b830f79c17aaba96) (PrefabImporter) -> (artifact id: '27e30d256b9e1b70f5a102ae8770f6c4') in 0.002789917 seconds
Start importing Assets/AllStarCharacterLibrary/Prefabs/Paramotor.prefab using Guid(4e7179c207f849c438e59314205750ec) (PrefabImporter) -> (artifact id: '02c961742424b47469d4e6afc285178b') in 0.0027675 seconds
Refreshing native plugins compatible for Editor in 0.00 ms, found 0 plugins.
Preloading 0 native plugins for Editor in 0.00 ms.
Asset Pipeline Refresh (id=e3c53d73a565d4c0dbfcbb6b287bfdba): Total: 4.385 seconds - Initiated by InitialRefreshV2(ForceSynchronousImport)
	Summary:
		Imports: total=17 (actual=17, local cache=0, cache server=0)
		Asset DB Process Time: managed=2 ms, native=1993 ms
		Asset DB Callback time: managed=132 ms, native=39 ms
		Scripting: domain reloads=1, domain reload time=399 ms, compile time=1802 ms, other=16 ms
		Project Asset Count: scripts=766, non-scripts=1881
		Asset File Changes: new=0, changed=9, moved=0, deleted=0
		Scan Filter Count: 1
	InvokeCustomDependenciesCallbacks: 0.001ms
	InvokePackagesCallback: 26.575ms
	ApplyChangesToAssetFolders: 0.096ms
	Scan: 200.550ms
	OnSourceAssetsModified: 0.630ms
	CategorizeAssetsWithTransientArtifact: 10.483ms
	ProcessAssetsWithTransientArtifactChanges: 18.038ms
	CategorizeAssets: 28.894ms
	ImportOutOfDateAssets: 1684.392ms (-235.708ms without children)
		ImportManagerImport: 115.384ms (3.062ms without children)
			ImportInProcess: 111.821ms
			UpdateCategorizedAssets: 0.501ms
		CompileScripts: 1802.327ms
		ReloadNativeAssets: 0.019ms
		UnloadImportedAssets: 0.978ms
		ReloadImportedAssets: 0.832ms
		EnsureUptoDateAssetsAreRegisteredWithGuidPM: 0.309ms
		InitializingProgressBar: 0.007ms
		PostProcessAllAssetNotificationsAddChangedAssets: 0.000ms
		OnDemandSchedulerStart: 0.244ms
	PostProcessAllAssets: 144.464ms
	Hotreload: 0.565ms
	UnloadStreamsBegin: 0.602ms
	PersistCurrentRevisions: 0.144ms
	UnloadStreamsEnd: 0.000ms
	GenerateScriptTypeHashes: 1.555ms
	Untracked: 2269.401ms

Application.AssetDatabase Initial Refresh End
Scanning for USB devices : 0.052ms
Initializing Unity extensions:
[MODES] ModeService[none].Initialize
[MODES] ModeService[none].LoadModes
[MODES] Loading mode Default (0) for mode-current-id-allstar-material-fix-stage.ZVYhiA
Unloading 62 Unused Serialized files (Serialized files now loaded: 0)
Unloading 3201 unused Assets / (6.5 MB). Loaded Objects now: 3977.
Memory consumption went from 186.5 MB to 180.0 MB.
Total: 8.103041 ms (FindLiveObjects: 0.147833 ms CreateObjectMapping: 0.076709 ms MarkObjects: 4.650084 ms  DeleteObjects: 3.228042 ms)

Curl error 35: Recv failure: Connection reset by peer
Asset Pipeline Refresh (id=39dbcd4158e334b348c2a5e4e1d96c92): Total: 0.024 seconds - Initiated by StopAssetImportingV2(NoUpdateAssetOptions)
Start importing Assets/AllStarCharacterLibrary/Models/Vehicles/Zed/Materials/ZedGold.mat using Guid(308965b221c499649873a650ef477db7) (NativeFormatImporter) -> (artifact id: '1743d0de2618f0a748b06dda56796ffe') in 0.001210083 seconds
Start importing Assets/AllStarCharacterLibrary/Models/Vehicles/Cyclone/Materials/Cyclone.mat using Guid(30aeeff3fd8a2df4babe799d9d8e41c6) (NativeFormatImporter) -> (artifact id: '0c2b2547d7373fc54d6131a59278cab9') in 0.000667625 seconds
Start importing Assets/AllStarCharacterLibrary/Models/Environmental/TestCity/Materials/b03c_20x10.mat using Guid(4034f55b085e51443bba5f6df4827666) (NativeFormatImporter) -> (artifact id: '41f5992c0007d098b3b116c4a81fee8b') in 0.000582125 seconds
Start importing Assets/AllStarCharacterLibrary/Models/Vehicles/SUV/Materials/SUV.mat using Guid(407914e42b4fb44a7a4fcbb7d04df160) (NativeFormatImporter) -> (artifact id: 'a5d2f4cba5f2a616eee89c6e5e311b17') in 0.000577542 seconds
Start importing Assets/AllStarCharacterLibrary/Models/Vehicles/DZClassic/Materials/DZClassic.mat using Guid(50bfaa116eb554f60b62f412d001af13) (NativeFormatImporter) -> (artifact id: '9fa8bcd2253ce32c8fe3c7d1c3408b4e') in 0.000573125 seconds
Start importing Assets/AllStarCharacterLibrary/Models/Vehicles/Paraglider/Materials/Paraglider.mat using Guid(60246590fd69b40f8b37c4d1112b9bb8) (NativeFormatImporter) -> (artifact id: 'e8981ee346bfcf3b6d1c516b6b321dfb') in 0.000556834 seconds
Start importing Assets/AllStarCharacterLibrary/Models/Vehicles/Roadster/Materials/No Name.mat using Guid(70d7d8720ec5dfa45b1d75f6b7e79517) (NativeFormatImporter) -> (artifact id: '8f6672e36d60fc0b071c9980bda6d4aa') in 0.000559542 seconds
Start importing Assets/AllStarCharacterLibrary/Models/Vehicles/Gyrocopter/Materials/GyrocopterStriped.mat using Guid(90c9ba1a67e8e7f4896f1bbbbe703d1f) (NativeFormatImporter) -> (artifact id: '84232d5da77d2b97f0944ac9ef32ee7c') in 0.000486416 seconds
Start importing Assets/AllStarCharacterLibrary/Models/Vehicles/Goat/Materials/GoatWhite.mat using Guid(a0d508848e76d43ff8956f7286928104) (NativeFormatImporter) -> (artifact id: '80b3747b466e238bf409318f85473812') in 0.0006445 seconds
Start importing Assets/AllStarCharacterLibrary/Models/Vehicles/Ultralight/Materials/No Name.mat using Guid(f0ef0d96859e3fd45a32827f041d418d) (NativeFormatImporter) -> (artifact id: 'a621c9bba9ddaceba9210dfb951d0fd0') in 0.000563667 seconds
Start importing Assets/AllStarCharacterLibrary/Models/Vehicles/Stang/Materials/Stang2.mat using Guid(01e7708f683c6f847bd87bb6aae29dc6) (NativeFormatImporter) -> (artifact id: 'f8f5c9453e28ac33e0dc8e21905e93a9') in 0.000627167 seconds
Start importing Assets/AllStarCharacterLibrary/Models/Vehicles/Phantom/Materials/PhantomWhite.mat using Guid(310a7a7f8ebbd40bf9c5c191735adff9) (NativeFormatImporter) -> (artifact id: 'cf7421f23eab7e59e8925252c106f126') in 0.000555208 seconds
Start importing Assets/AllStarCharacterLibrary/Models/Vehicles/Ambulance/Materials/GlassWindow.mat using Guid(41d783a2e8a16d7409c4406a2142db4f) (NativeFormatImporter) -> (artifact id: 'a60f13645ce8b232a68629a6e20c6cec') in 0.000610334 seconds
Start importing Assets/AllStarCharacterLibrary/Models/Vehicles/Bezerker/Materials/BezerkerBlack.mat using Guid(7137177adda73674ab8374a15749d174) (NativeFormatImporter) -> (artifact id: '54ab63bb2b20af5223005966e5f01010') in 0.000621833 seconds
Start importing Assets/AllStarCharacterLibrary/Models/Vehicles/Matador/Materials/MatadorWhite.mat using Guid(91f55d514cc63441b954b5ae3e7711cc) (NativeFormatImporter) -> (artifact id: 'edc44cfc49776b6cbd35479c8f92d245') in 0.000452625 seconds
Start importing Assets/AllStarCharacterLibrary/Models/Vehicles/DZ/Materials/DZBlack.mat using Guid(b102946cd59810044904e8f521a8217a) (NativeFormatImporter) -> (artifact id: '5bbef7ae536353f7240606c5f2eea89e') in 0.000444333 seconds
Start importing Assets/AllStarCharacterLibrary/Models/Vehicles/Goat/Materials/Goat.mat using Guid(c17eca0c683316047a3978d687f31f64) (NativeFormatImporter) -> (artifact id: '2f221e0c6fa9f47406feb0eba47fd148') in 0.000419292 seconds
Start importing Assets/AllStarCharacterLibrary/Models/Vehicles/Pickup/Materials/Pickup.mat using Guid(d1d4b2d6f1daf4b068dad32de8940343) (NativeFormatImporter) -> (artifact id: 'c949b20218bdd8ce6b93ec8fbe82aff3') in 0.000392792 seconds
Start importing Assets/AllStarCharacterLibrary/Models/Vehicles/GlassWindow.mat using Guid(d125a230d9edef645a00b5fa38f0e708) (NativeFormatImporter) -> (artifact id: '77f4327c7006ab3f94b8b97e9c627756') in 0.000435959 seconds
Start importing Assets/AllStarCharacterLibrary/Models/Vehicles/LuxSport/Materials/Boomslang.mat using Guid(f1ba32007e4146b43912e080a503a045) (NativeFormatImporter) -> (artifact id: '6a301f0ed2cc3f65447531af7c377f12') in 0.000431958 seconds
Start importing Assets/AllStarCharacterLibrary/Models/Vehicles/Bezerker/Materials/BezerkerWhite.mat using Guid(02b5006486916cd4e94dd7a3382c7047) (NativeFormatImporter) -> (artifact id: '545783f2418d0df3235054b2ad5864a2') in 0.000493583 seconds
Start importing Assets/AllStarCharacterLibrary/Models/Vehicles/Minari/Materials/MinariRed.mat using Guid(422e87c81e613df47a2f8ac265097a45) (NativeFormatImporter) -> (artifact id: 'deef4f38eac98f77786fdb422c599b3a') in 0.000401916 seconds
Start importing Assets/AllStarCharacterLibrary/Animations/RootAnimsFemale/Materials/No Name.mat using Guid(52ae399213e791e4a96ccd3ef7f4d9b2) (NativeFormatImporter) -> (artifact id: 'd12bad31860c2461e339e3ccf9d6007d') in 0.000495292 seconds
Start importing Assets/AllStarCharacterLibrary/Models/Vehicles/Romaro/Materials/RomaroBlue.mat using Guid(52aed955634df774eb6b6af789fcd8f6) (NativeFormatImporter) -> (artifact id: '03328fb07ffcb8ead4ad841957988493') in 0.00044925 seconds
Start importing Assets/AllStarCharacterLibrary/Models/Vehicles/Zed/Materials/Zed.mat using Guid(8212acc8613f540f6ba091ebee944107) (NativeFormatImporter) -> (artifact id: 'f385506c2046d2e4830ae5b486a5cc7e') in 0.000415417 seconds
Start importing Assets/AllStarCharacterLibrary/Models/Vehicles/Stang/Materials/Stang.mat using Guid(82c24309baa3a4428bd495a684b2e2bc) (NativeFormatImporter) -> (artifact id: 'db1243dc852c3902e97a8a1b1ca805c4') in 0.000385542 seconds
Start importing Assets/AllStarCharacterLibrary/Models/Vehicles/Paraglider/Materials/Bezerker.mat using Guid(82b64d32728993a40803c22578487488) (NativeFormatImporter) -> (artifact id: '43607ed5151fa8f9b1f699b787837958') in 0.000405625 seconds
Start importing Assets/AllStarCharacterLibrary/Models/Vehicles/DZ/Materials/No Name.mat using Guid(822a8e3eeee7c7040b4eec30ccdb7c8b) (NativeFormatImporter) -> (artifact id: '55851b5f5c1c5947b498e3ac06964d75') in 0.000428792 seconds
Start importing Assets/AllStarCharacterLibrary/Models/Vehicles/Zed/Materials/No Name.mat using Guid(d2e7851cc1235ec4a9709229d1cccf93) (NativeFormatImporter) -> (artifact id: '88405ba4f7cf65c955c24e7acc95dd02') in 0.000378 seconds
Start importing Assets/AllStarCharacterLibrary/Animations/RootAnimsFemale/Materials/FutureF1A.mat using Guid(d209ea278e6ab8c48a5cbde6374d899a) (NativeFormatImporter) -> (artifact id: '7dc81efa62bddc6b63740ace7d317ded') in 0.000501209 seconds
Start importing Assets/AllStarCharacterLibrary/Models/Vehicles/Paraglider/Materials/Material #0.mat using Guid(f2dd896708b2d1c43b0d584f394bac16) (NativeFormatImporter) -> (artifact id: 'a22eedac8542d5af3ea9839ed9ef577c') in 0.000491709 seconds
Start importing Assets/AllStarCharacterLibrary/Models/Environmental/Materials/Concrete.mat using Guid(13bf253a1f449c241accefc99a8bd47e) (NativeFormatImporter) -> (artifact id: 'd3b93533add5c7498c556864680fa661') in 0.000409167 seconds
Start importing Assets/AllStarCharacterLibrary/Models/Vehicles/GT/Materials/No Name.mat using Guid(23475e1b08fbefe4fae465236b0c7895) (NativeFormatImporter) -> (artifact id: '06253c83284dedab4ff09a1ee337f566') in 0.000414208 seconds
Start importing Assets/AllStarCharacterLibrary/Models/Vehicles/Van/Materials/No Name.mat using Guid(231c88dbfd2e17044b09f82378e9c442) (NativeFormatImporter) -> (artifact id: '3951b07d0d01c46e7b8358c310a73be0') in 0.000380958 seconds
Start importing Assets/AllStarCharacterLibrary/Models/Vehicles/SUV/Materials/No Name.mat using Guid(234dd84b8209d7d4796f1869e4572867) (NativeFormatImporter) -> (artifact id: '0af6a90d639769365f0763dc5a65cf78') in 0.000389042 seconds
Start importing Assets/AllStarCharacterLibrary/Models/Vehicles/LuxSport/Materials/LuxSportDarkGrey.mat using Guid(236f3117c79e0ab40bb4b44e45bace76) (NativeFormatImporter) -> (artifact id: 'fec131d7f73df2a895359f8e577c4cd0') in 0.000387792 seconds
Start importing Assets/AllStarCharacterLibrary/Models/Environmental/TestCity/Materials/rooftopings.mat using Guid(43ed3879c75c80440afe87e4672882e4) (NativeFormatImporter) -> (artifact id: '16f542d136c699cf3a845ecc597ea1c0') in 0.000416666 seconds
Start importing Assets/AllStarCharacterLibrary/Models/Vehicles/Van/Materials/VanWhite.mat using Guid(53fe318aa8d665c47934d4f927f1d91a) (NativeFormatImporter) -> (artifact id: '0a8dd51c4c1a318d247964c55c57ebf9') in 0.000386708 seconds
Start importing Assets/AllStarCharacterLibrary/Models/Vehicles/LuxSport/Materials/No Name.mat using Guid(a3932f459c55c5944949e88ef5f8e600) (NativeFormatImporter) -> (artifact id: 'd74037517b3c5cd6d8e6424bab3ea76b') in 0.000390208 seconds
Start importing Assets/AllStarCharacterLibrary/Models/Vehicles/BlueJay/Materials/BlueJayRed.mat using Guid(b348ba97baa4f874fbbb81211d450f10) (NativeFormatImporter) -> (artifact id: 'e27a491512cc79d6075e2546d5126bf6') in 0.000531042 seconds
Start importing Assets/AllStarCharacterLibrary/Models/Vehicles/BlueJay/Materials/BlueJayStriped.mat using Guid(c32e01de26df7dd4294d690d12f7d908) (NativeFormatImporter) -> (artifact id: '854a66f42b6df4bf5373f68d7caa428a') in 0.00055725 seconds
Start importing Assets/AllStarCharacterLibrary/Models/Vehicles/BlueJay/Materials/BlueJayStripedBlack.mat using Guid(d3c48625f175a1745ad6bbd20a16521c) (NativeFormatImporter) -> (artifact id: 'a1ed27dbcfdd68c0b47aabebf10aed11') in 0.000409167 seconds
Start importing Assets/AllStarCharacterLibrary/Models/Environmental/Materials/SkyBox/SkyBox_Sunset.mat using Guid(e31d928b854eb2e4b966102da0e1deb1) (NativeFormatImporter) -> (artifact id: 'a15a6001ac269d51b33c3996692b6bd8') in 0.0004215 seconds
Start importing Assets/AllStarCharacterLibrary/Models/Vehicles/Phantom/Materials/PhantomBlack.mat using Guid(04c530ded2abeca41a773c5204434ea1) (NativeFormatImporter) -> (artifact id: '16f7b45534e0da6df8e9f19ed0d5152d') in 0.000509584 seconds
Start importing Assets/AllStarCharacterLibrary/Models/Vehicles/Boomslang/Materials/BoomslangBlue.mat using Guid(1458ce89a65d1db448550c04eed8c6ed) (NativeFormatImporter) -> (artifact id: '08773562405071aa4591e8ab8f2863c6') in 0.000398917 seconds
Start importing Assets/AllStarCharacterLibrary/Models/Vehicles/Bezerker/Materials/BezerkerBlue.mat using Guid(24be14b84790e104d802404b26da6f5f) (NativeFormatImporter) -> (artifact id: '379d5aa797531620b1f9a0b962d1ad3d') in 0.000382333 seconds
Start importing Assets/AllStarCharacterLibrary/Models/Vehicles/Bus/Materials/Bus.mat using Guid(34008d1851c2b45bfbd353c24ee46456) (NativeFormatImporter) -> (artifact id: '1eff2f877cb340e53ef7b6d4de1cd0d2') in 0.000506 seconds
Start importing Assets/AllStarCharacterLibrary/Models/Vehicles/Stepvan/Materials/StepvanWhite.mat using Guid(64ede6444baa0f5499d624e7adb86360) (NativeFormatImporter) -> (artifact id: '508a413dd4484ad083750b33b2125e7d') in 0.000408375 seconds
Start importing Assets/AllStarCharacterLibrary/Models/Vehicles/BlueJay/Materials/BlueJayBlue.mat using Guid(7410e8bbf190834459626d502b30607b) (NativeFormatImporter) -> (artifact id: 'dc48dc5a5faa32dc8b3707df86386fca') in 0.000386083 seconds
Start importing Assets/AllStarCharacterLibrary/Models/Vehicles/BlueJay/Materials/BlueJayStripedRed.mat using Guid(7422c6de553eb854181765cd41d7022a) (NativeFormatImporter) -> (artifact id: '821dd1b522ce5cc42c6a3f9536cadc5a') in 0.000393 seconds
Start importing Assets/AllStarCharacterLibrary/Models/Vehicles/Matador/Materials/No Name.mat using Guid(74f87010abab90f4fad63335e0000983) (NativeFormatImporter) -> (artifact id: 'a4611acb8cf58bb8c3751bac8f01dc87') in 0.000541375 seconds
Start importing Assets/AllStarCharacterLibrary/Models/Vehicles/Matador/Materials/Matador.mat using Guid(747ca8404aed5154d84c97ef4d7a98b1) (NativeFormatImporter) -> (artifact id: '46a0cc370f22fc005940899ea32fb86a') in 0.000541375 seconds
Start importing Assets/AllStarCharacterLibrary/Models/Vehicles/Palamino/Materials/No Name.mat using Guid(84d12b847ffb5724785893e3ef1a66cd) (NativeFormatImporter) -> (artifact id: '58ef99ec1cf63f37a0cb8dc0d8a90706') in 0.000415958 seconds
Start importing Assets/AllStarCharacterLibrary/Models/Vehicles/Cyclone/Materials/No Name.mat using Guid(8478d1009ecfe924b924152b5669ec0e) (NativeFormatImporter) -> (artifact id: 'ae68feb5c3f6f7e4391e6845b618b0e3') in 0.000509834 seconds
Start importing Assets/AllStarCharacterLibrary/Models/Vehicles/Cyclone/Materials/CycloneRed.mat using Guid(a4d09349ddb4e304795694380ef0072b) (NativeFormatImporter) -> (artifact id: '088c7f021e6d86ed0fb52fd9f42835fa') in 0.0005675 seconds
Start importing Assets/AllStarCharacterLibrary/Models/Vehicles/Palamino/Materials/Palamino.mat using Guid(a4a81dc8f7b1b4baeaf4f41a1ef4d2bb) (NativeFormatImporter) -> (artifact id: '75827ec04f95e3ca10b979a9f98c0393') in 0.000400666 seconds
Start importing Assets/AllStarCharacterLibrary/Models/Environmental/TestCity/Materials/groundfacades.mat using Guid(a47c13a3e3815344ca76ba27767e0367) (NativeFormatImporter) -> (artifact id: '4ec43921412c94fd4441fe3298963f68') in 0.000479291 seconds
Start importing Assets/AllStarCharacterLibrary/Models/Vehicles/Paraglider/Materials/BlueJay.mat using Guid(c4d568f1cb309834b940222f17869de7) (NativeFormatImporter) -> (artifact id: 'e431ea10adba9dc93d8c6b48c1370bbc') in 0.000381417 seconds
Start importing Assets/AllStarCharacterLibrary/Models/Environmental/TestCity/Materials/Street.mat using Guid(c4bf8ade93fdedb489c9085bb8a4bff6) (NativeFormatImporter) -> (artifact id: '2476ecac5f61565ce239afc205e1bed5') in 0.000426 seconds
Start importing Assets/AllStarCharacterLibrary/Models/Vehicles/BlueJay/Materials/BlueJayWhite.mat using Guid(d412d235094a7af44a73219926cf9549) (NativeFormatImporter) -> (artifact id: '1bbd44a01347ccf1bf0bdfb176240ab5') in 0.000449292 seconds
Start importing Assets/AllStarCharacterLibrary/Models/Vehicles/LuxSport/Materials/LuxSportBlack.mat using Guid(d4e9c14d2712c4843ab2cced9e10db30) (NativeFormatImporter) -> (artifact id: '3442ca137eddb56161895c8c09a5f9d1') in 0.000420833 seconds
Start importing Assets/AllStarCharacterLibrary/Models/Vehicles/DZ/Materials/DZFrostBlue.mat using Guid(e441060b8cedc47c09815a09e6e1235d) (NativeFormatImporter) -> (artifact id: '9f21b51a2930e1ea63830ee26c6d6c5b') in 0.000390667 seconds
Start importing Assets/AllStarCharacterLibrary/Models/Vehicles/DZClassic/Materials/DZClassicBlack.mat using Guid(056cd3dba3094154c8b6b9c2da755c59) (NativeFormatImporter) -> (artifact id: '1d7bbb5bf095466c27bf96893bc629d1') in 0.000384208 seconds
Start importing Assets/AllStarCharacterLibrary/Models/Vehicles/Bezerker/Materials/Bezerker.mat using Guid(2573417ecaf4dad4fbd1c948bdef0e32) (NativeFormatImporter) -> (artifact id: 'f2c8cff2607a53446983d771d0434bdf') in 0.000543041 seconds
Start importing Assets/AllStarCharacterLibrary/Models/Vehicles/GT/Materials/GT.mat using Guid(4558bba58ba394d349f5a2373adeb69a) (NativeFormatImporter) -> (artifact id: '2b70d8533f96ce3032e47ccb693a6cca') in 0.000409958 seconds
Start importing Assets/AllStarCharacterLibrary/Models/Vehicles/Matador/Materials/MatadorRed.mat using Guid(75859293ce6a21242962a048141e7fe2) (NativeFormatImporter) -> (artifact id: '44da4eed98bc4a4fcbfb8b9e9e6c071f') in 0.000384167 seconds
Start importing Assets/AllStarCharacterLibrary/Models/Vehicles/Sedan/Materials/Sedan.mat using Guid(852946a921fac4c9fa07e267cc862bd9) (NativeFormatImporter) -> (artifact id: 'c9ec023d69db39f3040a53e20f1c7311') in 0.000480917 seconds
Start importing Assets/AllStarCharacterLibrary/Models/Vehicles/Thrasher/Materials/Thrasher.mat using Guid(b5db780fdc95d4c878ebb1437f2870e3) (NativeFormatImporter) -> (artifact id: 'a2b9b52b4f3aee6aa6c4f7346dd60554') in 0.0005195 seconds
Start importing Assets/AllStarCharacterLibrary/Models/Vehicles/Roadster/Materials/RoadsterBlack.mat using Guid(e5cdfd60e7c50ea4b8fe4eded917cf47) (NativeFormatImporter) -> (artifact id: '14921a9e3b56aa5db0fe119da23f2108') in 0.000400083 seconds
Start importing Assets/AllStarCharacterLibrary/Models/Vehicles/LuxSport/Materials/LuxSport.mat using Guid(06f19bc7ff5254ce78de5f47a4574428) (NativeFormatImporter) -> (artifact id: 'd1b4871b2acba41b80ec366520e00481') in 0.000426916 seconds
Start importing Assets/AllStarCharacterLibrary/Models/Vehicles/Sedan/Materials/No Name.mat using Guid(16a2dcf97c7f3674ab63a384458bd19f) (NativeFormatImporter) -> (artifact id: '487885f18d59dc85053d0fa8b9c7563d') in 0.000374834 seconds
Start importing Assets/AllStarCharacterLibrary/Models/Vehicles/PoliceCar/Materials/No Name.mat using Guid(262de55d8532ae24fbf9eace6c331a00) (NativeFormatImporter) -> (artifact id: 'c872e1f4501ef95457a2a79808253ba3') in 0.000381375 seconds
Start importing Assets/AllStarCharacterLibrary/Models/Vehicles/Stang/Materials/StangDarkBlue.mat using Guid(36c16f6bf54dd4f4296a3ed42e03a5d6) (NativeFormatImporter) -> (artifact id: '83a9135b9fe32b3f226fdd2000a7c74b') in 0.000394 seconds
Start importing Assets/AllStarCharacterLibrary/Models/Marketing/BeautyandtheBrutesIcon.mat using Guid(36c7344e9c1afc946a231a8c46c654fd) (NativeFormatImporter) -> (artifact id: '04b15aba635d5e94a401e1b5a400ff14') in 0.000407209 seconds
Start importing Assets/AllStarCharacterLibrary/Models/Vehicles/Sedan/Materials/SedanGreen.mat using Guid(4672f27dd091baa4693dd78556fc7c0f) (NativeFormatImporter) -> (artifact id: 'caead758c031b34389eacbde16cee175') in 0.000398208 seconds
Start importing Assets/AllStarCharacterLibrary/Models/Vehicles/Minari/Materials/Minari.mat using Guid(56295828a288646e697be38f1f2e333d) (NativeFormatImporter) -> (artifact id: '0aadaf3a96f19e0b977721ea0480c84f') in 0.000378084 seconds
Start importing Assets/AllStarCharacterLibrary/Models/Vehicles/BlueJay/Materials/BlueJayColored.mat using Guid(56cc3add10a017742980eb896f8dce18) (NativeFormatImporter) -> (artifact id: '7401d71bcd746bf8e670292a689f5695') in 0.000509708 seconds
Start importing Assets/AllStarCharacterLibrary/Animations/RootAnimsFemale/Materials/FCF01.mat using Guid(66a62c2e9df52f34cbac059d7a51c411) (NativeFormatImporter) -> (artifact id: '3978b272d2adeed796c0a03316fcb0ec') in 0.00048625 seconds
Start importing Assets/AllStarCharacterLibrary/Models/Vehicles/Mako/Materials/No Name.mat using Guid(765d2cc50c761ab46a3d8aeebf3e145a) (NativeFormatImporter) -> (artifact id: '98c8ef38b943bb8625c7508e51a448eb') in 0.000461542 seconds
Start importing Assets/AllStarCharacterLibrary/Models/Environmental/TestCity/Materials/b23c_10x10.mat using Guid(86f0950573ef1f742ae0e897706517f7) (NativeFormatImporter) -> (artifact id: '5fcaeaeb940898a9c9722efc35afdf02') in 0.000500625 seconds
Start importing Assets/AllStarCharacterLibrary/Models/Vehicles/SUV/Materials/SUVWhite.mat using Guid(8637074c335a09241813bd2d74003870) (NativeFormatImporter) -> (artifact id: 'f18f5c2382e7eed9b8430c82e9e9ed73') in 0.000374917 seconds
Start importing Assets/AllStarCharacterLibrary/Effects/Skids/Skidmarks.mat using Guid(96fed887318d902468fc5cd62284c475) (NativeFormatImporter) -> (artifact id: '39db16aec8bf5716f4def750cdeb3731') in 0.000381875 seconds
Start importing Assets/AllStarCharacterLibrary/Models/Vehicles/Roadster/Materials/RoadsterRed.mat using Guid(b61b1e7a60a1a074da0ede737066851a) (NativeFormatImporter) -> (artifact id: '1b958073314b9b70e2575b3fbcf66e02') in 0.0005075 seconds
Start importing Assets/AllStarCharacterLibrary/Models/Vehicles/Bus/Materials/No Name.mat using Guid(e6ab0b1b78c68cd4e9cc0f4f21ce113d) (NativeFormatImporter) -> (artifact id: '9a9b75bf917b4a79eb8f037c7087d1aa') in 0.000377583 seconds
Start importing Assets/AllStarCharacterLibrary/Models/Vehicles/Romaro/Materials/No Name.mat using Guid(f69898b18ea45a94bb81c455fd2ebd29) (NativeFormatImporter) -> (artifact id: 'fe1d63e0a9be96eca944f6db6a6113a4') in 0.000524125 seconds
Start importing Assets/AllStarCharacterLibrary/Models/Vehicles/Paraglider/Materials/Paraglider2.mat using Guid(37f71b6c5cc95ff478677e5f963aea19) (NativeFormatImporter) -> (artifact id: '31e8543bf7eb899ac70591e387d133de') in 0.000383708 seconds
Start importing Assets/AllStarCharacterLibrary/Models/Vehicles/Bezerker/Materials/BezerkerYellow.mat using Guid(6790b9194a691494fa02b38acb60ab43) (NativeFormatImporter) -> (artifact id: 'feb2127b226151bc64bf4df16bc2efa7') in 0.000502208 seconds
Start importing Assets/AllStarCharacterLibrary/Models/Vehicles/Phantom/Materials/PhantomSilver.mat using Guid(67f2744f2c510944c81530ef4c97ad96) (NativeFormatImporter) -> (artifact id: 'b15c3aea6f8983c38c83b8797df67dbc') in 0.000403625 seconds
Start importing Assets/AllStarCharacterLibrary/Models/Vehicles/Thrasher/Materials/No Name.mat using Guid(67f620c20d1589e41b978ddd7d59c413) (NativeFormatImporter) -> (artifact id: 'd0a756e79524a8c48099e629a5a01b18') in 0.000386875 seconds
Start importing Assets/AllStarCharacterLibrary/Models/Environmental/TestCity/Materials/cinderface.mat using Guid(97c9d976cdcae9541893cafb875a7cd2) (NativeFormatImporter) -> (artifact id: '182f9ff7d1af19c539db2477c2b1c081') in 0.000388084 seconds
Start importing Assets/AllStarCharacterLibrary/Models/Vehicles/Bezerker/Materials/BezerkerRed.mat using Guid(971a568cf55ba414fbfa02dba9f06114) (NativeFormatImporter) -> (artifact id: '1a00563906415458416b19105688c6fa') in 0.000633833 seconds
Start importing Assets/AllStarCharacterLibrary/Models/Vehicles/Boomslang/Materials/BoomslangBlackStriped.mat using Guid(c7ac709004996b84cab53957b4f61705) (NativeFormatImporter) -> (artifact id: 'f65fadaec2a8951cb213e6869d912d7f') in 0.000405875 seconds
Start importing Assets/AllStarCharacterLibrary/Models/Vehicles/DZClassic/Materials/Standard_2.mat using Guid(c79f7342e177d6f4a9f6ee20ee0bd058) (NativeFormatImporter) -> (artifact id: '8ba41f22fcaa27658a2e07fd19bc4c8a') in 0.000631375 seconds
Start importing Assets/AllStarCharacterLibrary/Models/Environmental/TestCity/Materials/cement05.mat using Guid(d7558178c761e5647a71fe4703e8e3e3) (NativeFormatImporter) -> (artifact id: '7acb716bb37a66cfccea1a07204bdc4b') in 0.000452375 seconds
Start importing Assets/AllStarCharacterLibrary/Models/Vehicles/DZ/Materials/Standard_2.mat using Guid(d79dbb4bf4d29464cae81b0d0b96aa05) (NativeFormatImporter) -> (artifact id: '3f511b7f0992741574dc6f0756d843a5') in 0.000560334 seconds
Start importing Assets/AllStarCharacterLibrary/Models/Vehicles/Van/Materials/Van.mat using Guid(f74da12ef75bb4dd9a6c3f4a13ebd800) (NativeFormatImporter) -> (artifact id: '88a271f39607ef277f955f7faf2d269b') in 0.000513709 seconds
Start importing Assets/AllStarCharacterLibrary/Models/Vehicles/Bezerker/Materials/BezerkerGold.mat using Guid(3840d97d5d9de4a44a9cff6f89f92685) (NativeFormatImporter) -> (artifact id: '876ce3155dbc1e0f874d918eb1084a5e') in 0.000500375 seconds
Start importing Assets/AllStarCharacterLibrary/Models/Vehicles/Boomslang/Materials/BoomslangWhite.mat using Guid(48163d1af4120b84b8b6b4cc6305114a) (NativeFormatImporter) -> (artifact id: 'd8d338270e8ed63fa60e4757b2abe458') in 0.000401917 seconds
Start importing Assets/AllStarCharacterLibrary/Models/Vehicles/Fastback/Materials/No Name.mat using Guid(582075b8bf3aaa6438a514ee18740f13) (NativeFormatImporter) -> (artifact id: '799f5ed87d8ce5cdf9585120b061550a') in 0.000382709 seconds
Start importing Assets/AllStarCharacterLibrary/Models/Vehicles/Minari/Materials/No Name.mat using Guid(78960d7f904ff4249b573c93f9f4d9c4) (NativeFormatImporter) -> (artifact id: '5a4c771715b7d4fd86ebbd7e433cbd97') in 0.000385916 seconds
Start importing Assets/AllStarCharacterLibrary/Models/Vehicles/PoliceCar/Materials/d03_ASCL7.mat using Guid(78a8f001b985e2f499ecda311a8ce575) (NativeFormatImporter) -> (artifact id: '005c40f25ec6c9be527c65968861e055') in 0.000424875 seconds
Start importing Assets/AllStarCharacterLibrary/Models/Environmental/TestCity/Materials/center11.mat using Guid(787ea9e6c91057e448cfa1849ac5b20b) (NativeFormatImporter) -> (artifact id: 'f21d041a81a62333952fef7e6a849dc4') in 0.000402209 seconds
Start importing Assets/AllStarCharacterLibrary/Characters/Meagan/Materials/Megan.mat using Guid(88757a19dc7f0f748bd0ecd5963d4201) (NativeFormatImporter) -> (artifact id: '57bd92f9470667d07a454dc8a0a3897c') in 0.000387042 seconds
Start importing Assets/AllStarCharacterLibrary/Models/Vehicles/Stepvan/Materials/No Name.mat using Guid(88cfbbadef455d34798de302165136f5) (NativeFormatImporter) -> (artifact id: '2e9d9cfa44136b480bfd9ab9f78a1b88') in 0.000514792 seconds
Start importing Assets/AllStarCharacterLibrary/Models/Vehicles/DZClassic/Materials/No Name.mat using Guid(98add485b62cd11478399a95f96c2663) (NativeFormatImporter) -> (artifact id: '8851d759d11864c49b836f0d11c0dfc0') in 0.000406208 seconds
Start importing Assets/AllStarCharacterLibrary/Models/Vehicles/Ambulance/Materials/No Name.mat using Guid(98ce2eb2a8b22924bb27fe4cd4bc5d56) (NativeFormatImporter) -> (artifact id: '2dcec23d9ca3ea4351c1766b1fbb2620') in 0.000526125 seconds
Start importing Assets/AllStarCharacterLibrary/Models/Vehicles/Palamino/Materials/PalaminoIvory.mat using Guid(a8de2bf733bc8d541aa44706ad3e781b) (NativeFormatImporter) -> (artifact id: '5b49e438417fcaface32066b3e49907a') in 0.000413542 seconds
Start importing Assets/AllStarCharacterLibrary/Models/Vehicles/Gyrocopter/Materials/No Name.mat using Guid(d8b617ef8aa474845984b02d5e2e5c34) (NativeFormatImporter) -> (artifact id: '3df6e4d6f8682bba7469dee73f58d4a5') in 0.000393833 seconds
Start importing Assets/AllStarCharacterLibrary/Models/Vehicles/Fastback/Materials/DKGreen.mat using Guid(e8af673700fe56d4ca57878d7ac7d36d) (NativeFormatImporter) -> (artifact id: '214b8972240b1f4ec3deb3f395f8a241') in 0.000401167 seconds
Start importing Assets/AllStarCharacterLibrary/Models/Marketing/InternationalSoldiers.mat using Guid(0944c52751b6f3d4293a44d6ce7fe763) (NativeFormatImporter) -> (artifact id: '16295ddf2e5c5ca71a26fd87048f0f7e') in 0.000584208 seconds
Start importing Assets/AllStarCharacterLibrary/Models/Vehicles/Stang/Materials/StangOlder.mat using Guid(097c159de7b9a4e41a9dd6be5c02ac30) (NativeFormatImporter) -> (artifact id: 'f7a9aa0649389a06801cb943dd6107c2') in 0.00057875 seconds
Start importing Assets/AllStarCharacterLibrary/Models/Vehicles/Boomslang/Materials/BoomslangBlue2.mat using Guid(1970829704f39d849884b34a1ec1f867) (NativeFormatImporter) -> (artifact id: '45483a5f8207b7e05d32d599bde79dcf') in 0.000498334 seconds
Start importing Assets/AllStarCharacterLibrary/Models/Vehicles/Zed/Materials/ZedProperBlue.mat using Guid(29e4ab4ce6bf77541b9d1dfc958ddcaa) (NativeFormatImporter) -> (artifact id: '8c55431d512ef140f6deb9d6e4b41ace') in 0.000653125 seconds
Start importing Assets/AllStarCharacterLibrary/Models/Vehicles/BlueJay/Materials/BlueJay.mat using Guid(49aa17213e73e9747ae561a5d121a4ea) (NativeFormatImporter) -> (artifact id: '463ff948c63d62ec72174a33d35af3d7') in 0.000503917 seconds
Start importing Assets/AllStarCharacterLibrary/Models/Vehicles/Van/Materials/VanBlack.mat using Guid(59492ef7e1472224cb42baec48b900f6) (NativeFormatImporter) -> (artifact id: 'ab1713057429c2cc93505cbc3db1881a') in 0.000492417 seconds
Start importing Assets/AllStarCharacterLibrary/Models/Vehicles/Mako/Materials/Mako.mat using Guid(791f76aff8f754d96a7af6debc9c083b) (NativeFormatImporter) -> (artifact id: 'e84c24b57bd242eb8440fe20d2600de5') in 0.00046125 seconds
Start importing Assets/AllStarCharacterLibrary/Models/Marketing/BeautyandtheBrutesGroup.mat using Guid(89fe93e57e422b342879422a3bf3e6e3) (NativeFormatImporter) -> (artifact id: '106e36174086ee4c72da85affa5442d2') in 0.00038825 seconds
Start importing Assets/AllStarCharacterLibrary/Models/Vehicles/Boomslang/Materials/Boomslang.mat using Guid(998adac11eb0b4b48abc0ad803bbc673) (NativeFormatImporter) -> (artifact id: '6e94c6b7c019f3f1854a1db3982ec1d2') in 0.000406583 seconds
Start importing Assets/AllStarCharacterLibrary/Models/Vehicles/Stang/Materials/No Name.mat using Guid(a9eedd744d84ed14bb222d7c491ec27d) (NativeFormatImporter) -> (artifact id: '4ee13c5d0c7ebbc72f2d31d95af9d860') in 0.000421584 seconds
Start importing Assets/AllStarCharacterLibrary/Models/Vehicles/Ambulance/Materials/Ambulance.mat using Guid(a9af7c8ed671a2d4096bc95fc0db9606) (NativeFormatImporter) -> (artifact id: 'e8a45efbe31ff1f88d76bff6a74ff38f') in 0.000399583 seconds
Start importing Assets/AllStarCharacterLibrary/Models/Vehicles/Pickup/Materials/No Name.mat using Guid(b9056f2cfccdf774b9164880349865a5) (NativeFormatImporter) -> (artifact id: 'd3e553ecc950c5e450ebcf0c905f04c1') in 0.000501083 seconds
Start importing Assets/AllStarCharacterLibrary/Models/Vehicles/Romaro/Materials/Romaro.mat using Guid(e931603618d924698a8ea50eaeb2daec) (NativeFormatImporter) -> (artifact id: '70d498b77522040ab89d3c8a52933bc6') in 0.000512834 seconds
Start importing Assets/AllStarCharacterLibrary/Models/Vehicles/DZ/Materials/DZWhite.mat using Guid(e9ff3f5b24a5dd443ae6675cb01c3a2c) (NativeFormatImporter) -> (artifact id: '0c5cc9c795955690575bc459281fd1f3') in 0.0004265 seconds
Start importing Assets/AllStarCharacterLibrary/Models/Vehicles/Paraglider/Materials/01 - Default.mat using Guid(1a1fbe3f672d28140b3fb8357854d273) (NativeFormatImporter) -> (artifact id: '5237b6f59d4489dfb34db81b13f3073e') in 0.00043025 seconds
Start importing Assets/AllStarCharacterLibrary/Models/Vehicles/Cyclone/Materials/CycloneWhite.mat using Guid(2a0707e8f72c77d46883af9c1aedba11) (NativeFormatImporter) -> (artifact id: '702be34564424fe6a6e467133772df02') in 0.000383541 seconds
Start importing Assets/AllStarCharacterLibrary/Models/Vehicles/Bezerker/Materials/BezerkerMetalBlue.mat using Guid(2ae7543f71fb02240a0548c4076ad035) (NativeFormatImporter) -> (artifact id: 'f0e92b590e4bd4598fc76c3d32818d02') in 0.000497541 seconds
Start importing Assets/AllStarCharacterLibrary/Characters/Tommy/Materials/Tommy.mat using Guid(3a72ca6b9888d4541a115477311af10a) (NativeFormatImporter) -> (artifact id: 'a574861de7b7bdc54da052efa99dbaa9') in 0.000503416 seconds
Start importing Assets/AllStarCharacterLibrary/Models/Vehicles/Bus/Materials/Green.mat using Guid(3a6789af65fa6b5479747c92402f5cba) (NativeFormatImporter) -> (artifact id: '9439b06b80a1adc76e8988d41d49459c') in 0.000439833 seconds
Start importing Assets/AllStarCharacterLibrary/Models/Vehicles/Goat/Materials/GoatOrange.mat using Guid(4a39eeb387d952a4fbcbb61599249aec) (NativeFormatImporter) -> (artifact id: '02b24e66aad30bd85936d6a89a394aac') in 0.000403 seconds
Start importing Assets/AllStarCharacterLibrary/Models/Vehicles/Boomslang/Materials/BoomslangBlack.mat using Guid(5a8cf7a156dbbef4db87554047794e7e) (NativeFormatImporter) -> (artifact id: '35f79bbccc5d8c229796197dbc194f1d') in 0.0005005 seconds
Start importing Assets/AllStarCharacterLibrary/Models/Vehicles/Boomslang/Materials/No Name.mat using Guid(6aeae84133be54b4b96381f06a774e8d) (NativeFormatImporter) -> (artifact id: 'ae7a3c80506d3eff5279a52fdf305f12') in 0.000392041 seconds
Start importing Assets/AllStarCharacterLibrary/Models/Vehicles/GT/Materials/d01SeamFix.mat using Guid(6abb1ee90646ca1469e9230ba30a6cbb) (NativeFormatImporter) -> (artifact id: 'da00a05e74e876a32828d5ebae84e370') in 0.000416292 seconds
Start importing Assets/AllStarCharacterLibrary/Models/Vehicles/Matador/Materials/MatadorGold.mat using Guid(6afb138453fa0184b8d60045e3026381) (NativeFormatImporter) -> (artifact id: '357cb63e423403e410eec41cf26ec13d') in 0.000410125 seconds
Start importing Assets/AllStarCharacterLibrary/Models/Vehicles/DZClassic/Materials/DZClassicSilver.mat using Guid(8a7104de48d91f24a8e313f64e133fb7) (NativeFormatImporter) -> (artifact id: '7dcf4cc12be2e36ed875d19c1e2b3113') in 0.000383583 seconds
Start importing Assets/AllStarCharacterLibrary/Models/Environmental/TestCity/Materials/b10c_30x30.mat using Guid(aab0f4ee7649bb941bf5c941ecd22d9b) (NativeFormatImporter) -> (artifact id: '6e65f1fb7c5b3462140c4c15d04c03fc') in 0.000483208 seconds
Start importing Assets/AllStarCharacterLibrary/Models/Vehicles/Roadster/Materials/Roadster.mat using Guid(aa4ec1c2deaf96e4f8bad5811d97596a) (NativeFormatImporter) -> (artifact id: 'c8a611c65bc6ab461388e39edfc35836') in 0.000405 seconds
Start importing Assets/AllStarCharacterLibrary/Models/Vehicles/Boomslang/Materials/BoomslangYellow.mat using Guid(bab734696c25aae40b26ef1d47774f8e) (NativeFormatImporter) -> (artifact id: 'bdf2df92bf0c7e42485a67d695662d7f') in 0.000560667 seconds
Start importing Assets/AllStarCharacterLibrary/Models/Vehicles/BlueJay/Materials/BlueJayYellow.mat using Guid(ca01f2fb43ed8fb4bbbd232cee17842b) (NativeFormatImporter) -> (artifact id: '259e349bbccc8a0f1a33b7490f104900') in 0.000604667 seconds
Start importing Assets/AllStarCharacterLibrary/Models/Vehicles/SLR/Materials/SLR.mat using Guid(da9f938820beb4525b2429524d848b36) (NativeFormatImporter) -> (artifact id: '93988de0ae927cb96bd8f1b0358028d2') in 0.00046275 seconds
Start importing Assets/AllStarCharacterLibrary/Models/Environmental/TestCity/Materials/highrise02small.mat using Guid(eac747a17cfb60e489781b0deb729bf4) (NativeFormatImporter) -> (artifact id: '6b0075099859087dcc242249a8c5f830') in 0.000407667 seconds
Start importing Assets/AllStarCharacterLibrary/Models/Vehicles/Zed/Materials/BlueSteel.mat using Guid(0b415db1961cec547bb2a37dfe2a325a) (NativeFormatImporter) -> (artifact id: '9ba780fdc586592b58344f449bda26d9') in 0.000438 seconds
Start importing Assets/AllStarCharacterLibrary/Models/Vehicles/BlueJay/Materials/BlueJayBlack.mat using Guid(1b11db30f89c24f4987eda5447082066) (NativeFormatImporter) -> (artifact id: '1cd6eec2ad0f692dfa8437e431a0267d') in 0.000434292 seconds
Start importing Assets/AllStarCharacterLibrary/Models/Vehicles/Zed/Materials/ZedWhite.mat using Guid(1b99e8f10df859b4aa6b90159387bbe1) (NativeFormatImporter) -> (artifact id: '3b6cf5ad82063a413bcc249a5457d522') in 0.000409791 seconds
Start importing Assets/AllStarCharacterLibrary/Models/Vehicles/Fastback/Materials/Fastback.mat using Guid(6b3f30c07fbfa47baa29c994c6939d0e) (NativeFormatImporter) -> (artifact id: '1ac73bfeaa9a8ee721b5d56a9eba6460') in 0.000509458 seconds
Start importing Assets/AllStarCharacterLibrary/Models/Marketing/SexySidekicks.mat using Guid(7bd8507face37194ebb19636f5da43dc) (NativeFormatImporter) -> (artifact id: 'dfc6699b208e3ba236b4d54b3122c305') in 0.000382542 seconds
Start importing Assets/AllStarCharacterLibrary/Models/Environmental/TestCity/Materials/b03c_10x10.mat using Guid(9b854c02b81f0734a957f2adf5d0a112) (NativeFormatImporter) -> (artifact id: '1f78b9d654433114f9b06860a568920b') in 0.000511917 seconds
Start importing Assets/AllStarCharacterLibrary/Models/Vehicles/Zed/Materials/ZedJetBlack.mat using Guid(bbc971ca8e0a1684c847b50946476fef) (NativeFormatImporter) -> (artifact id: '9654cf977b9cb4f2a3fc907820f9ca81') in 0.000398 seconds
Start importing Assets/AllStarCharacterLibrary/Models/Vehicles/Bezerker/Materials/BezerkerCopper.mat using Guid(fb2d6ec1e36e15b4ebbdd976f0fe997c) (NativeFormatImporter) -> (artifact id: 'e975be51a7cbbd64304d770a2f3cad53') in 0.00037275 seconds
Start importing Assets/AllStarCharacterLibrary/Models/Vehicles/Bezerker/Materials/BezerkerIceBlue.mat using Guid(0c746d703749108428308e08d53c4b14) (NativeFormatImporter) -> (artifact id: '403223260f5d4e3a15a229378558dd97') in 0.000402834 seconds
Start importing Assets/AllStarCharacterLibrary/Models/Vehicles/SLR/Materials/SLRSilver.mat using Guid(1c8052f25d8ac184eb6abf5003ecb46d) (NativeFormatImporter) -> (artifact id: '585a312d577f16cd7393202abe09f808') in 0.000431292 seconds
Start importing Assets/AllStarCharacterLibrary/Animations/RootAnimsFemale/Materials/Megan.mat using Guid(1cd94072876302447984768a262ba2d7) (NativeFormatImporter) -> (artifact id: '77461d6f01dd61d19cbeb202ca8c7e48') in 0.000515917 seconds
Start importing Assets/AllStarCharacterLibrary/Models/Vehicles/Stepvan/Materials/Stepvan.mat using Guid(2ce4c03bf16fc47d291be87bc11fcf34) (NativeFormatImporter) -> (artifact id: 'eb6d5f5ec9309405411a99dcc49035f6') in 0.00038475 seconds
Start importing Assets/AllStarCharacterLibrary/Models/Vehicles/Cyclone/Materials/CycloneYellow.mat using Guid(2cb6d8f2378fa6a44ae06a7a20cdc41d) (NativeFormatImporter) -> (artifact id: '373963b659b71639bbb57eaabb2ff325') in 0.000521708 seconds
Start importing Assets/AllStarCharacterLibrary/Models/Vehicles/Stang/Materials/StangRed.mat using Guid(2c17df3526fc80d4fb776ac0c3f22d25) (NativeFormatImporter) -> (artifact id: 'b7db6b9281001a628247ed59683343b9') in 0.00044575 seconds
Start importing Assets/AllStarCharacterLibrary/Models/Environmental/TestCity/Materials/DarkBrickFace02b.mat using Guid(6c77dce4104cfc14e9f3d3cbd89c57d9) (NativeFormatImporter) -> (artifact id: '644486bc837e228f672a4424bc128a94') in 0.000408208 seconds
Start importing Assets/AllStarCharacterLibrary/Models/Environmental/TestCity/Materials/9 - Defaultsssd.mat using Guid(9cc56b27dae7fa24395cc7e14fe68186) (NativeFormatImporter) -> (artifact id: '76758f4d0493282bbbbd430c723f56e2') in 0.0003825 seconds
Start importing Assets/AllStarCharacterLibrary/Models/Vehicles/PoliceCar/Materials/PoliceCar.mat using Guid(9c8b31b8ffee942629f6a5898762e346) (NativeFormatImporter) -> (artifact id: '65c73d9b57602cd1ed9169984e153f97') in 0.000394375 seconds
Start importing Assets/AllStarCharacterLibrary/Models/Vehicles/Cyclone/Materials/CycloneBlack.mat using Guid(bc405585769603941a8a3525987eadc4) (NativeFormatImporter) -> (artifact id: 'f31ced69c3049ea97f35cb4490ed969c') in 0.000568667 seconds
Start importing Assets/AllStarCharacterLibrary/Models/Vehicles/Boomslang/Materials/Collision.mat using Guid(bc489d803a893e541856dd250a57430b) (NativeFormatImporter) -> (artifact id: 'ad79cf8a2c27019df16f8ae980ac6259') in 0.003333708 seconds
Start importing Assets/AllStarCharacterLibrary/Models/Vehicles/Bus/Materials/BussWindows.mat using Guid(bcaefcd8d065dc649bba602a07504504) (NativeFormatImporter) -> (artifact id: '09feb2f82531b4c28e258cfc870fc1a3') in 0.000403125 seconds
Start importing Assets/AllStarCharacterLibrary/Models/Vehicles/Phantom/Materials/Phantom.mat using Guid(ec1a9b8221642694fbfcf60857b5a2cc) (NativeFormatImporter) -> (artifact id: '3d585cfd666cdf479ebc398b2f1a99b3') in 0.000395042 seconds
Start importing Assets/AllStarCharacterLibrary/Models/Vehicles/Boomslang/Materials/GlassWindow.mat using Guid(0d73ff748cb07f244984a5b916086d69) (NativeFormatImporter) -> (artifact id: '98cf5936ac5842506292875e40e60990') in 0.000395208 seconds
Start importing Assets/AllStarCharacterLibrary/Models/Marketing/Materials/SexySideKicksFloorPaper.mat using Guid(1d2f1ed6332e6d142af639693b1f4509) (NativeFormatImporter) -> (artifact id: 'a5fadc489db60b5a93f1ca9bb10284da') in 0.000504041 seconds
Start importing Assets/AllStarCharacterLibrary/Models/Vehicles/Bezerker/Materials/BezerkerSilver.mat using Guid(4d5db9ce7666083448f232c84af20b6a) (NativeFormatImporter) -> (artifact id: 'bca0cb2446838f1972fc2b3a57ccd88a') in 0.000438208 seconds
Start importing Assets/AllStarCharacterLibrary/Models/Vehicles/Ultralight/Materials/Ultrastar.mat using Guid(4dde2536eee11cb459a64f99e1c7871b) (NativeFormatImporter) -> (artifact id: 'f67903303749e1dfd604eb34558efd63') in 0.000476458 seconds
Start importing Assets/AllStarCharacterLibrary/Models/Vehicles/Thrasher/Materials/ThrasherYellow.mat using Guid(7d7e24d330ad49f47959787d972dd140) (NativeFormatImporter) -> (artifact id: '338fd5c7bf6d79cc2bc8575b8f07279b') in 0.006716125 seconds
Start importing Assets/AllStarCharacterLibrary/Models/Vehicles/Boomslang/Materials/BoomslangBlueStriped.mat using Guid(ad76bedacaf47794f994147b8c41122b) (NativeFormatImporter) -> (artifact id: '96bc333f943ac51ab409e32016f3535f') in 0.000523875 seconds
Start importing Assets/AllStarCharacterLibrary/Models/Vehicles/Gyrocopter/Materials/Gyrocopter.mat using Guid(bd82c66f06028634881da0f7a85008ef) (NativeFormatImporter) -> (artifact id: '9cbb5d632d309618afcbbdc875d59ca9') in 0.000678 seconds
Start importing Assets/AllStarCharacterLibrary/Models/Environmental/TestCity/Materials/GrandJunction.mat using Guid(bddf7f0a9c0354e4485459051279bfc1) (NativeFormatImporter) -> (artifact id: '5b4dda476e6606e8b21a28068db28f68') in 0.00043975 seconds
Start importing Assets/AllStarCharacterLibrary/Models/Vehicles/Romaro/Materials/Romaro2.mat using Guid(0ef1288b854cb5c4682dff46044fa5a9) (NativeFormatImporter) -> (artifact id: 'e0761deb571ecedf12f6429f7f1a198b') in 0.000436625 seconds
Start importing Assets/AllStarCharacterLibrary/Models/Vehicles/Mako/Materials/MakoSilver.mat using Guid(2e0c95bbdb56aef4293980b1a07a87ee) (NativeFormatImporter) -> (artifact id: 'dac20fbd49512446e0ea77bdd50e06d2') in 0.000419459 seconds
Start importing Assets/AllStarCharacterLibrary/Models/Vehicles/Stang/Materials/StangBlack.mat using Guid(5e61cb60558e9df4eb66a94468e3d5cf) (NativeFormatImporter) -> (artifact id: '69f8c7843f92069b643205798eec1524') in 0.000410958 seconds
Start importing Assets/AllStarCharacterLibrary/Models/Vehicles/GT/Materials/GTGold.mat using Guid(ae97d76af65f33b43ab421b32fdb2b3c) (NativeFormatImporter) -> (artifact id: '661c13a1ee77937b7ae4a837bdf3aaec') in 0.000399333 seconds
Start importing Assets/AllStarCharacterLibrary/Models/Vehicles/Bezerker/Materials/BezerkerHunterGreen.mat using Guid(aeda6148d3ec0da4b928878a14f4812e) (NativeFormatImporter) -> (artifact id: 'a814324de31dce1e37ad4367664e6b8e') in 0.000518042 seconds
Start importing Assets/AllStarCharacterLibrary/Models/Vehicles/Bezerker/Materials/No Name.mat using Guid(ae8f68630d676f640bc7833538f70f74) (NativeFormatImporter) -> (artifact id: '29c9205e9ee794404e67e14b3c05c2e0') in 0.000432875 seconds
Start importing Assets/AllStarCharacterLibrary/Models/Vehicles/Pickup/Materials/PickupTeal.mat using Guid(de8108a65dd11a04892f6de56e8e8c59) (NativeFormatImporter) -> (artifact id: '03af3c9b3a905122b76a10c2780936dd') in 0.00050275 seconds
Start importing Assets/AllStarCharacterLibrary/Models/Vehicles/DZ/Materials/DZ.mat using Guid(de381673107855c4db6d319816ee6e95) (NativeFormatImporter) -> (artifact id: '29341143b0297828a4921b6c360207af') in 0.000394292 seconds
Start importing Assets/AllStarCharacterLibrary/Models/Vehicles/SLR/Materials/No Name.mat using Guid(ee86279f541bb4846b569f5921a3cf3c) (NativeFormatImporter) -> (artifact id: '2e69a1c96781b50aa8b2a5c1b10d5e34') in 0.000383833 seconds
Start importing Assets/AllStarCharacterLibrary/Models/Vehicles/Boomslang/Materials/BoomslangRed.mat using Guid(fe11e9d7b84934c4a9685eb48b1b75da) (NativeFormatImporter) -> (artifact id: 'f84db2f9557b11ef1a4740328904df38') in 0.000406583 seconds
Start importing Assets/AllStarCharacterLibrary/Models/Environmental/Materials/Street3.mat using Guid(3f13ceac81b4a6346b9ba88b2cbd4f66) (NativeFormatImporter) -> (artifact id: 'd20a03219e501ee2753d0e195961b346') in 0.000427875 seconds
Start importing Assets/AllStarCharacterLibrary/Models/Vehicles/Romaro/Materials/Romaro2Blue.mat using Guid(3fa76b71ccdc48341aacb84837f89dc1) (NativeFormatImporter) -> (artifact id: 'fa7780fe83512507efff7bf00975d52b') in 0.000405833 seconds
Start importing Assets/AllStarCharacterLibrary/Models/Vehicles/Goat/Materials/Standard_2.mat using Guid(6f1b805fa23b6504d956c1dce535ebd2) (NativeFormatImporter) -> (artifact id: '58747bd1bf3b35271708e780fac939aa') in 0.00038975 seconds
Start importing Assets/AllStarCharacterLibrary/Models/Vehicles/Paraglider/Materials/No Name.mat using Guid(7fc818935579fad408008e1b416ca615) (NativeFormatImporter) -> (artifact id: 'e7dd32f4bc35d9b01c5dc506578d75bf') in 0.000560917 seconds
Start importing Assets/AllStarCharacterLibrary/Models/Vehicles/Phantom/Materials/No Name.mat using Guid(7f6f248f18f33de41b1d764d62918e49) (NativeFormatImporter) -> (artifact id: 'c19a21a13d46bac51a69cfffb245a4c3') in 0.000429917 seconds
Start importing Assets/AllStarCharacterLibrary/Models/Environmental/Materials/No Name.mat using Guid(8f907443b378a794ea4c253674e45788) (NativeFormatImporter) -> (artifact id: 'a2ca9aab5cdf60c62428a3cef4a69191') in 0.000398208 seconds
Start importing Assets/AllStarCharacterLibrary/Models/Vehicles/Bezerker/Materials/GlassWindow.mat using Guid(8ff63c55f386c1c45af5e55239d2dea5) (NativeFormatImporter) -> (artifact id: '53da68a315822b65e3d964f596b1d704') in 0.000508875 seconds
Start importing Assets/AllStarCharacterLibrary/Models/Vehicles/Ambulance/Materials/Collision.mat using Guid(bf879a3d761d56149af68c95cf3387ab) (NativeFormatImporter) -> (artifact id: '5bc97e43a513c87108d62a0d5a115d45') in 0.000505417 seconds
Start importing Assets/AllStarCharacterLibrary/Models/Vehicles/BlueJay/Materials/No Name.mat using Guid(df9159d5d99a15c4bb78b148d008c768) (NativeFormatImporter) -> (artifact id: 'c2dc75445fb333f3b94ae1ed6d36b5b2') in 0.000503041 seconds
Start importing Assets/AllStarCharacterLibrary/Models/Vehicles/Goat/Materials/No Name.mat using Guid(df65b9617d290a8428f55f684871d970) (NativeFormatImporter) -> (artifact id: 'ac0cffe2401538a9c823be3f11b954b5') in 0.000390958 seconds
Start importing Assets/AllStarCharacterLibrary/Models/Vehicles/Roadster/Materials/RoadsterWhite.mat using Guid(df379e401780f476b8e446b334eef2fd) (NativeFormatImporter) -> (artifact id: '4e20fdd9a0a3d57fb1606b54c27d4362') in 0.00043225 seconds
Refreshing native plugins compatible for Editor in 0.00 ms, found 0 plugins.
Preloading 0 native plugins for Editor in 0.00 ms.
Asset Pipeline Refresh (id=6c3c12cda8ef3486ab37945c2c880893): Total: 0.174 seconds - Initiated by StopAssetImportingV2(NoUpdateAssetOptions)
Asset Pipeline Refresh (id=f36063615015b42298ac3b050a5c366b): Total: 0.041 seconds - Initiated by RefreshV2(NoUpdateAssetOptions)
Start importing Assets/AllStarCharacterLibrary/Animations/RootAnimsFemale/BaseFemale.fbx using Guid(6db04bc21c5245d428bf2464b5cc5376) (FBXImporter)Keyframe reduction: Ratio: 9.090910%;
 -> (artifact id: 'befb876f705f1f2c1dc38eca12bc93ed') in 0.033812167 seconds
Refreshing native plugins compatible for Editor in 0.00 ms, found 0 plugins.
Preloading 0 native plugins for Editor in 0.00 ms.
Asset Pipeline Refresh (id=8adefd1059cbe4d3db6c2e366fed9c2c): Total: 0.041 seconds - Initiated by StopAssetImportingV2(NoUpdateAssetOptions)
Start importing Assets/AllStarCharacterLibrary/Animations/RootAnimsFemale/BaseFemale@RiderBus.fbx using Guid(ea0a2abab20992c45ba3e1dbcb838bfc) (FBXImporter)Keyframe reduction: Ratio: 21.883120%;
 -> (artifact id: 'f1d9dea22a5bc283490d146e1b230ca4') in 0.025320084 seconds
Refreshing native plugins compatible for Editor in 0.00 ms, found 0 plugins.
Preloading 0 native plugins for Editor in 0.00 ms.
Asset Pipeline Refresh (id=f11a7fb515f6d4ccea5878e769c8f711): Total: 0.033 seconds - Initiated by StopAssetImportingV2(NoUpdateAssetOptions)
Start importing Assets/AllStarCharacterLibrary/Animations/RootAnimsFemale/BaseFemale@RiderLow.fbx using Guid(e0c41ce250a07644db5f4064de382410) (FBXImporter)Keyframe reduction: Ratio: 20.194805%;
 -> (artifact id: '7bef45c8a9175b229be3404316a69995') in 0.028141583 seconds
Refreshing native plugins compatible for Editor in 0.00 ms, found 0 plugins.
Preloading 0 native plugins for Editor in 0.00 ms.
Asset Pipeline Refresh (id=c003b84a7ff524a02a16494faf35396d): Total: 0.034 seconds - Initiated by StopAssetImportingV2(NoUpdateAssetOptions)
Start importing Assets/AllStarCharacterLibrary/Animations/RootAnimsFemale/BaseFemale@RiderTruck.fbx using Guid(21633c31e077756458156b4a90a719d1) (FBXImporter)Keyframe reduction: Ratio: 21.363638%;
 -> (artifact id: 'bbe999d22bd587f4a39a36e1aa608755') in 0.025008375 seconds
Refreshing native plugins compatible for Editor in 0.00 ms, found 0 plugins.
Preloading 0 native plugins for Editor in 0.00 ms.
Asset Pipeline Refresh (id=6a67b1fc7d3eb4675a01ebec002c0cee): Total: 0.031 seconds - Initiated by StopAssetImportingV2(NoUpdateAssetOptions)
Start importing Assets/AllStarCharacterLibrary/Animations/RootAnimsFemale/BaseFemale@UNAttack.fbx using Guid(d2b8e281dcb8b594ba5bd16415644b97) (FBXImporter)Keyframe reduction: Ratio: 54.426338%;
 -> (artifact id: '63860d26b0c6fa52009855a1b51f779a') in 0.027956791 seconds
Refreshing native plugins compatible for Editor in 0.00 ms, found 0 plugins.
Preloading 0 native plugins for Editor in 0.00 ms.
Asset Pipeline Refresh (id=b6d167422333243edb0c3bc1d55b5a41): Total: 0.034 seconds - Initiated by StopAssetImportingV2(NoUpdateAssetOptions)
Start importing Assets/AllStarCharacterLibrary/Animations/RootAnimsFemale/BaseFemale@UNCombatIdle.fbx using Guid(de5630653b92a454f88bef1943f47df6) (FBXImporter)Keyframe reduction: Ratio: 16.565723%;
 -> (artifact id: '98bb8ce34b4b3590b92c8545180f76cc') in 0.030569834 seconds
Refreshing native plugins compatible for Editor in 0.00 ms, found 0 plugins.
Preloading 0 native plugins for Editor in 0.00 ms.
Asset Pipeline Refresh (id=90121210e0a524c419820a35e5573d1e): Total: 0.036 seconds - Initiated by StopAssetImportingV2(NoUpdateAssetOptions)
Start importing Assets/AllStarCharacterLibrary/Animations/RootAnimsFemale/BaseFemale@UNCombatRunF.fbx using Guid(55cafbc9c360f164f9232bf97c8f3a1a) (FBXImporter)Keyframe reduction: Ratio: 49.459267%;
 -> (artifact id: '598cbc5796c4b0627bf53624a9f909ff') in 0.027321083 seconds
Refreshing native plugins compatible for Editor in 0.00 ms, found 0 plugins.
Preloading 0 native plugins for Editor in 0.00 ms.
Asset Pipeline Refresh (id=6d8bc02e4e3864c7195633efffb705fb): Total: 0.033 seconds - Initiated by StopAssetImportingV2(NoUpdateAssetOptions)
Start importing Assets/AllStarCharacterLibrary/Animations/RootAnimsFemale/BaseFemale@UNDeathA.fbx using Guid(9fff4688927d1a043a2327abbc42b1bc) (FBXImporter)Keyframe reduction: Ratio: 31.751068%;
 -> (artifact id: '760cfb897dd88894dfe2ec60c971d968') in 0.033415542 seconds
Refreshing native plugins compatible for Editor in 0.00 ms, found 0 plugins.
Preloading 0 native plugins for Editor in 0.00 ms.
Asset Pipeline Refresh (id=d6b11c62ab1be41669d9eea19c909840): Total: 0.040 seconds - Initiated by StopAssetImportingV2(NoUpdateAssetOptions)
Start importing Assets/AllStarCharacterLibrary/Animations/RootAnimsFemale/BaseFemale@UNDeathB.fbx using Guid(641cf838d67144543865eab2d1dd6209) (FBXImporter)Keyframe reduction: Ratio: 30.842436%;
 -> (artifact id: 'ff6d20eecaa617a63ec696e53934baaf') in 0.036370542 seconds
Refreshing native plugins compatible for Editor in 0.00 ms, found 0 plugins.
Preloading 0 native plugins for Editor in 0.00 ms.
Asset Pipeline Refresh (id=4336235d25a004648bc4ef014e89aec6): Total: 0.043 seconds - Initiated by StopAssetImportingV2(NoUpdateAssetOptions)
Start importing Assets/AllStarCharacterLibrary/Animations/RootAnimsFemale/BaseFemale@UNDeathC.fbx using Guid(7e27adb70885b5d48b70d98574000be6) (FBXImporter)Keyframe reduction: Ratio: 35.843895%;
 -> (artifact id: 'af87a4c8d01777fb7db317e85c0a4ea2') in 0.033005333 seconds
Refreshing native plugins compatible for Editor in 0.00 ms, found 0 plugins.
Preloading 0 native plugins for Editor in 0.00 ms.
Asset Pipeline Refresh (id=88e59cec7e4ca4785961afd4afe9c582): Total: 0.040 seconds - Initiated by StopAssetImportingV2(NoUpdateAssetOptions)
Start importing Assets/AllStarCharacterLibrary/Animations/RootAnimsFemale/BaseFemale@UNIdle.fbx using Guid(80fd84c5016f9c44fab4b2ea8b0640c9) (FBXImporter)Keyframe reduction: Ratio: 5.085546%;
 -> (artifact id: '9a8ff075f8a5a933a2fb799ebf5f6159') in 0.034936667 seconds
Refreshing native plugins compatible for Editor in 0.00 ms, found 0 plugins.
Preloading 0 native plugins for Editor in 0.00 ms.
Asset Pipeline Refresh (id=11219b02713f24a49bbb52d7a72d57cf): Total: 0.041 seconds - Initiated by StopAssetImportingV2(NoUpdateAssetOptions)
Start importing Assets/AllStarCharacterLibrary/Animations/RootAnimsFemale/BaseFemale@UNPain.fbx using Guid(f3d015544a9124444b780bb301ee739c) (FBXImporter)Keyframe reduction: Ratio: 26.677853%;
 -> (artifact id: '84299fb53af5bc1bb96fc44e78b4f1c1') in 0.027294458 seconds
Refreshing native plugins compatible for Editor in 0.00 ms, found 0 plugins.
Preloading 0 native plugins for Editor in 0.00 ms.
Asset Pipeline Refresh (id=bdd026195041f4edfb4d8c68007c92f6): Total: 0.033 seconds - Initiated by StopAssetImportingV2(NoUpdateAssetOptions)
Start importing Assets/AllStarCharacterLibrary/Animations/RootAnimsFemale/BaseFemale@UNRunF.fbx using Guid(f6e380ed97595444bba0b0065cf32abc) (FBXImporter)Keyframe reduction: Ratio: 46.174496%;
 -> (artifact id: 'c5d661e3c3ebc16d8cc9b6b3a2999161') in 0.027926709 seconds
Refreshing native plugins compatible for Editor in 0.00 ms, found 0 plugins.
Preloading 0 native plugins for Editor in 0.00 ms.
Asset Pipeline Refresh (id=f241d0f189cb94dc1872d03ebedf504e): Total: 0.034 seconds - Initiated by StopAssetImportingV2(NoUpdateAssetOptions)
Start importing Assets/AllStarCharacterLibrary/Animations/RootAnimsFemale/BaseFemale@UNWalkF.fbx using Guid(e8341d661d86ddb42a18dfa167607d3a) (FBXImporter)Keyframe reduction: Ratio: 45.484177%;
 -> (artifact id: 'c932dcf6f035c67445aba831f7ee48ea') in 0.029810958 seconds
Refreshing native plugins compatible for Editor in 0.00 ms, found 0 plugins.
Preloading 0 native plugins for Editor in 0.00 ms.
Asset Pipeline Refresh (id=945c5c530a89543f8949de24a19d0e14): Total: 0.036 seconds - Initiated by StopAssetImportingV2(NoUpdateAssetOptions)
Start importing Assets/AllStarCharacterLibrary/Animations/RootAnimsMale/BaseMale.fbx using Guid(98730b7884f51c84daac95aa72960d91) (FBXImporter) -> (artifact id: '01d1f98aeb2e7b3ebcb7eba1b3a525a9') in 0.024662459 seconds
Refreshing native plugins compatible for Editor in 0.00 ms, found 0 plugins.
Preloading 0 native plugins for Editor in 0.00 ms.
Asset Pipeline Refresh (id=857f66dd69e154056ac06502659629e5): Total: 0.031 seconds - Initiated by StopAssetImportingV2(NoUpdateAssetOptions)
Start importing Assets/AllStarCharacterLibrary/Animations/RootAnimsMale/BaseMale@UNAttack.fbx using Guid(250f1d2352334a54d9e8cdf9a2c5ed55) (FBXImporter) -> (artifact id: '26aedb8922baee25a374142c65e20fc6') in 0.027911333 seconds
Refreshing native plugins compatible for Editor in 0.00 ms, found 0 plugins.
Preloading 0 native plugins for Editor in 0.00 ms.
Asset Pipeline Refresh (id=5369f717305914c9c8ab78da8e706283): Total: 0.035 seconds - Initiated by StopAssetImportingV2(NoUpdateAssetOptions)
Start importing Assets/AllStarCharacterLibrary/Animations/RootAnimsMale/BaseMale@UNCombatIdle.fbx using Guid(35a94fab8cc858b429e92761df2ea650) (FBXImporter) -> (artifact id: 'b67cbcdcf69690e9a17d44ff5c751617') in 0.030112959 seconds
Refreshing native plugins compatible for Editor in 0.00 ms, found 0 plugins.
Preloading 0 native plugins for Editor in 0.00 ms.
Asset Pipeline Refresh (id=504668254c22d4802b3d88aefd30c8cf): Total: 0.038 seconds - Initiated by StopAssetImportingV2(NoUpdateAssetOptions)
Start importing Assets/AllStarCharacterLibrary/Animations/RootAnimsMale/BaseMale@UNCombatRunF.fbx using Guid(2a3fa9ae1deeea7428dd3e786a023ae5) (FBXImporter) -> (artifact id: '9b7e9fcde0c43bdf392bf442d2491a06') in 0.027912583 seconds
Refreshing native plugins compatible for Editor in 0.00 ms, found 0 plugins.
Preloading 0 native plugins for Editor in 0.00 ms.
Asset Pipeline Refresh (id=8240085afe2944814aba2afd2dc005a5): Total: 0.035 seconds - Initiated by StopAssetImportingV2(NoUpdateAssetOptions)
Start importing Assets/AllStarCharacterLibrary/Animations/RootAnimsMale/BaseMale@UNCombatWalkF.fbx using Guid(3d21d9dc98aad7f40a294929dcc3b3a5) (FBXImporter)Keyframe reduction: Ratio: 25.898144%;
 -> (artifact id: 'b043ba8e17b90fa45257c9ebdbd520c7') in 0.030725917 seconds
Refreshing native plugins compatible for Editor in 0.00 ms, found 0 plugins.
Preloading 0 native plugins for Editor in 0.00 ms.
Asset Pipeline Refresh (id=67ae118d31c5f4736bd245f9cb02198f): Total: 0.037 seconds - Initiated by StopAssetImportingV2(NoUpdateAssetOptions)
Start importing Assets/AllStarCharacterLibrary/Animations/RootAnimsMale/BaseMale@UNDeathA.fbx using Guid(d18465050cc5f21489dc93c571d2fb8e) (FBXImporter)Keyframe reduction: Ratio: 32.056133%;
 -> (artifact id: 'e428f6704df5fda697eea60b6a58a8e9') in 0.033246833 seconds
Refreshing native plugins compatible for Editor in 0.00 ms, found 0 plugins.
Preloading 0 native plugins for Editor in 0.00 ms.
Asset Pipeline Refresh (id=5854e2ebbc4ce4ac7af9ae9f32716914): Total: 0.041 seconds - Initiated by StopAssetImportingV2(NoUpdateAssetOptions)
Start importing Assets/AllStarCharacterLibrary/Animations/RootAnimsMale/BaseMale@UNDeathB.fbx using Guid(9595aca7f18da4c44b1c1cf1d8b11cec) (FBXImporter)Keyframe reduction: Ratio: 31.172989%;
 -> (artifact id: '05f06ae029c1736c26c0fada70fc1824') in 0.0351295 seconds
Refreshing native plugins compatible for Editor in 0.00 ms, found 0 plugins.
Preloading 0 native plugins for Editor in 0.00 ms.
Asset Pipeline Refresh (id=c9890bd935a604671a4af41c281f554c): Total: 0.042 seconds - Initiated by StopAssetImportingV2(NoUpdateAssetOptions)
Start importing Assets/AllStarCharacterLibrary/Animations/RootAnimsMale/BaseMale@UNDeathC.fbx using Guid(317c8573fa5c2fa408e064fcdf806a71) (FBXImporter)Keyframe reduction: Ratio: 36.577183%;
 -> (artifact id: '53c0c645501d5e8721a37b92e27e2962') in 0.033253292 seconds
Refreshing native plugins compatible for Editor in 0.00 ms, found 0 plugins.
Preloading 0 native plugins for Editor in 0.00 ms.
Asset Pipeline Refresh (id=3d9011ba7c11a47bc9f0d3e66b0411ce): Total: 0.040 seconds - Initiated by StopAssetImportingV2(NoUpdateAssetOptions)
Start importing Assets/AllStarCharacterLibrary/Animations/RootAnimsMale/BaseMale@UNIdle.fbx using Guid(cb0d2f251259d534f91585d30aee228e) (FBXImporter)Keyframe reduction: Ratio: 5.170621%;
 -> (artifact id: '46e80df504b3dd1fee5318df904d2053') in 0.035311625 seconds
Refreshing native plugins compatible for Editor in 0.00 ms, found 0 plugins.
Preloading 0 native plugins for Editor in 0.00 ms.
Asset Pipeline Refresh (id=3bfa9118efdad4d7b878cea8e51891d0): Total: 0.042 seconds - Initiated by StopAssetImportingV2(NoUpdateAssetOptions)
Start importing Assets/AllStarCharacterLibrary/Animations/RootAnimsMale/BaseMale@UNIdleB.fbx using Guid(3d68e6a6493ff8349840552f1a5dda06) (FBXImporter)Keyframe reduction: Ratio: 6.722411%;
 -> (artifact id: '1f3666bbac45caddc0ff1615762b4d22') in 0.033672583 seconds
Refreshing native plugins compatible for Editor in 0.00 ms, found 0 plugins.
Preloading 0 native plugins for Editor in 0.00 ms.
Asset Pipeline Refresh (id=4aa03b89b73e74348a18cc4963e08dfd): Total: 0.040 seconds - Initiated by StopAssetImportingV2(NoUpdateAssetOptions)
Start importing Assets/AllStarCharacterLibrary/Animations/RootAnimsMale/BaseMale@UNIdleC.fbx using Guid(59cb373b518e82347addcb99450d3102) (FBXImporter)Keyframe reduction: Ratio: 5.446144%;
 -> (artifact id: 'a7b3bb4fe7ba78f71de74d20abb4044c') in 0.033717625 seconds
Refreshing native plugins compatible for Editor in 0.00 ms, found 0 plugins.
Preloading 0 native plugins for Editor in 0.00 ms.
Asset Pipeline Refresh (id=405d816f840514475aaebf04f75ea2cf): Total: 0.040 seconds - Initiated by StopAssetImportingV2(NoUpdateAssetOptions)
Start importing Assets/AllStarCharacterLibrary/Animations/RootAnimsMale/BaseMale@UNIdleD.fbx using Guid(15deb0e2819279e428c981aeb76c7911) (FBXImporter)Keyframe reduction: Ratio: 5.633183%;
 -> (artifact id: 'cbb0b077c4bc049b4d32e0dc38fe17a2') in 0.033640291 seconds
Refreshing native plugins compatible for Editor in 0.00 ms, found 0 plugins.
Preloading 0 native plugins for Editor in 0.00 ms.
Asset Pipeline Refresh (id=5cbccab9207fc409fa583e5b124af417): Total: 0.040 seconds - Initiated by StopAssetImportingV2(NoUpdateAssetOptions)
Start importing Assets/AllStarCharacterLibrary/Animations/RootAnimsMale/BaseMale@UNIdleE.fbx using Guid(6bebe6bf8f8f00f4eb0b975dffc8cccd) (FBXImporter)Keyframe reduction: Ratio: 5.853229%;
 -> (artifact id: 'ffe7ca7a044968c41cf4d6c5501ff663') in 0.034151583 seconds
Refreshing native plugins compatible for Editor in 0.00 ms, found 0 plugins.
Preloading 0 native plugins for Editor in 0.00 ms.
Asset Pipeline Refresh (id=1cbcb44c987924eb88edd5da251c30f5): Total: 0.040 seconds - Initiated by StopAssetImportingV2(NoUpdateAssetOptions)
Start importing Assets/AllStarCharacterLibrary/Animations/RootAnimsMale/BaseMale@UNIdleF.fbx using Guid(1ef0908aff9d9be49b0489ec81070160) (FBXImporter)Keyframe reduction: Ratio: 6.161293%;
 -> (artifact id: '5934f3f975fb236d1535c90760462085') in 0.034522791 seconds
Refreshing native plugins compatible for Editor in 0.00 ms, found 0 plugins.
Preloading 0 native plugins for Editor in 0.00 ms.
Asset Pipeline Refresh (id=836be8a7f75794d45937bd34e91c300b): Total: 0.041 seconds - Initiated by StopAssetImportingV2(NoUpdateAssetOptions)
Start importing Assets/AllStarCharacterLibrary/Animations/RootAnimsMale/BaseMale@UNIdleG.fbx using Guid(eea25cbadd430a149817541d32a3d6bd) (FBXImporter)Keyframe reduction: Ratio: 6.942458%;
 -> (artifact id: '533b8c8276fe5c9e53604550bef27fa8') in 0.033997042 seconds
Refreshing native plugins compatible for Editor in 0.00 ms, found 0 plugins.
Preloading 0 native plugins for Editor in 0.00 ms.
Asset Pipeline Refresh (id=2d63e53305dc7422585da812764df26d): Total: 0.041 seconds - Initiated by StopAssetImportingV2(NoUpdateAssetOptions)
Start importing Assets/AllStarCharacterLibrary/Animations/RootAnimsMale/BaseMale@UNIdleH.fbx using Guid(9dcc0ab4c6a89b8498bfc1732056fc32) (FBXImporter)Keyframe reduction: Ratio: 5.886235%;
 -> (artifact id: '292821857d0b210191dfb5faa2821222') in 0.033469917 seconds
Refreshing native plugins compatible for Editor in 0.00 ms, found 0 plugins.
Preloading 0 native plugins for Editor in 0.00 ms.
Asset Pipeline Refresh (id=ef492b77db11e4b19b3466c1fb3f3b88): Total: 0.039 seconds - Initiated by StopAssetImportingV2(NoUpdateAssetOptions)
Start importing Assets/AllStarCharacterLibrary/Animations/RootAnimsMale/BaseMale@UNIdleI.fbx using Guid(a9115a04332463043ab7d3e69c3312a4) (FBXImporter)Keyframe reduction: Ratio: 6.282319%;
 -> (artifact id: '26727107c05f11a95a210455ffec5251') in 0.033673208 seconds
Refreshing native plugins compatible for Editor in 0.00 ms, found 0 plugins.
Preloading 0 native plugins for Editor in 0.00 ms.
Asset Pipeline Refresh (id=5a9b27a6f6b35480f96e4afb6d7549e4): Total: 0.040 seconds - Initiated by StopAssetImportingV2(NoUpdateAssetOptions)
Start importing Assets/AllStarCharacterLibrary/Animations/RootAnimsMale/BaseMale@UNIdleJ.fbx using Guid(2a03d7dcf6b2b6a408e6046da6b15ebf) (FBXImporter)Keyframe reduction: Ratio: 5.941247%;
 -> (artifact id: 'f7a67b06cd526f62e9637cccfd00220e') in 0.033660166 seconds
Refreshing native plugins compatible for Editor in 0.00 ms, found 0 plugins.
Preloading 0 native plugins for Editor in 0.00 ms.
Asset Pipeline Refresh (id=efee39f80b005480f9e43f861d83dfc6): Total: 0.040 seconds - Initiated by StopAssetImportingV2(NoUpdateAssetOptions)
Start importing Assets/AllStarCharacterLibrary/Animations/RootAnimsMale/BaseMale@UNPain.fbx using Guid(35fe868379e3c984b914a4cc0e5bb269) (FBXImporter)Keyframe reduction: Ratio: 26.384228%;
 -> (artifact id: 'bb19d773e596559d9394099dbfce04e7') in 0.027073458 seconds
Refreshing native plugins compatible for Editor in 0.00 ms, found 0 plugins.
Preloading 0 native plugins for Editor in 0.00 ms.
Asset Pipeline Refresh (id=aa0ac242cda1e4eb8a622e7a1308ec0b): Total: 0.033 seconds - Initiated by StopAssetImportingV2(NoUpdateAssetOptions)
Start importing Assets/AllStarCharacterLibrary/Animations/RootAnimsMale/BaseMale@UNRunF.fbx using Guid(1ea00797689dff3458b90bb2f1469da4) (FBXImporter)Keyframe reduction: Ratio: 45.637585%;
 -> (artifact id: '6e00274de9c549a49df6a94aa21ef585') in 0.028054375 seconds
Refreshing native plugins compatible for Editor in 0.00 ms, found 0 plugins.
Preloading 0 native plugins for Editor in 0.00 ms.
Asset Pipeline Refresh (id=af5eb2a1635a042b9b38bd77ad124dbf): Total: 0.035 seconds - Initiated by StopAssetImportingV2(NoUpdateAssetOptions)
Start importing Assets/AllStarCharacterLibrary/Animations/RootAnimsMale/BaseMale@UNWalkF.fbx using Guid(220fc0246d11b304ca8ccdfb47fbee95) (FBXImporter)Keyframe reduction: Ratio: 45.815239%;
 -> (artifact id: 'dc12e16aac07f440d951b9c41ca8e798') in 0.029843209 seconds
Refreshing native plugins compatible for Editor in 0.00 ms, found 0 plugins.
Preloading 0 native plugins for Editor in 0.00 ms.
Asset Pipeline Refresh (id=b8e7c45bfdebc434e9108a0ae1e9e773): Total: 0.037 seconds - Initiated by StopAssetImportingV2(NoUpdateAssetOptions)
Start importing Assets/AllStarCharacterLibrary/Characters/Meagan/Megan.FBX using Guid(3fc686f8b47a30349a1d2bcef7c879d2) (FBXImporter)Keyframe reduction: Ratio: 100.000000%;
 -> (artifact id: '948478298911c836baa2646f41fb1afe') in 0.036846625 seconds
Refreshing native plugins compatible for Editor in 0.00 ms, found 0 plugins.
Preloading 0 native plugins for Editor in 0.00 ms.
Asset Pipeline Refresh (id=3469e7fefe6074ba6954603a0f40939f): Total: 0.046 seconds - Initiated by StopAssetImportingV2(NoUpdateAssetOptions)
Start importing Assets/AllStarCharacterLibrary/Characters/Tommy/Tommy.FBX using Guid(b1fe671aaadc6f743b57d716c7f153ff) (FBXImporter)Keyframe reduction: Ratio: 100.000000%;
 -> (artifact id: '3e3a772a5d06781a0745b5ae6fb0d788') in 0.03370275 seconds
Refreshing native plugins compatible for Editor in 0.00 ms, found 0 plugins.
Preloading 0 native plugins for Editor in 0.00 ms.
Asset Pipeline Refresh (id=6a0be6fb77673402fa76621fb2a13add): Total: 0.041 seconds - Initiated by StopAssetImportingV2(NoUpdateAssetOptions)
Start importing Assets/AllStarCharacterLibrary/Characters/Tommy/Tommy@BlueJayPassengerEnter.FBX using Guid(4376fd887e8d866419b8ee0315c1f267) (FBXImporter)Keyframe reduction: Ratio: 67.460327%;
 -> (artifact id: '8a354c8210c91012c08830a1ffc85b92') in 0.029002875 seconds
Refreshing native plugins compatible for Editor in 0.00 ms, found 0 plugins.
Preloading 0 native plugins for Editor in 0.00 ms.
Asset Pipeline Refresh (id=413aeff1eeba24a5eb3294fb31f7f805): Total: 0.036 seconds - Initiated by StopAssetImportingV2(NoUpdateAssetOptions)
Start importing Assets/AllStarCharacterLibrary/Characters/Tommy/Tommy@BlueJayPassengerExit.FBX using Guid(99e5e51360e68804aa19c160759bec86) (FBXImporter)Keyframe reduction: Ratio: 69.146828%;
 -> (artifact id: '6383ac1b8928b3e2a0bf4305b0715144') in 0.02969475 seconds
Refreshing native plugins compatible for Editor in 0.00 ms, found 0 plugins.
Preloading 0 native plugins for Editor in 0.00 ms.
Asset Pipeline Refresh (id=a45883711300740ecb3ac9abbaef217f): Total: 0.036 seconds - Initiated by StopAssetImportingV2(NoUpdateAssetOptions)
Start importing Assets/AllStarCharacterLibrary/Characters/Tommy/Tommy@BlueJayPassengerRide.FBX using Guid(2aa30e31c21239d49b5e67047343164f) (FBXImporter)Keyframe reduction: Ratio: 22.857147%;
 -> (artifact id: 'caaca713fcabca729f50c1c81a9f2f36') in 0.025250792 seconds
Refreshing native plugins compatible for Editor in 0.00 ms, found 0 plugins.
Preloading 0 native plugins for Editor in 0.00 ms.
Asset Pipeline Refresh (id=71f1ccef4574d43d6b379cca9a382009): Total: 0.031 seconds - Initiated by StopAssetImportingV2(NoUpdateAssetOptions)
Start importing Assets/AllStarCharacterLibrary/Characters/Tommy/Tommy@BlueJayPilotEnter.FBX using Guid(2a34777445b652443964f50a4d0b47f3) (FBXImporter)Keyframe reduction: Ratio: 57.956352%;
 -> (artifact id: 'b5939e56ba38b1ca938ec47d7b554cb1') in 0.02882125 seconds
Refreshing native plugins compatible for Editor in 0.00 ms, found 0 plugins.
Preloading 0 native plugins for Editor in 0.00 ms.
Asset Pipeline Refresh (id=9c1dc094ada1b4496b7c92a72b706f15): Total: 0.036 seconds - Initiated by StopAssetImportingV2(NoUpdateAssetOptions)
Start importing Assets/AllStarCharacterLibrary/Characters/Tommy/Tommy@BlueJayPilotExit.FBX using Guid(8d2a0c694aa262b43ae910a5d4e45908) (FBXImporter)Keyframe reduction: Ratio: 57.142853%;
 -> (artifact id: '4fdebc640ecaee39638b0f190cde8f8a') in 0.029250083 seconds
Refreshing native plugins compatible for Editor in 0.00 ms, found 0 plugins.
Preloading 0 native plugins for Editor in 0.00 ms.
Asset Pipeline Refresh (id=5c7754b7004b4424e9950d3b36fc6c61): Total: 0.036 seconds - Initiated by StopAssetImportingV2(NoUpdateAssetOptions)
Start importing Assets/AllStarCharacterLibrary/Characters/Tommy/Tommy@BlueJayPilotRide.FBX using Guid(f3c6b0c65d0b4c34b99d7a8d4b53c0d9) (FBXImporter)Keyframe reduction: Ratio: 23.831171%;
 -> (artifact id: 'b9ac27301afa98dd14dc2d1cddcfb7e6') in 0.025404958 seconds
Refreshing native plugins compatible for Editor in 0.00 ms, found 0 plugins.
Preloading 0 native plugins for Editor in 0.00 ms.
Asset Pipeline Refresh (id=4f599a868baa744578e2147317e1b7cc): Total: 0.032 seconds - Initiated by StopAssetImportingV2(NoUpdateAssetOptions)
Start importing Assets/AllStarCharacterLibrary/Characters/Tommy/Tommy@BusEnter.FBX using Guid(e9ae8092fb441e74cb5d5a7ad9415648) (FBXImporter)Keyframe reduction: Ratio: 50.376987%;
 -> (artifact id: '92804d5824a2e1b5e306a0a685dd4922') in 0.029344042 seconds
Refreshing native plugins compatible for Editor in 0.00 ms, found 0 plugins.
Preloading 0 native plugins for Editor in 0.00 ms.
Asset Pipeline Refresh (id=a5a36dda66fa64311bd27ee29e3cd0ab): Total: 0.036 seconds - Initiated by StopAssetImportingV2(NoUpdateAssetOptions)
Start importing Assets/AllStarCharacterLibrary/Characters/Tommy/Tommy@BusExit.FBX using Guid(474543568bf5c8e4687fb4288f52547d) (FBXImporter)Keyframe reduction: Ratio: 42.420635%;
 -> (artifact id: '237ec7e08082b3eb4ce1e4f6be53f2e8') in 0.029134916 seconds
Refreshing native plugins compatible for Editor in 0.00 ms, found 0 plugins.
Preloading 0 native plugins for Editor in 0.00 ms.
Asset Pipeline Refresh (id=545dcb968010a4fb1aa7f9deaf01ed9a): Total: 0.036 seconds - Initiated by StopAssetImportingV2(NoUpdateAssetOptions)
Start importing Assets/AllStarCharacterLibrary/Characters/Tommy/Tommy@BusRide.FBX using Guid(68c9d30cec47afb428296ddd21b16f6c) (FBXImporter)Keyframe reduction: Ratio: 24.090914%;
 -> (artifact id: '306792110e69a31eccdee4a281f8969a') in 0.025488459 seconds
Refreshing native plugins compatible for Editor in 0.00 ms, found 0 plugins.
Preloading 0 native plugins for Editor in 0.00 ms.
Asset Pipeline Refresh (id=120240193e882414aae44dbb8e882d63): Total: 0.032 seconds - Initiated by StopAssetImportingV2(NoUpdateAssetOptions)
Start importing Assets/AllStarCharacterLibrary/Characters/Tommy/Tommy@GyrocopterBackLeftEnter.FBX using Guid(061c447e2a8046244820cc4a8fb6b655) (FBXImporter)Keyframe reduction: Ratio: 50.813496%;
 -> (artifact id: '02aeb8ab3f1f865b53ae8c06b8a98a54') in 0.028472792 seconds
Refreshing native plugins compatible for Editor in 0.00 ms, found 0 plugins.
Preloading 0 native plugins for Editor in 0.00 ms.
Asset Pipeline Refresh (id=e0e7bb43e69124fcf83c4332e6432a89): Total: 0.035 seconds - Initiated by StopAssetImportingV2(NoUpdateAssetOptions)
Start importing Assets/AllStarCharacterLibrary/Characters/Tommy/Tommy@GyrocopterBackLeftExit.FBX using Guid(0e12cad986dad614cba8b46e72393428) (FBXImporter)Keyframe reduction: Ratio: 47.281746%;
 -> (artifact id: '6b681166cb5c848e37358c1056930b77') in 0.02938675 seconds
Refreshing native plugins compatible for Editor in 0.00 ms, found 0 plugins.
Preloading 0 native plugins for Editor in 0.00 ms.
Asset Pipeline Refresh (id=27ea09c3658be44eaaafe0ded49f687a): Total: 0.036 seconds - Initiated by StopAssetImportingV2(NoUpdateAssetOptions)
Start importing Assets/AllStarCharacterLibrary/Characters/Tommy/Tommy@GyrocopterBackRide.FBX using Guid(28c8d0c37986b2d418c38c94751bba18) (FBXImporter)Keyframe reduction: Ratio: 22.207796%;
 -> (artifact id: 'c5c7ffd810344f4a345a289584907e47') in 0.025324709 seconds
Refreshing native plugins compatible for Editor in 0.00 ms, found 0 plugins.
Preloading 0 native plugins for Editor in 0.00 ms.
Asset Pipeline Refresh (id=09afefc5649c44f9b852e3ff84498524): Total: 0.031 seconds - Initiated by StopAssetImportingV2(NoUpdateAssetOptions)
Start importing Assets/AllStarCharacterLibrary/Characters/Tommy/Tommy@GyrocopterBackRightEnter.FBX using Guid(e4389627877dcc84d80bda14981d6f2d) (FBXImporter)Keyframe reduction: Ratio: 46.071430%;
 -> (artifact id: '79227baa6ea28df1d2828d799c9f3e61') in 0.029902791 seconds
Refreshing native plugins compatible for Editor in 0.00 ms, found 0 plugins.
Preloading 0 native plugins for Editor in 0.00 ms.
Asset Pipeline Refresh (id=e873478f3e898497ca09ac73a9f3719a): Total: 0.037 seconds - Initiated by StopAssetImportingV2(NoUpdateAssetOptions)
Start importing Assets/AllStarCharacterLibrary/Characters/Tommy/Tommy@GyrocopterBackRightExit.FBX using Guid(b63ec1a76306af84a871a61cbb01c804) (FBXImporter)Keyframe reduction: Ratio: 43.710320%;
 -> (artifact id: '34a6f36f97a55f3f54ba7875855fc48a') in 0.029309833 seconds
Refreshing native plugins compatible for Editor in 0.00 ms, found 0 plugins.
Preloading 0 native plugins for Editor in 0.00 ms.
Asset Pipeline Refresh (id=6787034b086534ef4ba87b5f5eb51bae): Total: 0.038 seconds - Initiated by StopAssetImportingV2(NoUpdateAssetOptions)
Start importing Assets/AllStarCharacterLibrary/Characters/Tommy/Tommy@GyrocopterFrontLeftEnter.FBX using Guid(6a066e34ac013cc479f0c90bb4718e44) (FBXImporter)Keyframe reduction: Ratio: 50.773815%;
 -> (artifact id: '5cf98974997a8417408dcb2d4734b51a') in 0.028828583 seconds
Refreshing native plugins compatible for Editor in 0.00 ms, found 0 plugins.
Preloading 0 native plugins for Editor in 0.00 ms.
Asset Pipeline Refresh (id=1685a6313d0df45c0bf8e0633c0cf0e2): Total: 0.036 seconds - Initiated by StopAssetImportingV2(NoUpdateAssetOptions)
Start importing Assets/AllStarCharacterLibrary/Characters/Tommy/Tommy@GyrocopterFrontLeftExit.FBX using Guid(98a98325e02e03c48a28b6fd84201887) (FBXImporter)Keyframe reduction: Ratio: 52.519840%;
 -> (artifact id: 'fb7d1fcb029a4e2bc1066f3862a2fb22') in 0.028916792 seconds
Refreshing native plugins compatible for Editor in 0.00 ms, found 0 plugins.
Preloading 0 native plugins for Editor in 0.00 ms.
Asset Pipeline Refresh (id=24fdc847bdaf3460fb2f9022348a67ec): Total: 0.035 seconds - Initiated by StopAssetImportingV2(NoUpdateAssetOptions)
Start importing Assets/AllStarCharacterLibrary/Characters/Tommy/Tommy@GyrocopterFrontRide.FBX using Guid(0c46ba2e00fcd014f9a843795ba75ffc) (FBXImporter)Keyframe reduction: Ratio: 23.051950%;
 -> (artifact id: '36b737283927df6baf7f6f2974b9afe1') in 0.025303375 seconds
Refreshing native plugins compatible for Editor in 0.00 ms, found 0 plugins.
Preloading 0 native plugins for Editor in 0.00 ms.
Asset Pipeline Refresh (id=62c0a08e608c44f2399f49032cfbb838): Total: 0.031 seconds - Initiated by StopAssetImportingV2(NoUpdateAssetOptions)
Start importing Assets/AllStarCharacterLibrary/Characters/Tommy/Tommy@GyrocopterFrontRightEnter.FBX using Guid(be7f21ac47ceb0e40a26929ea9483e20) (FBXImporter)Keyframe reduction: Ratio: 43.809528%;
 -> (artifact id: '6ece47f2326c1c195ae6270df593c8ec') in 0.029298292 seconds
Refreshing native plugins compatible for Editor in 0.00 ms, found 0 plugins.
Preloading 0 native plugins for Editor in 0.00 ms.
Asset Pipeline Refresh (id=c31e63d17d51349d38138b6dc403765a): Total: 0.036 seconds - Initiated by StopAssetImportingV2(NoUpdateAssetOptions)
Start importing Assets/AllStarCharacterLibrary/Characters/Tommy/Tommy@GyrocopterFrontRightExit.FBX using Guid(f147c1754bb1db043bc03521551712c1) (FBXImporter)Keyframe reduction: Ratio: 44.007942%;
 -> (artifact id: '1adcfaad697b53dde265615149bb33c9') in 0.030235 seconds
Refreshing native plugins compatible for Editor in 0.00 ms, found 0 plugins.
Preloading 0 native plugins for Editor in 0.00 ms.
Asset Pipeline Refresh (id=cc61bdc583023444f8322a2bca1dd14e): Total: 0.037 seconds - Initiated by StopAssetImportingV2(NoUpdateAssetOptions)
Start importing Assets/AllStarCharacterLibrary/Characters/Tommy/Tommy@LowDriverDrive.FBX using Guid(c2816130b73935747ab5ea2d2e034381) (FBXImporter)Keyframe reduction: Ratio: 20.844158%;
 -> (artifact id: '44798ec82dc487ce1f657259ca5897e9') in 0.02541075 seconds
Refreshing native plugins compatible for Editor in 0.00 ms, found 0 plugins.
Preloading 0 native plugins for Editor in 0.00 ms.
Asset Pipeline Refresh (id=a640dbaa1b8044488b5136f91d9134c6): Total: 0.032 seconds - Initiated by StopAssetImportingV2(NoUpdateAssetOptions)
Start importing Assets/AllStarCharacterLibrary/Characters/Tommy/Tommy@LowDriverEnter.FBX using Guid(4053722b23fb0ad4d97202fa22bd9f39) (FBXImporter)Keyframe reduction: Ratio: 60.000000%;
 -> (artifact id: '7b830dcc8967a42f810743df97583cbd') in 0.029170791 seconds
Refreshing native plugins compatible for Editor in 0.00 ms, found 0 plugins.
Preloading 0 native plugins for Editor in 0.00 ms.
Asset Pipeline Refresh (id=edf2dbfe098ab488392e6046ac78e3d3): Total: 0.036 seconds - Initiated by StopAssetImportingV2(NoUpdateAssetOptions)
Start importing Assets/AllStarCharacterLibrary/Characters/Tommy/Tommy@LowDriverExit.FBX using Guid(2b941831e458a3649be3cf71c1090ee0) (FBXImporter)Keyframe reduction: Ratio: 61.031746%;
 -> (artifact id: '7ee4b2cd6449addc36f929a0ea52b9b1') in 0.030180083 seconds
Refreshing native plugins compatible for Editor in 0.00 ms, found 0 plugins.
Preloading 0 native plugins for Editor in 0.00 ms.
Asset Pipeline Refresh (id=f9bf4ed09ed3544faa9de80950ff5cef): Total: 0.037 seconds - Initiated by StopAssetImportingV2(NoUpdateAssetOptions)
Start importing Assets/AllStarCharacterLibrary/Characters/Tommy/Tommy@LowPassengerEnter.FBX using Guid(da98baddd5bc2df459d82178175ffe51) (FBXImporter)Keyframe reduction: Ratio: 58.630959%;
 -> (artifact id: 'cc27d1c80923e096abdcdd84fe43e757') in 0.028802583 seconds
Refreshing native plugins compatible for Editor in 0.00 ms, found 0 plugins.
Preloading 0 native plugins for Editor in 0.00 ms.
Asset Pipeline Refresh (id=b1d79e5e6b2794606818b416bb6ed607): Total: 0.036 seconds - Initiated by StopAssetImportingV2(NoUpdateAssetOptions)
Start importing Assets/AllStarCharacterLibrary/Characters/Tommy/Tommy@LowPassengerExit.FBX using Guid(ab0221cc3b15eb44eb839de4d0cab7e0) (FBXImporter)Keyframe reduction: Ratio: 62.539677%;
 -> (artifact id: '2a131e45d7fdfa7409fe58037a3ad301') in 0.029111834 seconds
Refreshing native plugins compatible for Editor in 0.00 ms, found 0 plugins.
Preloading 0 native plugins for Editor in 0.00 ms.
Asset Pipeline Refresh (id=e04eaa24ee9664d1b93fe10b826c29bf): Total: 0.036 seconds - Initiated by StopAssetImportingV2(NoUpdateAssetOptions)
Start importing Assets/AllStarCharacterLibrary/Characters/Tommy/Tommy@LowPassengerRide.FBX using Guid(d9e82ca0660e93043b9dbe58f63f67d1) (FBXImporter)Keyframe reduction: Ratio: 100.000000%;
 -> (artifact id: 'a42754194eb235a9398d4b324dfe4c30') in 0.023793125 seconds
Refreshing native plugins compatible for Editor in 0.00 ms, found 0 plugins.
Preloading 0 native plugins for Editor in 0.00 ms.
Asset Pipeline Refresh (id=fe5d0dc2d6daa4f99a230598041f8043): Total: 0.030 seconds - Initiated by StopAssetImportingV2(NoUpdateAssetOptions)
Start importing Assets/AllStarCharacterLibrary/Characters/Tommy/Tommy@ParagliderLeftEnter.FBX using Guid(66ca3cf078ae04f48b328f3c0132090b) (FBXImporter)Keyframe reduction: Ratio: 44.761902%;
 -> (artifact id: 'e5f26228c4c8cab2bf958a8ecaf602ec') in 0.028860084 seconds
Refreshing native plugins compatible for Editor in 0.00 ms, found 0 plugins.
Preloading 0 native plugins for Editor in 0.00 ms.
Asset Pipeline Refresh (id=03bc3a7a9fede46b7899cfcd543e1467): Total: 0.036 seconds - Initiated by StopAssetImportingV2(NoUpdateAssetOptions)
Start importing Assets/AllStarCharacterLibrary/Characters/Tommy/Tommy@ParagliderLeftExit.FBX using Guid(86fee2f0baf949b4aabe4e801860c63a) (FBXImporter)Keyframe reduction: Ratio: 44.960323%;
 -> (artifact id: '374865951940d2320d30baad8aaa5877') in 0.028663208 seconds
Refreshing native plugins compatible for Editor in 0.00 ms, found 0 plugins.
Preloading 0 native plugins for Editor in 0.00 ms.
Asset Pipeline Refresh (id=eeb7a95c3e5d44a12b16d37939d9a265): Total: 0.037 seconds - Initiated by StopAssetImportingV2(NoUpdateAssetOptions)
Start importing Assets/AllStarCharacterLibrary/Characters/Tommy/Tommy@ParagliderRide.FBX using Guid(a684d40ad326e064cb3a184334298635) (FBXImporter)Keyframe reduction: Ratio: 24.090914%;
 -> (artifact id: '46044e66d30e0f4e79e9b83ed646546f') in 0.025406792 seconds
Refreshing native plugins compatible for Editor in 0.00 ms, found 0 plugins.
Preloading 0 native plugins for Editor in 0.00 ms.
Asset Pipeline Refresh (id=5fc7e2e290601421097b68cdce523483): Total: 0.032 seconds - Initiated by StopAssetImportingV2(NoUpdateAssetOptions)
Start importing Assets/AllStarCharacterLibrary/Characters/Tommy/Tommy@ParagliderRightEnter.FBX using Guid(cbcd60ae8a4b949449bd66d4eb2989e6) (FBXImporter)Keyframe reduction: Ratio: 44.722221%;
 -> (artifact id: '66be7133eb2cd6cde12dc15cc090a0f1') in 0.028638167 seconds
Refreshing native plugins compatible for Editor in 0.00 ms, found 0 plugins.
Preloading 0 native plugins for Editor in 0.00 ms.
Asset Pipeline Refresh (id=cbad734f5321e45a2934979035b9bf1a): Total: 0.035 seconds - Initiated by StopAssetImportingV2(NoUpdateAssetOptions)
Start importing Assets/AllStarCharacterLibrary/Characters/Tommy/Tommy@ParagliderRightExit.FBX using Guid(1588b510032581b47afb38c3065b8e76) (FBXImporter)Keyframe reduction: Ratio: 44.861111%;
 -> (artifact id: '09e7ac0a765439931c5f41ce1f4873c5') in 0.029231458 seconds
Refreshing native plugins compatible for Editor in 0.00 ms, found 0 plugins.
Preloading 0 native plugins for Editor in 0.00 ms.
Asset Pipeline Refresh (id=042d434eda5ea4b3c977d7ce624f504f): Total: 0.036 seconds - Initiated by StopAssetImportingV2(NoUpdateAssetOptions)
Start importing Assets/AllStarCharacterLibrary/Characters/Tommy/Tommy@StepVanDriverDrive.FBX using Guid(9bd6f1cecb70100498fe90eae667bdc3) (FBXImporter)Keyframe reduction: Ratio: 20.064936%;
 -> (artifact id: '54ae8df438a2511d39d88bfd5e32cecf') in 0.025462459 seconds
Refreshing native plugins compatible for Editor in 0.00 ms, found 0 plugins.
Preloading 0 native plugins for Editor in 0.00 ms.
Asset Pipeline Refresh (id=3a3f61a2fd9f44a2e97de359a7d2edd4): Total: 0.032 seconds - Initiated by StopAssetImportingV2(NoUpdateAssetOptions)
Start importing Assets/AllStarCharacterLibrary/Characters/Tommy/Tommy@StepVanDriverEnter.FBX using Guid(648528875cb56984ab02ce94af8df5a0) (FBXImporter)Keyframe reduction: Ratio: 59.761902%;
 -> (artifact id: '2ee4d7255abab2c2b1fde34206670c3a') in 0.028959042 seconds
Refreshing native plugins compatible for Editor in 0.00 ms, found 0 plugins.
Preloading 0 native plugins for Editor in 0.00 ms.
Asset Pipeline Refresh (id=04b0e7a512b7c4f8ebb09650aab23890): Total: 0.036 seconds - Initiated by StopAssetImportingV2(NoUpdateAssetOptions)
Start importing Assets/AllStarCharacterLibrary/Characters/Tommy/Tommy@StepVanDriverExit.FBX using Guid(06cd293b515738343915b03c3a46dc00) (FBXImporter)Keyframe reduction: Ratio: 60.099213%;
 -> (artifact id: '672a08929edcee021e3466a9abf167f7') in 0.029348917 seconds
Refreshing native plugins compatible for Editor in 0.00 ms, found 0 plugins.
Preloading 0 native plugins for Editor in 0.00 ms.
Asset Pipeline Refresh (id=f75ed7bfb1ac442a8b66d6582e61542b): Total: 0.036 seconds - Initiated by StopAssetImportingV2(NoUpdateAssetOptions)
Start importing Assets/AllStarCharacterLibrary/Characters/Tommy/Tommy@StepVanPassengerEnter.FBX using Guid(e653b311494f45a4e925e9fd43a5f50c) (FBXImporter)Keyframe reduction: Ratio: 61.607143%;
 -> (artifact id: 'dd4d6371625ec03e27b3ee9910f41f16') in 0.029149 seconds
Refreshing native plugins compatible for Editor in 0.00 ms, found 0 plugins.
Preloading 0 native plugins for Editor in 0.00 ms.
Asset Pipeline Refresh (id=345df4440e185423fa41515df715e417): Total: 0.036 seconds - Initiated by StopAssetImportingV2(NoUpdateAssetOptions)
Start importing Assets/AllStarCharacterLibrary/Characters/Tommy/Tommy@StepVanPassengerExit.FBX using Guid(8e7eed79852fcbb489cdea4e2dab2240) (FBXImporter)Keyframe reduction: Ratio: 62.936508%;
 -> (artifact id: '279addebb0f760bebb606fa71b88df3a') in 0.029327125 seconds
Refreshing native plugins compatible for Editor in 0.00 ms, found 0 plugins.
Preloading 0 native plugins for Editor in 0.00 ms.
Asset Pipeline Refresh (id=6267e9f06a0784b8c9635943a83d7eaa): Total: 0.037 seconds - Initiated by StopAssetImportingV2(NoUpdateAssetOptions)
Start importing Assets/AllStarCharacterLibrary/Characters/Tommy/Tommy@StepVanPassengerRide.FBX using Guid(d93fba9bb6933124797c4b89755722ba) (FBXImporter)Keyframe reduction: Ratio: 100.000000%;
 -> (artifact id: '17849ca5d88a6b56fdc3aa975e3930ac') in 0.024374791 seconds
Refreshing native plugins compatible for Editor in 0.00 ms, found 0 plugins.
Preloading 0 native plugins for Editor in 0.00 ms.
Asset Pipeline Refresh (id=a99c69664797148aa8cbd1c8c8ba0d7d): Total: 0.031 seconds - Initiated by StopAssetImportingV2(NoUpdateAssetOptions)
Start importing Assets/AllStarCharacterLibrary/Models/Environmental/Ramp.FBX using Guid(4dd09fbda4edaf942b57a093fb16e745) (FBXImporter)Keyframe reduction: Ratio: 1.307190%;
 -> (artifact id: '889ec3ffd3327214acb9ef0e3f0d36b5') in 0.010989416 seconds
Refreshing native plugins compatible for Editor in 0.00 ms, found 0 plugins.
Preloading 0 native plugins for Editor in 0.00 ms.
Asset Pipeline Refresh (id=b4058fc82fe9d44d8a954194f11b7f59): Total: 0.016 seconds - Initiated by StopAssetImportingV2(NoUpdateAssetOptions)
Start importing Assets/AllStarCharacterLibrary/Models/Environmental/RoadCourse.FBX using Guid(d3fc3a85d7ba97144a8523a9e133109c) (FBXImporter)Keyframe reduction: Ratio: 1.307190%;
 -> (artifact id: '7cb890f89386d90f9db312ef628a51f2') in 0.01500225 seconds
Refreshing native plugins compatible for Editor in 0.00 ms, found 0 plugins.
Preloading 0 native plugins for Editor in 0.00 ms.
Asset Pipeline Refresh (id=6f2ed537f37ff44d1b087b50769e86e1): Total: 0.020 seconds - Initiated by StopAssetImportingV2(NoUpdateAssetOptions)
Start importing Assets/AllStarCharacterLibrary/Models/Environmental/RoadCourse2.FBX using Guid(7cc863d547271e54ca4d8960b0e8b801) (FBXImporter)Keyframe reduction: Ratio: 1.307190%;
 -> (artifact id: 'c6babc3553e311a36c13e3b51421dbb5') in 0.011984791 seconds
Refreshing native plugins compatible for Editor in 0.00 ms, found 0 plugins.
Preloading 0 native plugins for Editor in 0.00 ms.
Asset Pipeline Refresh (id=d6d217da0cf7b4ffe95facd4bc0d2a1e): Total: 0.017 seconds - Initiated by StopAssetImportingV2(NoUpdateAssetOptions)
Start importing Assets/AllStarCharacterLibrary/Models/Environmental/TestCity/TestCity.FBX using Guid(feaae1df4fe734f41b2d7661473fa50b) (FBXImporter)Keyframe reduction: Ratio: 1.980198%;
 -> (artifact id: '961ae480e6b98cd1f66125750c58ab5b') in 0.026913542 seconds
Refreshing native plugins compatible for Editor in 0.00 ms, found 0 plugins.
Preloading 0 native plugins for Editor in 0.00 ms.
Asset Pipeline Refresh (id=1cd60b8f7442941779113da420f87c37): Total: 0.033 seconds - Initiated by StopAssetImportingV2(NoUpdateAssetOptions)
Start importing Assets/AllStarCharacterLibrary/Models/Environmental/TestCity/TestCity2.FBX using Guid(e2e7cc8af564c204499aed45e426ad7f) (FBXImporter)Detected one or more triangles where the distance between any 2 vertices is greater than 500 units. The resulting Triangle Mesh can impact simulation and query stability. It is recommended to tessellate meshes that have large triangles. Source mesh name: Object40
UnityEngine.Debug:ExtractStackTraceNoAlloc (byte*,int,string)
UnityEngine.StackTraceUtility:ExtractStackTrace () (at /Users/bokken/build/output/unity/unity/Runtime/Export/Scripting/StackTrace.cs:35)
UnityEditor.AssetDatabase:ImportAsset (string,UnityEditor.ImportAssetOptions)
AllStarMaterialFixer:ReimportModelAssets () (at Assets/Editor/AllStarMaterialFixer.cs:132)
AllStarMaterialFixer:ConvertAndValidate () (at Assets/Editor/AllStarMaterialFixer.cs:101)

[Assets/Editor/AllStarMaterialFixer.cs line 132]

Keyframe reduction: Ratio: 1.980198%;
A polygon of Mesh 'Loft01' in Assets/AllStarCharacterLibrary/Models/Environmental/TestCity/TestCity2.FBX is self-intersecting and has been discarded.
UnityEngine.Debug:ExtractStackTraceNoAlloc (byte*,int,string)
UnityEngine.StackTraceUtility:ExtractStackTrace () (at /Users/bokken/build/output/unity/unity/Runtime/Export/Scripting/StackTrace.cs:35)
UnityEditor.AssetDatabase:ImportAsset (string,UnityEditor.ImportAssetOptions)
AllStarMaterialFixer:ReimportModelAssets () (at Assets/Editor/AllStarMaterialFixer.cs:132)
AllStarMaterialFixer:ConvertAndValidate () (at Assets/Editor/AllStarMaterialFixer.cs:101)

[Assets/Editor/AllStarMaterialFixer.cs line 132]

A polygon of Mesh 'Line03' in Assets/AllStarCharacterLibrary/Models/Environmental/TestCity/TestCity2.FBX is self-intersecting and has been discarded.
UnityEngine.Debug:ExtractStackTraceNoAlloc (byte*,int,string)
UnityEngine.StackTraceUtility:ExtractStackTrace () (at /Users/bokken/build/output/unity/unity/Runtime/Export/Scripting/StackTrace.cs:35)
UnityEditor.AssetDatabase:ImportAsset (string,UnityEditor.ImportAssetOptions)
AllStarMaterialFixer:ReimportModelAssets () (at Assets/Editor/AllStarMaterialFixer.cs:132)
AllStarMaterialFixer:ConvertAndValidate () (at Assets/Editor/AllStarMaterialFixer.cs:101)

[Assets/Editor/AllStarMaterialFixer.cs line 132]

A polygon of Mesh 'Line03' in Assets/AllStarCharacterLibrary/Models/Environmental/TestCity/TestCity2.FBX is self-intersecting and has been discarded.
UnityEngine.Debug:ExtractStackTraceNoAlloc (byte*,int,string)
UnityEngine.StackTraceUtility:ExtractStackTrace () (at /Users/bokken/build/output/unity/unity/Runtime/Export/Scripting/StackTrace.cs:35)
UnityEditor.AssetDatabase:ImportAsset (string,UnityEditor.ImportAssetOptions)
AllStarMaterialFixer:ReimportModelAssets () (at Assets/Editor/AllStarMaterialFixer.cs:132)
AllStarMaterialFixer:ConvertAndValidate () (at Assets/Editor/AllStarMaterialFixer.cs:101)

[Assets/Editor/AllStarMaterialFixer.cs line 132]

 -> (artifact id: '6a81b4de5391bafadff0a6df1b2c36be') in 0.046346417 seconds
Refreshing native plugins compatible for Editor in 0.00 ms, found 0 plugins.
Preloading 0 native plugins for Editor in 0.00 ms.
Asset Pipeline Refresh (id=172b3341ef8a64b1e9d1ebd8e3ba57db): Total: 0.053 seconds - Initiated by StopAssetImportingV2(NoUpdateAssetOptions)
Start importing Assets/AllStarCharacterLibrary/Models/Marketing/Tube.FBX using Guid(b25deed04c156c9459d710365772be92) (FBXImporter)Keyframe reduction: Ratio: 100.000000%;
 -> (artifact id: '497880f52b988228c65d9eafaeb0117a') in 0.010590708 seconds
Refreshing native plugins compatible for Editor in 0.00 ms, found 0 plugins.
Preloading 0 native plugins for Editor in 0.00 ms.
Asset Pipeline Refresh (id=b1da0b215d89e48f1a8c4b7a146f5739): Total: 0.016 seconds - Initiated by StopAssetImportingV2(NoUpdateAssetOptions)
Start importing Assets/AllStarCharacterLibrary/Models/Vehicles/Ambulance/Ambulance.FBX using Guid(c283d9aca168d3c4fb1ac30822d8de20) (FBXImporter)Keyframe reduction: Ratio: 100.000000%;
 -> (artifact id: 'c8f34c6d2eddb60341dc97f8b88963a5') in 0.018756709 seconds
Refreshing native plugins compatible for Editor in 0.00 ms, found 0 plugins.
Preloading 0 native plugins for Editor in 0.00 ms.
Asset Pipeline Refresh (id=66050a18feef9465aa9e3e4bd7c52120): Total: 0.025 seconds - Initiated by StopAssetImportingV2(NoUpdateAssetOptions)
Start importing Assets/AllStarCharacterLibrary/Models/Vehicles/Bezerker/Bezerker.FBX using Guid(e7ddffaa25a28b84da2378505099826f) (FBXImporter)Keyframe reduction: Ratio: 1.980198%;
 -> (artifact id: 'bb807011dcd463bed5466203ae2c1c27') in 0.029340959 seconds
Refreshing native plugins compatible for Editor in 0.00 ms, found 0 plugins.
Preloading 0 native plugins for Editor in 0.00 ms.
Asset Pipeline Refresh (id=cbba5ff2c462244798d1bfba253376d1): Total: 0.038 seconds - Initiated by StopAssetImportingV2(NoUpdateAssetOptions)
Start importing Assets/AllStarCharacterLibrary/Models/Vehicles/BlueJay/BlueJay.FBX using Guid(ea6ae6a578290c646861900a1240523e) (FBXImporter)Keyframe reduction: Ratio: 3.341584%;
A polygon of Mesh 'WheelL' in Assets/AllStarCharacterLibrary/Models/Vehicles/BlueJay/BlueJay.FBX is self-intersecting and has been discarded.
UnityEngine.Debug:ExtractStackTraceNoAlloc (byte*,int,string)
UnityEngine.StackTraceUtility:ExtractStackTrace () (at /Users/bokken/build/output/unity/unity/Runtime/Export/Scripting/StackTrace.cs:35)
UnityEditor.AssetDatabase:ImportAsset (string,UnityEditor.ImportAssetOptions)
AllStarMaterialFixer:ReimportModelAssets () (at Assets/Editor/AllStarMaterialFixer.cs:132)
AllStarMaterialFixer:ConvertAndValidate () (at Assets/Editor/AllStarMaterialFixer.cs:101)

[Assets/Editor/AllStarMaterialFixer.cs line 132]

A polygon of Mesh 'WheelF' in Assets/AllStarCharacterLibrary/Models/Vehicles/BlueJay/BlueJay.FBX is self-intersecting and has been discarded.
UnityEngine.Debug:ExtractStackTraceNoAlloc (byte*,int,string)
UnityEngine.StackTraceUtility:ExtractStackTrace () (at /Users/bokken/build/output/unity/unity/Runtime/Export/Scripting/StackTrace.cs:35)
UnityEditor.AssetDatabase:ImportAsset (string,UnityEditor.ImportAssetOptions)
AllStarMaterialFixer:ReimportModelAssets () (at Assets/Editor/AllStarMaterialFixer.cs:132)
AllStarMaterialFixer:ConvertAndValidate () (at Assets/Editor/AllStarMaterialFixer.cs:101)

[Assets/Editor/AllStarMaterialFixer.cs line 132]

A polygon of Mesh 'WheelR' in Assets/AllStarCharacterLibrary/Models/Vehicles/BlueJay/BlueJay.FBX is self-intersecting and has been discarded.
UnityEngine.Debug:ExtractStackTraceNoAlloc (byte*,int,string)
UnityEngine.StackTraceUtility:ExtractStackTrace () (at /Users/bokken/build/output/unity/unity/Runtime/Export/Scripting/StackTrace.cs:35)
UnityEditor.AssetDatabase:ImportAsset (string,UnityEditor.ImportAssetOptions)
AllStarMaterialFixer:ReimportModelAssets () (at Assets/Editor/AllStarMaterialFixer.cs:132)
AllStarMaterialFixer:ConvertAndValidate () (at Assets/Editor/AllStarMaterialFixer.cs:101)

[Assets/Editor/AllStarMaterialFixer.cs line 132]

 -> (artifact id: 'a5de8a4007f36e456073763e446180ff') in 0.030359209 seconds
Refreshing native plugins compatible for Editor in 0.00 ms, found 0 plugins.
Preloading 0 native plugins for Editor in 0.00 ms.
Asset Pipeline Refresh (id=b08626db5f6b541649eba8e7d9c71a72): Total: 0.038 seconds - Initiated by StopAssetImportingV2(NoUpdateAssetOptions)
Start importing Assets/AllStarCharacterLibrary/Models/Vehicles/Boomslang/Boomslang.FBX using Guid(2f07e217c64ba7e429585ed8e9d32047) (FBXImporter)Keyframe reduction: Ratio: 100.000000%;
 -> (artifact id: '8f49a0e6272dc8818851da347389fbcb') in 0.020205167 seconds
Refreshing native plugins compatible for Editor in 0.00 ms, found 0 plugins.
Preloading 0 native plugins for Editor in 0.00 ms.
Asset Pipeline Refresh (id=0c45b5c6fb59a45babf280490a12e0c9): Total: 0.027 seconds - Initiated by StopAssetImportingV2(NoUpdateAssetOptions)
Start importing Assets/AllStarCharacterLibrary/Models/Vehicles/Bus/Bus.FBX using Guid(bc0090ab70abf004aacaef3dd266ca35) (FBXImporter)Keyframe reduction: Ratio: 7.165863%;
A polygon of Mesh 'Bus1BodyLores' in Assets/AllStarCharacterLibrary/Models/Vehicles/Bus/Bus.FBX is self-intersecting and has been discarded.
UnityEngine.Debug:ExtractStackTraceNoAlloc (byte*,int,string)
UnityEngine.StackTraceUtility:ExtractStackTrace () (at /Users/bokken/build/output/unity/unity/Runtime/Export/Scripting/StackTrace.cs:35)
UnityEditor.AssetDatabase:ImportAsset (string,UnityEditor.ImportAssetOptions)
AllStarMaterialFixer:ReimportModelAssets () (at Assets/Editor/AllStarMaterialFixer.cs:132)
AllStarMaterialFixer:ConvertAndValidate () (at Assets/Editor/AllStarMaterialFixer.cs:101)

[Assets/Editor/AllStarMaterialFixer.cs line 132]

A polygon of Mesh 'Bus2BodyWindowed' in Assets/AllStarCharacterLibrary/Models/Vehicles/Bus/Bus.FBX is self-intersecting and has been discarded.
UnityEngine.Debug:ExtractStackTraceNoAlloc (byte*,int,string)
UnityEngine.StackTraceUtility:ExtractStackTrace () (at /Users/bokken/build/output/unity/unity/Runtime/Export/Scripting/StackTrace.cs:35)
UnityEditor.AssetDatabase:ImportAsset (string,UnityEditor.ImportAssetOptions)
AllStarMaterialFixer:ReimportModelAssets () (at Assets/Editor/AllStarMaterialFixer.cs:132)
AllStarMaterialFixer:ConvertAndValidate () (at Assets/Editor/AllStarMaterialFixer.cs:101)

[Assets/Editor/AllStarMaterialFixer.cs line 132]

A polygon of Mesh 'Bus2BodyWindowed' in Assets/AllStarCharacterLibrary/Models/Vehicles/Bus/Bus.FBX is self-intersecting and has been discarded.
UnityEngine.Debug:ExtractStackTraceNoAlloc (byte*,int,string)
UnityEngine.StackTraceUtility:ExtractStackTrace () (at /Users/bokken/build/output/unity/unity/Runtime/Export/Scripting/StackTrace.cs:35)
UnityEditor.AssetDatabase:ImportAsset (string,UnityEditor.ImportAssetOptions)
AllStarMaterialFixer:ReimportModelAssets () (at Assets/Editor/AllStarMaterialFixer.cs:132)
AllStarMaterialFixer:ConvertAndValidate () (at Assets/Editor/AllStarMaterialFixer.cs:101)

[Assets/Editor/AllStarMaterialFixer.cs line 132]

A polygon of Mesh 'Bus2BodyWindowed' in Assets/AllStarCharacterLibrary/Models/Vehicles/Bus/Bus.FBX is self-intersecting and has been discarded.
UnityEngine.Debug:ExtractStackTraceNoAlloc (byte*,int,string)
UnityEngine.StackTraceUtility:ExtractStackTrace () (at /Users/bokken/build/output/unity/unity/Runtime/Export/Scripting/StackTrace.cs:35)
UnityEditor.AssetDatabase:ImportAsset (string,UnityEditor.ImportAssetOptions)
AllStarMaterialFixer:ReimportModelAssets () (at Assets/Editor/AllStarMaterialFixer.cs:132)
AllStarMaterialFixer:ConvertAndValidate () (at Assets/Editor/AllStarMaterialFixer.cs:101)

[Assets/Editor/AllStarMaterialFixer.cs line 132]

A polygon of Mesh 'Bus2BodyWindowed' in Assets/AllStarCharacterLibrary/Models/Vehicles/Bus/Bus.FBX is self-intersecting and has been discarded.
UnityEngine.Debug:ExtractStackTraceNoAlloc (byte*,int,string)
UnityEngine.StackTraceUtility:ExtractStackTrace () (at /Users/bokken/build/output/unity/unity/Runtime/Export/Scripting/StackTrace.cs:35)
UnityEditor.AssetDatabase:ImportAsset (string,UnityEditor.ImportAssetOptions)
AllStarMaterialFixer:ReimportModelAssets () (at Assets/Editor/AllStarMaterialFixer.cs:132)
AllStarMaterialFixer:ConvertAndValidate () (at Assets/Editor/AllStarMaterialFixer.cs:101)

[Assets/Editor/AllStarMaterialFixer.cs line 132]

A polygon of Mesh 'Bus3BodyDoorCut' in Assets/AllStarCharacterLibrary/Models/Vehicles/Bus/Bus.FBX is self-intersecting and has been discarded.
UnityEngine.Debug:ExtractStackTraceNoAlloc (byte*,int,string)
UnityEngine.StackTraceUtility:ExtractStackTrace () (at /Users/bokken/build/output/unity/unity/Runtime/Export/Scripting/StackTrace.cs:35)
UnityEditor.AssetDatabase:ImportAsset (string,UnityEditor.ImportAssetOptions)
AllStarMaterialFixer:ReimportModelAssets () (at Assets/Editor/AllStarMaterialFixer.cs:132)
AllStarMaterialFixer:ConvertAndValidate () (at Assets/Editor/AllStarMaterialFixer.cs:101)

[Assets/Editor/AllStarMaterialFixer.cs line 132]

A polygon of Mesh 'Bus3BodyDoorCut' in Assets/AllStarCharacterLibrary/Models/Vehicles/Bus/Bus.FBX is self-intersecting and has been discarded.
UnityEngine.Debug:ExtractStackTraceNoAlloc (byte*,int,string)
UnityEngine.StackTraceUtility:ExtractStackTrace () (at /Users/bokken/build/output/unity/unity/Runtime/Export/Scripting/StackTrace.cs:35)
UnityEditor.AssetDatabase:ImportAsset (string,UnityEditor.ImportAssetOptions)
AllStarMaterialFixer:ReimportModelAssets () (at Assets/Editor/AllStarMaterialFixer.cs:132)
AllStarMaterialFixer:ConvertAndValidate () (at Assets/Editor/AllStarMaterialFixer.cs:101)

[Assets/Editor/AllStarMaterialFixer.cs line 132]

A polygon of Mesh 'Bus3BodyDoorCut' in Assets/AllStarCharacterLibrary/Models/Vehicles/Bus/Bus.FBX is self-intersecting and has been discarded.
UnityEngine.Debug:ExtractStackTraceNoAlloc (byte*,int,string)
UnityEngine.StackTraceUtility:ExtractStackTrace () (at /Users/bokken/build/output/unity/unity/Runtime/Export/Scripting/StackTrace.cs:35)
UnityEditor.AssetDatabase:ImportAsset (string,UnityEditor.ImportAssetOptions)
AllStarMaterialFixer:ReimportModelAssets () (at Assets/Editor/AllStarMaterialFixer.cs:132)
AllStarMaterialFixer:ConvertAndValidate () (at Assets/Editor/AllStarMaterialFixer.cs:101)

[Assets/Editor/AllStarMaterialFixer.cs line 132]

A polygon of Mesh 'Bus3BodyDoorCut' in Assets/AllStarCharacterLibrary/Models/Vehicles/Bus/Bus.FBX is self-intersecting and has been discarded.
UnityEngine.Debug:ExtractStackTraceNoAlloc (byte*,int,string)
UnityEngine.StackTraceUtility:ExtractStackTrace () (at /Users/bokken/build/output/unity/unity/Runtime/Export/Scripting/StackTrace.cs:35)
UnityEditor.AssetDatabase:ImportAsset (string,UnityEditor.ImportAssetOptions)
AllStarMaterialFixer:ReimportModelAssets () (at Assets/Editor/AllStarMaterialFixer.cs:132)
AllStarMaterialFixer:ConvertAndValidate () (at Assets/Editor/AllStarMaterialFixer.cs:101)

[Assets/Editor/AllStarMaterialFixer.cs line 132]

 -> (artifact id: 'f1d7711c0992e9945fe3b237349504e3') in 0.025693875 seconds
Refreshing native plugins compatible for Editor in 0.00 ms, found 0 plugins.
Preloading 0 native plugins for Editor in 0.00 ms.
Asset Pipeline Refresh (id=4dd38b40ea3b74e9283dbd501a67540d): Total: 0.032 seconds - Initiated by StopAssetImportingV2(NoUpdateAssetOptions)
Start importing Assets/AllStarCharacterLibrary/Models/Vehicles/Cyclone/Cyclone.FBX using Guid(3d6e7e45cd8a17646aee54464ee310c8) (FBXImporter) -> (artifact id: '6465ad8c7e6fec8fab70ccaf315e074f') in 0.017852958 seconds
Refreshing native plugins compatible for Editor in 0.00 ms, found 0 plugins.
Preloading 0 native plugins for Editor in 0.00 ms.
Asset Pipeline Refresh (id=c9d8480c34b194e2c81d9f747b560c7f): Total: 0.025 seconds - Initiated by StopAssetImportingV2(NoUpdateAssetOptions)
Start importing Assets/AllStarCharacterLibrary/Models/Vehicles/DZ/DZ.FBX using Guid(730c9b62e7730df48a1411b925e69c5f) (FBXImporter) -> (artifact id: '193a414b4dbc7f465d7a3c6fbd0ad765') in 0.016742125 seconds
Refreshing native plugins compatible for Editor in 0.00 ms, found 0 plugins.
Preloading 0 native plugins for Editor in 0.00 ms.
Asset Pipeline Refresh (id=b588024c5d2994d208ce64742393de49): Total: 0.022 seconds - Initiated by StopAssetImportingV2(NoUpdateAssetOptions)
Start importing Assets/AllStarCharacterLibrary/Models/Vehicles/DZClassic/DZClassic.FBX using Guid(96bcbebb09a18bb4190b2eba6cf9a6f4) (FBXImporter)A polygon of Mesh 'DoorL' in Assets/AllStarCharacterLibrary/Models/Vehicles/DZClassic/DZClassic.FBX is self-intersecting and has been discarded.
UnityEngine.Debug:ExtractStackTraceNoAlloc (byte*,int,string)
UnityEngine.StackTraceUtility:ExtractStackTrace () (at /Users/bokken/build/output/unity/unity/Runtime/Export/Scripting/StackTrace.cs:35)
UnityEditor.AssetDatabase:ImportAsset (string,UnityEditor.ImportAssetOptions)
AllStarMaterialFixer:ReimportModelAssets () (at Assets/Editor/AllStarMaterialFixer.cs:132)
AllStarMaterialFixer:ConvertAndValidate () (at Assets/Editor/AllStarMaterialFixer.cs:101)

[Assets/Editor/AllStarMaterialFixer.cs line 132]

A polygon of Mesh 'DoorR' in Assets/AllStarCharacterLibrary/Models/Vehicles/DZClassic/DZClassic.FBX is self-intersecting and has been discarded.
UnityEngine.Debug:ExtractStackTraceNoAlloc (byte*,int,string)
UnityEngine.StackTraceUtility:ExtractStackTrace () (at /Users/bokken/build/output/unity/unity/Runtime/Export/Scripting/StackTrace.cs:35)
UnityEditor.AssetDatabase:ImportAsset (string,UnityEditor.ImportAssetOptions)
AllStarMaterialFixer:ReimportModelAssets () (at Assets/Editor/AllStarMaterialFixer.cs:132)
AllStarMaterialFixer:ConvertAndValidate () (at Assets/Editor/AllStarMaterialFixer.cs:101)

[Assets/Editor/AllStarMaterialFixer.cs line 132]

 -> (artifact id: '6a4405684bb2d15939c88541c23b4f78') in 0.018545125 seconds
Refreshing native plugins compatible for Editor in 0.00 ms, found 0 plugins.
Preloading 0 native plugins for Editor in 0.00 ms.
Asset Pipeline Refresh (id=f5477668b7b2d4c41b7731ddda79a709): Total: 0.024 seconds - Initiated by StopAssetImportingV2(NoUpdateAssetOptions)
Start importing Assets/AllStarCharacterLibrary/Models/Vehicles/Fastback/Fastback.FBX using Guid(3be7702154720af418e249e03a3bab01) (FBXImporter)A polygon of Mesh 'Fastback2BodyWindowed' in Assets/AllStarCharacterLibrary/Models/Vehicles/Fastback/Fastback.FBX is self-intersecting and has been discarded.
UnityEngine.Debug:ExtractStackTraceNoAlloc (byte*,int,string)
UnityEngine.StackTraceUtility:ExtractStackTrace () (at /Users/bokken/build/output/unity/unity/Runtime/Export/Scripting/StackTrace.cs:35)
UnityEditor.AssetDatabase:ImportAsset (string,UnityEditor.ImportAssetOptions)
AllStarMaterialFixer:ReimportModelAssets () (at Assets/Editor/AllStarMaterialFixer.cs:132)
AllStarMaterialFixer:ConvertAndValidate () (at Assets/Editor/AllStarMaterialFixer.cs:101)

[Assets/Editor/AllStarMaterialFixer.cs line 132]

A polygon of Mesh 'Fastback2BodyWindowed' in Assets/AllStarCharacterLibrary/Models/Vehicles/Fastback/Fastback.FBX is self-intersecting and has been discarded.
UnityEngine.Debug:ExtractStackTraceNoAlloc (byte*,int,string)
UnityEngine.StackTraceUtility:ExtractStackTrace () (at /Users/bokken/build/output/unity/unity/Runtime/Export/Scripting/StackTrace.cs:35)
UnityEditor.AssetDatabase:ImportAsset (string,UnityEditor.ImportAssetOptions)
AllStarMaterialFixer:ReimportModelAssets () (at Assets/Editor/AllStarMaterialFixer.cs:132)
AllStarMaterialFixer:ConvertAndValidate () (at Assets/Editor/AllStarMaterialFixer.cs:101)

[Assets/Editor/AllStarMaterialFixer.cs line 132]

A polygon of Mesh 'Fastback1BodyLores' in Assets/AllStarCharacterLibrary/Models/Vehicles/Fastback/Fastback.FBX is self-intersecting and has been discarded.
UnityEngine.Debug:ExtractStackTraceNoAlloc (byte*,int,string)
UnityEngine.StackTraceUtility:ExtractStackTrace () (at /Users/bokken/build/output/unity/unity/Runtime/Export/Scripting/StackTrace.cs:35)
UnityEditor.AssetDatabase:ImportAsset (string,UnityEditor.ImportAssetOptions)
AllStarMaterialFixer:ReimportModelAssets () (at Assets/Editor/AllStarMaterialFixer.cs:132)
AllStarMaterialFixer:ConvertAndValidate () (at Assets/Editor/AllStarMaterialFixer.cs:101)

[Assets/Editor/AllStarMaterialFixer.cs line 132]

A polygon of Mesh 'Fastback1BodyLores' in Assets/AllStarCharacterLibrary/Models/Vehicles/Fastback/Fastback.FBX is self-intersecting and has been discarded.
UnityEngine.Debug:ExtractStackTraceNoAlloc (byte*,int,string)
UnityEngine.StackTraceUtility:ExtractStackTrace () (at /Users/bokken/build/output/unity/unity/Runtime/Export/Scripting/StackTrace.cs:35)
UnityEditor.AssetDatabase:ImportAsset (string,UnityEditor.ImportAssetOptions)
AllStarMaterialFixer:ReimportModelAssets () (at Assets/Editor/AllStarMaterialFixer.cs:132)
AllStarMaterialFixer:ConvertAndValidate () (at Assets/Editor/AllStarMaterialFixer.cs:101)

[Assets/Editor/AllStarMaterialFixer.cs line 132]

A polygon of Mesh 'Fastback3BodyDoorCut' in Assets/AllStarCharacterLibrary/Models/Vehicles/Fastback/Fastback.FBX is self-intersecting and has been discarded.
UnityEngine.Debug:ExtractStackTraceNoAlloc (byte*,int,string)
UnityEngine.StackTraceUtility:ExtractStackTrace () (at /Users/bokken/build/output/unity/unity/Runtime/Export/Scripting/StackTrace.cs:35)
UnityEditor.AssetDatabase:ImportAsset (string,UnityEditor.ImportAssetOptions)
AllStarMaterialFixer:ReimportModelAssets () (at Assets/Editor/AllStarMaterialFixer.cs:132)
AllStarMaterialFixer:ConvertAndValidate () (at Assets/Editor/AllStarMaterialFixer.cs:101)

[Assets/Editor/AllStarMaterialFixer.cs line 132]

A polygon of Mesh 'Fastback3BodyDoorCut' in Assets/AllStarCharacterLibrary/Models/Vehicles/Fastback/Fastback.FBX is self-intersecting and has been discarded.
UnityEngine.Debug:ExtractStackTraceNoAlloc (byte*,int,string)
UnityEngine.StackTraceUtility:ExtractStackTrace () (at /Users/bokken/build/output/unity/unity/Runtime/Export/Scripting/StackTrace.cs:35)
UnityEditor.AssetDatabase:ImportAsset (string,UnityEditor.ImportAssetOptions)
AllStarMaterialFixer:ReimportModelAssets () (at Assets/Editor/AllStarMaterialFixer.cs:132)
AllStarMaterialFixer:ConvertAndValidate () (at Assets/Editor/AllStarMaterialFixer.cs:101)

[Assets/Editor/AllStarMaterialFixer.cs line 132]

A polygon of Mesh 'Fastback3BodyDoorCut' in Assets/AllStarCharacterLibrary/Models/Vehicles/Fastback/Fastback.FBX is self-intersecting and has been discarded.
UnityEngine.Debug:ExtractStackTraceNoAlloc (byte*,int,string)
UnityEngine.StackTraceUtility:ExtractStackTrace () (at /Users/bokken/build/output/unity/unity/Runtime/Export/Scripting/StackTrace.cs:35)
UnityEditor.AssetDatabase:ImportAsset (string,UnityEditor.ImportAssetOptions)
AllStarMaterialFixer:ReimportModelAssets () (at Assets/Editor/AllStarMaterialFixer.cs:132)
AllStarMaterialFixer:ConvertAndValidate () (at Assets/Editor/AllStarMaterialFixer.cs:101)

[Assets/Editor/AllStarMaterialFixer.cs line 132]

A polygon of Mesh 'Fastback3BodyDoorCut' in Assets/AllStarCharacterLibrary/Models/Vehicles/Fastback/Fastback.FBX is self-intersecting and has been discarded.
UnityEngine.Debug:ExtractStackTraceNoAlloc (byte*,int,string)
UnityEngine.StackTraceUtility:ExtractStackTrace () (at /Users/bokken/build/output/unity/unity/Runtime/Export/Scripting/StackTrace.cs:35)
UnityEditor.AssetDatabase:ImportAsset (string,UnityEditor.ImportAssetOptions)
AllStarMaterialFixer:ReimportModelAssets () (at Assets/Editor/AllStarMaterialFixer.cs:132)
AllStarMaterialFixer:ConvertAndValidate () (at Assets/Editor/AllStarMaterialFixer.cs:101)

[Assets/Editor/AllStarMaterialFixer.cs line 132]

 -> (artifact id: '343587f606afd80df95efb5928f93118') in 0.018759584 seconds
Refreshing native plugins compatible for Editor in 0.00 ms, found 0 plugins.
Preloading 0 native plugins for Editor in 0.00 ms.
Asset Pipeline Refresh (id=0422a1c14b66c4fbb950029b8525da63): Total: 0.025 seconds - Initiated by StopAssetImportingV2(NoUpdateAssetOptions)
Start importing Assets/AllStarCharacterLibrary/Models/Vehicles/GT/GT.FBX using Guid(5acdb4b9aae654e45af3a98308217f41) (FBXImporter) -> (artifact id: '7e65b0b41532b1781951f645ad20be19') in 0.01787125 seconds
Refreshing native plugins compatible for Editor in 0.00 ms, found 0 plugins.
Preloading 0 native plugins for Editor in 0.00 ms.
Asset Pipeline Refresh (id=3b3686210185f4fb4899737f7b0c0e88): Total: 0.024 seconds - Initiated by StopAssetImportingV2(NoUpdateAssetOptions)
Start importing Assets/AllStarCharacterLibrary/Models/Vehicles/Goat/Goat.FBX using Guid(ec9d5fc4fe1ba0e478350fbca90177a6) (FBXImporter) -> (artifact id: '33e66398e07937ca9dd0ed7f1a2048fd') in 0.01775025 seconds
Refreshing native plugins compatible for Editor in 0.00 ms, found 0 plugins.
Preloading 0 native plugins for Editor in 0.00 ms.
Asset Pipeline Refresh (id=8eedacdfb05b94290a8e41805d71a233): Total: 0.023 seconds - Initiated by StopAssetImportingV2(NoUpdateAssetOptions)
Start importing Assets/AllStarCharacterLibrary/Models/Vehicles/Gyrocopter/DoorL.FBX using Guid(9a67094193d9a4e45b9410591bad8639) (FBXImporter)Keyframe reduction: Ratio: 11.728395%;
 -> (artifact id: '00395fee05eb143010b4bbcb89111ef5') in 0.011894542 seconds
Refreshing native plugins compatible for Editor in 0.00 ms, found 0 plugins.
Preloading 0 native plugins for Editor in 0.00 ms.
Asset Pipeline Refresh (id=d952d363723234146bd1f7229b890950): Total: 0.017 seconds - Initiated by StopAssetImportingV2(NoUpdateAssetOptions)
Start importing Assets/AllStarCharacterLibrary/Models/Vehicles/Gyrocopter/DoorR.FBX using Guid(66619a8330d1ffc43997ce4b00c2be8d) (FBXImporter)Keyframe reduction: Ratio: 11.728395%;
 -> (artifact id: 'f603d9129348107e72dfe406ee928bb5') in 0.011820458 seconds
Refreshing native plugins compatible for Editor in 0.00 ms, found 0 plugins.
Preloading 0 native plugins for Editor in 0.00 ms.
Asset Pipeline Refresh (id=d87baeabc99234c6aa1420d1ded02a9d): Total: 0.017 seconds - Initiated by StopAssetImportingV2(NoUpdateAssetOptions)
Start importing Assets/AllStarCharacterLibrary/Models/Vehicles/Gyrocopter/Gyrocopter.FBX using Guid(09fe57bb6ff1920439960b79ddb3e3b9) (FBXImporter)Keyframe reduction: Ratio: 5.750193%;
A polygon of Mesh 'WheelL' in Assets/AllStarCharacterLibrary/Models/Vehicles/Gyrocopter/Gyrocopter.FBX is self-intersecting and has been discarded.
UnityEngine.Debug:ExtractStackTraceNoAlloc (byte*,int,string)
UnityEngine.StackTraceUtility:ExtractStackTrace () (at /Users/bokken/build/output/unity/unity/Runtime/Export/Scripting/StackTrace.cs:35)
UnityEditor.AssetDatabase:ImportAsset (string,UnityEditor.ImportAssetOptions)
AllStarMaterialFixer:ReimportModelAssets () (at Assets/Editor/AllStarMaterialFixer.cs:132)
AllStarMaterialFixer:ConvertAndValidate () (at Assets/Editor/AllStarMaterialFixer.cs:101)

[Assets/Editor/AllStarMaterialFixer.cs line 132]

A polygon of Mesh 'WheelF' in Assets/AllStarCharacterLibrary/Models/Vehicles/Gyrocopter/Gyrocopter.FBX is self-intersecting and has been discarded.
UnityEngine.Debug:ExtractStackTraceNoAlloc (byte*,int,string)
UnityEngine.StackTraceUtility:ExtractStackTrace () (at /Users/bokken/build/output/unity/unity/Runtime/Export/Scripting/StackTrace.cs:35)
UnityEditor.AssetDatabase:ImportAsset (string,UnityEditor.ImportAssetOptions)
AllStarMaterialFixer:ReimportModelAssets () (at Assets/Editor/AllStarMaterialFixer.cs:132)
AllStarMaterialFixer:ConvertAndValidate () (at Assets/Editor/AllStarMaterialFixer.cs:101)

[Assets/Editor/AllStarMaterialFixer.cs line 132]

A polygon of Mesh 'WheelR' in Assets/AllStarCharacterLibrary/Models/Vehicles/Gyrocopter/Gyrocopter.FBX is self-intersecting and has been discarded.
UnityEngine.Debug:ExtractStackTraceNoAlloc (byte*,int,string)
UnityEngine.StackTraceUtility:ExtractStackTrace () (at /Users/bokken/build/output/unity/unity/Runtime/Export/Scripting/StackTrace.cs:35)
UnityEditor.AssetDatabase:ImportAsset (string,UnityEditor.ImportAssetOptions)
AllStarMaterialFixer:ReimportModelAssets () (at Assets/Editor/AllStarMaterialFixer.cs:132)
AllStarMaterialFixer:ConvertAndValidate () (at Assets/Editor/AllStarMaterialFixer.cs:101)

[Assets/Editor/AllStarMaterialFixer.cs line 132]

 -> (artifact id: '5aa89aa1415a638886c30f977c14133f') in 0.026326083 seconds
Refreshing native plugins compatible for Editor in 0.00 ms, found 0 plugins.
Preloading 0 native plugins for Editor in 0.00 ms.
Asset Pipeline Refresh (id=ba4f04a0360514913a6678b0e56cb54e): Total: 0.032 seconds - Initiated by StopAssetImportingV2(NoUpdateAssetOptions)
Start importing Assets/AllStarCharacterLibrary/Models/Vehicles/LuxSport/LuxSport.FBX using Guid(5474bbc9de8accd47a326bdee2f20d87) (FBXImporter)A polygon of Mesh 'LuxSport1BodyLores' in Assets/AllStarCharacterLibrary/Models/Vehicles/LuxSport/LuxSport.FBX is self-intersecting and has been discarded.
UnityEngine.Debug:ExtractStackTraceNoAlloc (byte*,int,string)
UnityEngine.StackTraceUtility:ExtractStackTrace () (at /Users/bokken/build/output/unity/unity/Runtime/Export/Scripting/StackTrace.cs:35)
UnityEditor.AssetDatabase:ImportAsset (string,UnityEditor.ImportAssetOptions)
AllStarMaterialFixer:ReimportModelAssets () (at Assets/Editor/AllStarMaterialFixer.cs:132)
AllStarMaterialFixer:ConvertAndValidate () (at Assets/Editor/AllStarMaterialFixer.cs:101)

[Assets/Editor/AllStarMaterialFixer.cs line 132]

A polygon of Mesh 'LuxSport1BodyLores' in Assets/AllStarCharacterLibrary/Models/Vehicles/LuxSport/LuxSport.FBX is self-intersecting and has been discarded.
UnityEngine.Debug:ExtractStackTraceNoAlloc (byte*,int,string)
UnityEngine.StackTraceUtility:ExtractStackTrace () (at /Users/bokken/build/output/unity/unity/Runtime/Export/Scripting/StackTrace.cs:35)
UnityEditor.AssetDatabase:ImportAsset (string,UnityEditor.ImportAssetOptions)
AllStarMaterialFixer:ReimportModelAssets () (at Assets/Editor/AllStarMaterialFixer.cs:132)
AllStarMaterialFixer:ConvertAndValidate () (at Assets/Editor/AllStarMaterialFixer.cs:101)

[Assets/Editor/AllStarMaterialFixer.cs line 132]

A polygon of Mesh 'LuxSport1BodyLores' in Assets/AllStarCharacterLibrary/Models/Vehicles/LuxSport/LuxSport.FBX is self-intersecting and has been discarded.
UnityEngine.Debug:ExtractStackTraceNoAlloc (byte*,int,string)
UnityEngine.StackTraceUtility:ExtractStackTrace () (at /Users/bokken/build/output/unity/unity/Runtime/Export/Scripting/StackTrace.cs:35)
UnityEditor.AssetDatabase:ImportAsset (string,UnityEditor.ImportAssetOptions)
AllStarMaterialFixer:ReimportModelAssets () (at Assets/Editor/AllStarMaterialFixer.cs:132)
AllStarMaterialFixer:ConvertAndValidate () (at Assets/Editor/AllStarMaterialFixer.cs:101)

[Assets/Editor/AllStarMaterialFixer.cs line 132]

A polygon of Mesh 'LuxSport1BodyLores' in Assets/AllStarCharacterLibrary/Models/Vehicles/LuxSport/LuxSport.FBX is self-intersecting and has been discarded.
UnityEngine.Debug:ExtractStackTraceNoAlloc (byte*,int,string)
UnityEngine.StackTraceUtility:ExtractStackTrace () (at /Users/bokken/build/output/unity/unity/Runtime/Export/Scripting/StackTrace.cs:35)
UnityEditor.AssetDatabase:ImportAsset (string,UnityEditor.ImportAssetOptions)
AllStarMaterialFixer:ReimportModelAssets () (at Assets/Editor/AllStarMaterialFixer.cs:132)
AllStarMaterialFixer:ConvertAndValidate () (at Assets/Editor/AllStarMaterialFixer.cs:101)

[Assets/Editor/AllStarMaterialFixer.cs line 132]

 -> (artifact id: 'd71f88c262b4f2976b40b18a442b6695') in 0.018412958 seconds
Refreshing native plugins compatible for Editor in 0.00 ms, found 0 plugins.
Preloading 0 native plugins for Editor in 0.00 ms.
Asset Pipeline Refresh (id=628f02d6526f04091ad0caa5a5928c20): Total: 0.024 seconds - Initiated by StopAssetImportingV2(NoUpdateAssetOptions)
Start importing Assets/AllStarCharacterLibrary/Models/Vehicles/Mako/Mako.FBX using Guid(c0f968ae5e65d744286d4d419b97f2a8) (FBXImporter)A polygon of Mesh 'Mako3BodyDoorCut' in Assets/AllStarCharacterLibrary/Models/Vehicles/Mako/Mako.FBX is self-intersecting and has been discarded.
UnityEngine.Debug:ExtractStackTraceNoAlloc (byte*,int,string)
UnityEngine.StackTraceUtility:ExtractStackTrace () (at /Users/bokken/build/output/unity/unity/Runtime/Export/Scripting/StackTrace.cs:35)
UnityEditor.AssetDatabase:ImportAsset (string,UnityEditor.ImportAssetOptions)
AllStarMaterialFixer:ReimportModelAssets () (at Assets/Editor/AllStarMaterialFixer.cs:132)
AllStarMaterialFixer:ConvertAndValidate () (at Assets/Editor/AllStarMaterialFixer.cs:101)

[Assets/Editor/AllStarMaterialFixer.cs line 132]

A polygon of Mesh 'Mako3BodyDoorCut' in Assets/AllStarCharacterLibrary/Models/Vehicles/Mako/Mako.FBX is self-intersecting and has been discarded.
UnityEngine.Debug:ExtractStackTraceNoAlloc (byte*,int,string)
UnityEngine.StackTraceUtility:ExtractStackTrace () (at /Users/bokken/build/output/unity/unity/Runtime/Export/Scripting/StackTrace.cs:35)
UnityEditor.AssetDatabase:ImportAsset (string,UnityEditor.ImportAssetOptions)
AllStarMaterialFixer:ReimportModelAssets () (at Assets/Editor/AllStarMaterialFixer.cs:132)
AllStarMaterialFixer:ConvertAndValidate () (at Assets/Editor/AllStarMaterialFixer.cs:101)

[Assets/Editor/AllStarMaterialFixer.cs line 132]

 -> (artifact id: 'e1c4b2bcb592a1677b495bd46191011a') in 0.018020167 seconds
Refreshing native plugins compatible for Editor in 0.00 ms, found 0 plugins.
Preloading 0 native plugins for Editor in 0.00 ms.
Asset Pipeline Refresh (id=18cfa96a3a25844ada52bd5da43ad919): Total: 0.026 seconds - Initiated by StopAssetImportingV2(NoUpdateAssetOptions)
Start importing Assets/AllStarCharacterLibrary/Models/Vehicles/Matador/Matador.FBX using Guid(35a6967106da61a4d8e627fdd6015e9a) (FBXImporter)A polygon of Mesh 'WindowBL' in Assets/AllStarCharacterLibrary/Models/Vehicles/Matador/Matador.FBX is self-intersecting and has been discarded.
UnityEngine.Debug:ExtractStackTraceNoAlloc (byte*,int,string)
UnityEngine.StackTraceUtility:ExtractStackTrace () (at /Users/bokken/build/output/unity/unity/Runtime/Export/Scripting/StackTrace.cs:35)
UnityEditor.AssetDatabase:ImportAsset (string,UnityEditor.ImportAssetOptions)
AllStarMaterialFixer:ReimportModelAssets () (at Assets/Editor/AllStarMaterialFixer.cs:132)
AllStarMaterialFixer:ConvertAndValidate () (at Assets/Editor/AllStarMaterialFixer.cs:101)

[Assets/Editor/AllStarMaterialFixer.cs line 132]

 -> (artifact id: '94c8749616c3da3b648b2d50677a02a8') in 0.018806959 seconds
Refreshing native plugins compatible for Editor in 0.00 ms, found 0 plugins.
Preloading 0 native plugins for Editor in 0.00 ms.
Asset Pipeline Refresh (id=e9e45bc37451643d4861f87abcbf304e): Total: 0.025 seconds - Initiated by StopAssetImportingV2(NoUpdateAssetOptions)
Start importing Assets/AllStarCharacterLibrary/Models/Vehicles/Minari/Minari.FBX using Guid(a05683c3362404c4387ef9a7b021ffbb) (FBXImporter)A polygon of Mesh 'Minari3BodyDoorCut' in Assets/AllStarCharacterLibrary/Models/Vehicles/Minari/Minari.FBX is self-intersecting and has been discarded.
UnityEngine.Debug:ExtractStackTraceNoAlloc (byte*,int,string)
UnityEngine.StackTraceUtility:ExtractStackTrace () (at /Users/bokken/build/output/unity/unity/Runtime/Export/Scripting/StackTrace.cs:35)
UnityEditor.AssetDatabase:ImportAsset (string,UnityEditor.ImportAssetOptions)
AllStarMaterialFixer:ReimportModelAssets () (at Assets/Editor/AllStarMaterialFixer.cs:132)
AllStarMaterialFixer:ConvertAndValidate () (at Assets/Editor/AllStarMaterialFixer.cs:101)

[Assets/Editor/AllStarMaterialFixer.cs line 132]

A polygon of Mesh 'Minari3BodyDoorCut' in Assets/AllStarCharacterLibrary/Models/Vehicles/Minari/Minari.FBX is self-intersecting and has been discarded.
UnityEngine.Debug:ExtractStackTraceNoAlloc (byte*,int,string)
UnityEngine.StackTraceUtility:ExtractStackTrace () (at /Users/bokken/build/output/unity/unity/Runtime/Export/Scripting/StackTrace.cs:35)
UnityEditor.AssetDatabase:ImportAsset (string,UnityEditor.ImportAssetOptions)
AllStarMaterialFixer:ReimportModelAssets () (at Assets/Editor/AllStarMaterialFixer.cs:132)
AllStarMaterialFixer:ConvertAndValidate () (at Assets/Editor/AllStarMaterialFixer.cs:101)

[Assets/Editor/AllStarMaterialFixer.cs line 132]

 -> (artifact id: '0246904c2f0d73dbc4538265bc461c00') in 0.017339916 seconds
Refreshing native plugins compatible for Editor in 0.00 ms, found 0 plugins.
Preloading 0 native plugins for Editor in 0.00 ms.
Asset Pipeline Refresh (id=24386ff443c074d919a37d5898a6bd1d): Total: 0.024 seconds - Initiated by StopAssetImportingV2(NoUpdateAssetOptions)
Start importing Assets/AllStarCharacterLibrary/Models/Vehicles/Palamino/Palamino.FBX using Guid(0d021504797fad141b1b84d4cd9e1d46) (FBXImporter) -> (artifact id: 'ee9cbcd7665a084b36d280e83559949d') in 0.017146041 seconds
Refreshing native plugins compatible for Editor in 0.00 ms, found 0 plugins.
Preloading 0 native plugins for Editor in 0.00 ms.
Asset Pipeline Refresh (id=38ed120ec048042c8a0186f4e9135b84): Total: 0.023 seconds - Initiated by StopAssetImportingV2(NoUpdateAssetOptions)
Start importing Assets/AllStarCharacterLibrary/Models/Vehicles/Paraglider/Paraglider.FBX using Guid(4c53124595db82840b9804dc90e47ad0) (FBXImporter)Keyframe reduction: Ratio: 100.000000%;
 -> (artifact id: '001fb9ca45fda1aae036d8d5d2feb956') in 0.013209292 seconds
Refreshing native plugins compatible for Editor in 0.00 ms, found 0 plugins.
Preloading 0 native plugins for Editor in 0.00 ms.
Asset Pipeline Refresh (id=dc3e79e9598864d399567121f150bd0a): Total: 0.019 seconds - Initiated by StopAssetImportingV2(NoUpdateAssetOptions)
Start importing Assets/AllStarCharacterLibrary/Models/Vehicles/Paraglider/Paraglider@Fall.FBX using Guid(d35ba71b413bf434baa223e698af98cd) (FBXImporter)Keyframe reduction: Ratio: 6.250000%;
 -> (artifact id: 'f0b859c028b861eeaf63417b3b16b6f1') in 0.013982667 seconds
Refreshing native plugins compatible for Editor in 0.00 ms, found 0 plugins.
Preloading 0 native plugins for Editor in 0.00 ms.
Asset Pipeline Refresh (id=5d079e92bee43449da09fd30378fe4fc): Total: 0.020 seconds - Initiated by StopAssetImportingV2(NoUpdateAssetOptions)
Start importing Assets/AllStarCharacterLibrary/Models/Vehicles/Paraglider/Paraglider@RaiseUp.FBX using Guid(250eadef1ecd1384bbdf815142a7428d) (FBXImporter)Keyframe reduction: Ratio: 8.888889%;
 -> (artifact id: '985506b6ca3398e1af5461bc7d8a1dbf') in 0.013362667 seconds
Refreshing native plugins compatible for Editor in 0.00 ms, found 0 plugins.
Preloading 0 native plugins for Editor in 0.00 ms.
Asset Pipeline Refresh (id=2d62cf0a192354fad9bcaf3257f33525): Total: 0.019 seconds - Initiated by StopAssetImportingV2(NoUpdateAssetOptions)
Start importing Assets/AllStarCharacterLibrary/Models/Vehicles/Paraglider/Paramotor.FBX using Guid(7739e878e16852d409e131c0a4948822) (FBXImporter)Keyframe reduction: Ratio: 6.064356%;
A polygon of Mesh 'WheelL' in Assets/AllStarCharacterLibrary/Models/Vehicles/Paraglider/Paramotor.FBX is self-intersecting and has been discarded.
UnityEngine.Debug:ExtractStackTraceNoAlloc (byte*,int,string)
UnityEngine.StackTraceUtility:ExtractStackTrace () (at /Users/bokken/build/output/unity/unity/Runtime/Export/Scripting/StackTrace.cs:35)
UnityEditor.AssetDatabase:ImportAsset (string,UnityEditor.ImportAssetOptions)
AllStarMaterialFixer:ReimportModelAssets () (at Assets/Editor/AllStarMaterialFixer.cs:132)
AllStarMaterialFixer:ConvertAndValidate () (at Assets/Editor/AllStarMaterialFixer.cs:101)

[Assets/Editor/AllStarMaterialFixer.cs line 132]

A polygon of Mesh 'WheelR' in Assets/AllStarCharacterLibrary/Models/Vehicles/Paraglider/Paramotor.FBX is self-intersecting and has been discarded.
UnityEngine.Debug:ExtractStackTraceNoAlloc (byte*,int,string)
UnityEngine.StackTraceUtility:ExtractStackTrace () (at /Users/bokken/build/output/unity/unity/Runtime/Export/Scripting/StackTrace.cs:35)
UnityEditor.AssetDatabase:ImportAsset (string,UnityEditor.ImportAssetOptions)
AllStarMaterialFixer:ReimportModelAssets () (at Assets/Editor/AllStarMaterialFixer.cs:132)
AllStarMaterialFixer:ConvertAndValidate () (at Assets/Editor/AllStarMaterialFixer.cs:101)

[Assets/Editor/AllStarMaterialFixer.cs line 132]

A polygon of Mesh 'WheelF' in Assets/AllStarCharacterLibrary/Models/Vehicles/Paraglider/Paramotor.FBX is self-intersecting and has been discarded.
UnityEngine.Debug:ExtractStackTraceNoAlloc (byte*,int,string)
UnityEngine.StackTraceUtility:ExtractStackTrace () (at /Users/bokken/build/output/unity/unity/Runtime/Export/Scripting/StackTrace.cs:35)
UnityEditor.AssetDatabase:ImportAsset (string,UnityEditor.ImportAssetOptions)
AllStarMaterialFixer:ReimportModelAssets () (at Assets/Editor/AllStarMaterialFixer.cs:132)
AllStarMaterialFixer:ConvertAndValidate () (at Assets/Editor/AllStarMaterialFixer.cs:101)

[Assets/Editor/AllStarMaterialFixer.cs line 132]

 -> (artifact id: '3e39209574bc3df26fafc7adff66126d') in 0.017601833 seconds
Refreshing native plugins compatible for Editor in 0.00 ms, found 0 plugins.
Preloading 0 native plugins for Editor in 0.00 ms.
Asset Pipeline Refresh (id=95c857385656b4e76b36c5a9d118663d): Total: 0.023 seconds - Initiated by StopAssetImportingV2(NoUpdateAssetOptions)
Start importing Assets/AllStarCharacterLibrary/Models/Vehicles/Phantom/Phantom.FBX using Guid(5f199c0eaf0727c4187ecb95a4acd2b5) (FBXImporter)A polygon of Mesh 'Phantom2BodyWindowed' in Assets/AllStarCharacterLibrary/Models/Vehicles/Phantom/Phantom.FBX is self-intersecting and has been discarded.
UnityEngine.Debug:ExtractStackTraceNoAlloc (byte*,int,string)
UnityEngine.StackTraceUtility:ExtractStackTrace () (at /Users/bokken/build/output/unity/unity/Runtime/Export/Scripting/StackTrace.cs:35)
UnityEditor.AssetDatabase:ImportAsset (string,UnityEditor.ImportAssetOptions)
AllStarMaterialFixer:ReimportModelAssets () (at Assets/Editor/AllStarMaterialFixer.cs:132)
AllStarMaterialFixer:ConvertAndValidate () (at Assets/Editor/AllStarMaterialFixer.cs:101)

[Assets/Editor/AllStarMaterialFixer.cs line 132]

A polygon of Mesh 'Phantom2BodyWindowed' in Assets/AllStarCharacterLibrary/Models/Vehicles/Phantom/Phantom.FBX is self-intersecting and has been discarded.
UnityEngine.Debug:ExtractStackTraceNoAlloc (byte*,int,string)
UnityEngine.StackTraceUtility:ExtractStackTrace () (at /Users/bokken/build/output/unity/unity/Runtime/Export/Scripting/StackTrace.cs:35)
UnityEditor.AssetDatabase:ImportAsset (string,UnityEditor.ImportAssetOptions)
AllStarMaterialFixer:ReimportModelAssets () (at Assets/Editor/AllStarMaterialFixer.cs:132)
AllStarMaterialFixer:ConvertAndValidate () (at Assets/Editor/AllStarMaterialFixer.cs:101)

[Assets/Editor/AllStarMaterialFixer.cs line 132]

A polygon of Mesh 'Phantom2BodyWindowed' in Assets/AllStarCharacterLibrary/Models/Vehicles/Phantom/Phantom.FBX is self-intersecting and has been discarded.
UnityEngine.Debug:ExtractStackTraceNoAlloc (byte*,int,string)
UnityEngine.StackTraceUtility:ExtractStackTrace () (at /Users/bokken/build/output/unity/unity/Runtime/Export/Scripting/StackTrace.cs:35)
UnityEditor.AssetDatabase:ImportAsset (string,UnityEditor.ImportAssetOptions)
AllStarMaterialFixer:ReimportModelAssets () (at Assets/Editor/AllStarMaterialFixer.cs:132)
AllStarMaterialFixer:ConvertAndValidate () (at Assets/Editor/AllStarMaterialFixer.cs:101)

[Assets/Editor/AllStarMaterialFixer.cs line 132]

A polygon of Mesh 'Phantom2BodyWindowed' in Assets/AllStarCharacterLibrary/Models/Vehicles/Phantom/Phantom.FBX is self-intersecting and has been discarded.
UnityEngine.Debug:ExtractStackTraceNoAlloc (byte*,int,string)
UnityEngine.StackTraceUtility:ExtractStackTrace () (at /Users/bokken/build/output/unity/unity/Runtime/Export/Scripting/StackTrace.cs:35)
UnityEditor.AssetDatabase:ImportAsset (string,UnityEditor.ImportAssetOptions)
AllStarMaterialFixer:ReimportModelAssets () (at Assets/Editor/AllStarMaterialFixer.cs:132)
AllStarMaterialFixer:ConvertAndValidate () (at Assets/Editor/AllStarMaterialFixer.cs:101)

[Assets/Editor/AllStarMaterialFixer.cs line 132]

A polygon of Mesh 'Phantom3BodyDoorCut' in Assets/AllStarCharacterLibrary/Models/Vehicles/Phantom/Phantom.FBX is self-intersecting and has been discarded.
UnityEngine.Debug:ExtractStackTraceNoAlloc (byte*,int,string)
UnityEngine.StackTraceUtility:ExtractStackTrace () (at /Users/bokken/build/output/unity/unity/Runtime/Export/Scripting/StackTrace.cs:35)
UnityEditor.AssetDatabase:ImportAsset (string,UnityEditor.ImportAssetOptions)
AllStarMaterialFixer:ReimportModelAssets () (at Assets/Editor/AllStarMaterialFixer.cs:132)
AllStarMaterialFixer:ConvertAndValidate () (at Assets/Editor/AllStarMaterialFixer.cs:101)

[Assets/Editor/AllStarMaterialFixer.cs line 132]

A polygon of Mesh 'Phantom3BodyDoorCut' in Assets/AllStarCharacterLibrary/Models/Vehicles/Phantom/Phantom.FBX is self-intersecting and has been discarded.
UnityEngine.Debug:ExtractStackTraceNoAlloc (byte*,int,string)
UnityEngine.StackTraceUtility:ExtractStackTrace () (at /Users/bokken/build/output/unity/unity/Runtime/Export/Scripting/StackTrace.cs:35)
UnityEditor.AssetDatabase:ImportAsset (string,UnityEditor.ImportAssetOptions)
AllStarMaterialFixer:ReimportModelAssets () (at Assets/Editor/AllStarMaterialFixer.cs:132)
AllStarMaterialFixer:ConvertAndValidate () (at Assets/Editor/AllStarMaterialFixer.cs:101)

[Assets/Editor/AllStarMaterialFixer.cs line 132]

A polygon of Mesh 'DoorBR' in Assets/AllStarCharacterLibrary/Models/Vehicles/Phantom/Phantom.FBX is self-intersecting and has been discarded.
UnityEngine.Debug:ExtractStackTraceNoAlloc (byte*,int,string)
UnityEngine.StackTraceUtility:ExtractStackTrace () (at /Users/bokken/build/output/unity/unity/Runtime/Export/Scripting/StackTrace.cs:35)
UnityEditor.AssetDatabase:ImportAsset (string,UnityEditor.ImportAssetOptions)
AllStarMaterialFixer:ReimportModelAssets () (at Assets/Editor/AllStarMaterialFixer.cs:132)
AllStarMaterialFixer:ConvertAndValidate () (at Assets/Editor/AllStarMaterialFixer.cs:101)

[Assets/Editor/AllStarMaterialFixer.cs line 132]

A polygon of Mesh 'DoorBR' in Assets/AllStarCharacterLibrary/Models/Vehicles/Phantom/Phantom.FBX is self-intersecting and has been discarded.
UnityEngine.Debug:ExtractStackTraceNoAlloc (byte*,int,string)
UnityEngine.StackTraceUtility:ExtractStackTrace () (at /Users/bokken/build/output/unity/unity/Runtime/Export/Scripting/StackTrace.cs:35)
UnityEditor.AssetDatabase:ImportAsset (string,UnityEditor.ImportAssetOptions)
AllStarMaterialFixer:ReimportModelAssets () (at Assets/Editor/AllStarMaterialFixer.cs:132)
AllStarMaterialFixer:ConvertAndValidate () (at Assets/Editor/AllStarMaterialFixer.cs:101)

[Assets/Editor/AllStarMaterialFixer.cs line 132]

A polygon of Mesh 'DoorBR' in Assets/AllStarCharacterLibrary/Models/Vehicles/Phantom/Phantom.FBX is self-intersecting and has been discarded.
UnityEngine.Debug:ExtractStackTraceNoAlloc (byte*,int,string)
UnityEngine.StackTraceUtility:ExtractStackTrace () (at /Users/bokken/build/output/unity/unity/Runtime/Export/Scripting/StackTrace.cs:35)
UnityEditor.AssetDatabase:ImportAsset (string,UnityEditor.ImportAssetOptions)
AllStarMaterialFixer:ReimportModelAssets () (at Assets/Editor/AllStarMaterialFixer.cs:132)
AllStarMaterialFixer:ConvertAndValidate () (at Assets/Editor/AllStarMaterialFixer.cs:101)

[Assets/Editor/AllStarMaterialFixer.cs line 132]

A polygon of Mesh 'DoorBR' in Assets/AllStarCharacterLibrary/Models/Vehicles/Phantom/Phantom.FBX is self-intersecting and has been discarded.
UnityEngine.Debug:ExtractStackTraceNoAlloc (byte*,int,string)
UnityEngine.StackTraceUtility:ExtractStackTrace () (at /Users/bokken/build/output/unity/unity/Runtime/Export/Scripting/StackTrace.cs:35)
UnityEditor.AssetDatabase:ImportAsset (string,UnityEditor.ImportAssetOptions)
AllStarMaterialFixer:ReimportModelAssets () (at Assets/Editor/AllStarMaterialFixer.cs:132)
AllStarMaterialFixer:ConvertAndValidate () (at Assets/Editor/AllStarMaterialFixer.cs:101)

[Assets/Editor/AllStarMaterialFixer.cs line 132]

A polygon of Mesh 'DoorBR' in Assets/AllStarCharacterLibrary/Models/Vehicles/Phantom/Phantom.FBX is self-intersecting and has been discarded.
UnityEngine.Debug:ExtractStackTraceNoAlloc (byte*,int,string)
UnityEngine.StackTraceUtility:ExtractStackTrace () (at /Users/bokken/build/output/unity/unity/Runtime/Export/Scripting/StackTrace.cs:35)
UnityEditor.AssetDatabase:ImportAsset (string,UnityEditor.ImportAssetOptions)
AllStarMaterialFixer:ReimportModelAssets () (at Assets/Editor/AllStarMaterialFixer.cs:132)
AllStarMaterialFixer:ConvertAndValidate () (at Assets/Editor/AllStarMaterialFixer.cs:101)

[Assets/Editor/AllStarMaterialFixer.cs line 132]

A polygon of Mesh 'DoorBL' in Assets/AllStarCharacterLibrary/Models/Vehicles/Phantom/Phantom.FBX is self-intersecting and has been discarded.
UnityEngine.Debug:ExtractStackTraceNoAlloc (byte*,int,string)
UnityEngine.StackTraceUtility:ExtractStackTrace () (at /Users/bokken/build/output/unity/unity/Runtime/Export/Scripting/StackTrace.cs:35)
UnityEditor.AssetDatabase:ImportAsset (string,UnityEditor.ImportAssetOptions)
AllStarMaterialFixer:ReimportModelAssets () (at Assets/Editor/AllStarMaterialFixer.cs:132)
AllStarMaterialFixer:ConvertAndValidate () (at Assets/Editor/AllStarMaterialFixer.cs:101)

[Assets/Editor/AllStarMaterialFixer.cs line 132]

A polygon of Mesh 'DoorBL' in Assets/AllStarCharacterLibrary/Models/Vehicles/Phantom/Phantom.FBX is self-intersecting and has been discarded.
UnityEngine.Debug:ExtractStackTraceNoAlloc (byte*,int,string)
UnityEngine.StackTraceUtility:ExtractStackTrace () (at /Users/bokken/build/output/unity/unity/Runtime/Export/Scripting/StackTrace.cs:35)
UnityEditor.AssetDatabase:ImportAsset (string,UnityEditor.ImportAssetOptions)
AllStarMaterialFixer:ReimportModelAssets () (at Assets/Editor/AllStarMaterialFixer.cs:132)
AllStarMaterialFixer:ConvertAndValidate () (at Assets/Editor/AllStarMaterialFixer.cs:101)

[Assets/Editor/AllStarMaterialFixer.cs line 132]

A polygon of Mesh 'DoorBL' in Assets/AllStarCharacterLibrary/Models/Vehicles/Phantom/Phantom.FBX is self-intersecting and has been discarded.
UnityEngine.Debug:ExtractStackTraceNoAlloc (byte*,int,string)
UnityEngine.StackTraceUtility:ExtractStackTrace () (at /Users/bokken/build/output/unity/unity/Runtime/Export/Scripting/StackTrace.cs:35)
UnityEditor.AssetDatabase:ImportAsset (string,UnityEditor.ImportAssetOptions)
AllStarMaterialFixer:ReimportModelAssets () (at Assets/Editor/AllStarMaterialFixer.cs:132)
AllStarMaterialFixer:ConvertAndValidate () (at Assets/Editor/AllStarMaterialFixer.cs:101)

[Assets/Editor/AllStarMaterialFixer.cs line 132]

A polygon of Mesh 'DoorBL' in Assets/AllStarCharacterLibrary/Models/Vehicles/Phantom/Phantom.FBX is self-intersecting and has been discarded.
UnityEngine.Debug:ExtractStackTraceNoAlloc (byte*,int,string)
UnityEngine.StackTraceUtility:ExtractStackTrace () (at /Users/bokken/build/output/unity/unity/Runtime/Export/Scripting/StackTrace.cs:35)
UnityEditor.AssetDatabase:ImportAsset (string,UnityEditor.ImportAssetOptions)
AllStarMaterialFixer:ReimportModelAssets () (at Assets/Editor/AllStarMaterialFixer.cs:132)
AllStarMaterialFixer:ConvertAndValidate () (at Assets/Editor/AllStarMaterialFixer.cs:101)

[Assets/Editor/AllStarMaterialFixer.cs line 132]

A polygon of Mesh 'DoorBL' in Assets/AllStarCharacterLibrary/Models/Vehicles/Phantom/Phantom.FBX is self-intersecting and has been discarded.
UnityEngine.Debug:ExtractStackTraceNoAlloc (byte*,int,string)
UnityEngine.StackTraceUtility:ExtractStackTrace () (at /Users/bokken/build/output/unity/unity/Runtime/Export/Scripting/StackTrace.cs:35)
UnityEditor.AssetDatabase:ImportAsset (string,UnityEditor.ImportAssetOptions)
AllStarMaterialFixer:ReimportModelAssets () (at Assets/Editor/AllStarMaterialFixer.cs:132)
AllStarMaterialFixer:ConvertAndValidate () (at Assets/Editor/AllStarMaterialFixer.cs:101)

[Assets/Editor/AllStarMaterialFixer.cs line 132]

 -> (artifact id: '579bfdf7fbcf47a92e35e4e5f8439dcb') in 0.020701583 seconds
Refreshing native plugins compatible for Editor in 0.00 ms, found 0 plugins.
Preloading 0 native plugins for Editor in 0.00 ms.
Asset Pipeline Refresh (id=a74b15554a63843838531d91b9fafb46): Total: 0.027 seconds - Initiated by StopAssetImportingV2(NoUpdateAssetOptions)
Start importing Assets/AllStarCharacterLibrary/Models/Vehicles/Pickup/Pickup.FBX using Guid(d2ed2d7bd3e945a4ba92f7b880d7f322) (FBXImporter)A polygon of Mesh 'Pickup1BodyLores' in Assets/AllStarCharacterLibrary/Models/Vehicles/Pickup/Pickup.FBX is self-intersecting and has been discarded.
UnityEngine.Debug:ExtractStackTraceNoAlloc (byte*,int,string)
UnityEngine.StackTraceUtility:ExtractStackTrace () (at /Users/bokken/build/output/unity/unity/Runtime/Export/Scripting/StackTrace.cs:35)
UnityEditor.AssetDatabase:ImportAsset (string,UnityEditor.ImportAssetOptions)
AllStarMaterialFixer:ReimportModelAssets () (at Assets/Editor/AllStarMaterialFixer.cs:132)
AllStarMaterialFixer:ConvertAndValidate () (at Assets/Editor/AllStarMaterialFixer.cs:101)

[Assets/Editor/AllStarMaterialFixer.cs line 132]

A polygon of Mesh 'Pickup1BodyLores' in Assets/AllStarCharacterLibrary/Models/Vehicles/Pickup/Pickup.FBX is self-intersecting and has been discarded.
UnityEngine.Debug:ExtractStackTraceNoAlloc (byte*,int,string)
UnityEngine.StackTraceUtility:ExtractStackTrace () (at /Users/bokken/build/output/unity/unity/Runtime/Export/Scripting/StackTrace.cs:35)
UnityEditor.AssetDatabase:ImportAsset (string,UnityEditor.ImportAssetOptions)
AllStarMaterialFixer:ReimportModelAssets () (at Assets/Editor/AllStarMaterialFixer.cs:132)
AllStarMaterialFixer:ConvertAndValidate () (at Assets/Editor/AllStarMaterialFixer.cs:101)

[Assets/Editor/AllStarMaterialFixer.cs line 132]

A polygon of Mesh 'Pickup2BodyWindowed' in Assets/AllStarCharacterLibrary/Models/Vehicles/Pickup/Pickup.FBX is self-intersecting and has been discarded.
UnityEngine.Debug:ExtractStackTraceNoAlloc (byte*,int,string)
UnityEngine.StackTraceUtility:ExtractStackTrace () (at /Users/bokken/build/output/unity/unity/Runtime/Export/Scripting/StackTrace.cs:35)
UnityEditor.AssetDatabase:ImportAsset (string,UnityEditor.ImportAssetOptions)
AllStarMaterialFixer:ReimportModelAssets () (at Assets/Editor/AllStarMaterialFixer.cs:132)
AllStarMaterialFixer:ConvertAndValidate () (at Assets/Editor/AllStarMaterialFixer.cs:101)

[Assets/Editor/AllStarMaterialFixer.cs line 132]

A polygon of Mesh 'Pickup2BodyWindowed' in Assets/AllStarCharacterLibrary/Models/Vehicles/Pickup/Pickup.FBX is self-intersecting and has been discarded.
UnityEngine.Debug:ExtractStackTraceNoAlloc (byte*,int,string)
UnityEngine.StackTraceUtility:ExtractStackTrace () (at /Users/bokken/build/output/unity/unity/Runtime/Export/Scripting/StackTrace.cs:35)
UnityEditor.AssetDatabase:ImportAsset (string,UnityEditor.ImportAssetOptions)
AllStarMaterialFixer:ReimportModelAssets () (at Assets/Editor/AllStarMaterialFixer.cs:132)
AllStarMaterialFixer:ConvertAndValidate () (at Assets/Editor/AllStarMaterialFixer.cs:101)

[Assets/Editor/AllStarMaterialFixer.cs line 132]

A polygon of Mesh 'Pickup3BodyDoorCut' in Assets/AllStarCharacterLibrary/Models/Vehicles/Pickup/Pickup.FBX is self-intersecting and has been discarded.
UnityEngine.Debug:ExtractStackTraceNoAlloc (byte*,int,string)
UnityEngine.StackTraceUtility:ExtractStackTrace () (at /Users/bokken/build/output/unity/unity/Runtime/Export/Scripting/StackTrace.cs:35)
UnityEditor.AssetDatabase:ImportAsset (string,UnityEditor.ImportAssetOptions)
AllStarMaterialFixer:ReimportModelAssets () (at Assets/Editor/AllStarMaterialFixer.cs:132)
AllStarMaterialFixer:ConvertAndValidate () (at Assets/Editor/AllStarMaterialFixer.cs:101)

[Assets/Editor/AllStarMaterialFixer.cs line 132]

A polygon of Mesh 'Pickup3BodyDoorCut' in Assets/AllStarCharacterLibrary/Models/Vehicles/Pickup/Pickup.FBX is self-intersecting and has been discarded.
UnityEngine.Debug:ExtractStackTraceNoAlloc (byte*,int,string)
UnityEngine.StackTraceUtility:ExtractStackTrace () (at /Users/bokken/build/output/unity/unity/Runtime/Export/Scripting/StackTrace.cs:35)
UnityEditor.AssetDatabase:ImportAsset (string,UnityEditor.ImportAssetOptions)
AllStarMaterialFixer:ReimportModelAssets () (at Assets/Editor/AllStarMaterialFixer.cs:132)
AllStarMaterialFixer:ConvertAndValidate () (at Assets/Editor/AllStarMaterialFixer.cs:101)

[Assets/Editor/AllStarMaterialFixer.cs line 132]

 -> (artifact id: 'cdc8f52c09844fe9dc29e5e109901ba4') in 0.016996333 seconds
Refreshing native plugins compatible for Editor in 0.00 ms, found 0 plugins.
Preloading 0 native plugins for Editor in 0.00 ms.
Asset Pipeline Refresh (id=1f71289a3695244cda61ed2b5dc71889): Total: 0.023 seconds - Initiated by StopAssetImportingV2(NoUpdateAssetOptions)
Start importing Assets/AllStarCharacterLibrary/Models/Vehicles/PoliceCar/PoliceCar.FBX using Guid(cd2301d05729b254a849dd640c5d0234) (FBXImporter) -> (artifact id: '195eee5cb4a1b132d82ef5700c78dba9') in 0.018687833 seconds
Refreshing native plugins compatible for Editor in 0.00 ms, found 0 plugins.
Preloading 0 native plugins for Editor in 0.00 ms.
Asset Pipeline Refresh (id=6688770cbeaf5466f8bcf39618f8d8ed): Total: 0.024 seconds - Initiated by StopAssetImportingV2(NoUpdateAssetOptions)
Start importing Assets/AllStarCharacterLibrary/Models/Vehicles/Roadster/Roadster.FBX using Guid(cccffc820dac9f54089d91fc716e3055) (FBXImporter)A polygon of Mesh 'Roadster3BodyDoorCut' in Assets/AllStarCharacterLibrary/Models/Vehicles/Roadster/Roadster.FBX is self-intersecting and has been discarded.
UnityEngine.Debug:ExtractStackTraceNoAlloc (byte*,int,string)
UnityEngine.StackTraceUtility:ExtractStackTrace () (at /Users/bokken/build/output/unity/unity/Runtime/Export/Scripting/StackTrace.cs:35)
UnityEditor.AssetDatabase:ImportAsset (string,UnityEditor.ImportAssetOptions)
AllStarMaterialFixer:ReimportModelAssets () (at Assets/Editor/AllStarMaterialFixer.cs:132)
AllStarMaterialFixer:ConvertAndValidate () (at Assets/Editor/AllStarMaterialFixer.cs:101)

[Assets/Editor/AllStarMaterialFixer.cs line 132]

A polygon of Mesh 'Roadster2BodyWindowed' in Assets/AllStarCharacterLibrary/Models/Vehicles/Roadster/Roadster.FBX is self-intersecting and has been discarded.
UnityEngine.Debug:ExtractStackTraceNoAlloc (byte*,int,string)
UnityEngine.StackTraceUtility:ExtractStackTrace () (at /Users/bokken/build/output/unity/unity/Runtime/Export/Scripting/StackTrace.cs:35)
UnityEditor.AssetDatabase:ImportAsset (string,UnityEditor.ImportAssetOptions)
AllStarMaterialFixer:ReimportModelAssets () (at Assets/Editor/AllStarMaterialFixer.cs:132)
AllStarMaterialFixer:ConvertAndValidate () (at Assets/Editor/AllStarMaterialFixer.cs:101)

[Assets/Editor/AllStarMaterialFixer.cs line 132]

 -> (artifact id: '4362e3e5608779a1ea73d412aaa5d858') in 0.019310208 seconds
Refreshing native plugins compatible for Editor in 0.00 ms, found 0 plugins.
Preloading 0 native plugins for Editor in 0.00 ms.
Asset Pipeline Refresh (id=1c78285b8cc474372917d79b4a31f314): Total: 0.026 seconds - Initiated by StopAssetImportingV2(NoUpdateAssetOptions)
Start importing Assets/AllStarCharacterLibrary/Models/Vehicles/Romaro/Romaro.FBX using Guid(9986088957ac7d54a8f98f0ba0d21a3f) (FBXImporter) -> (artifact id: 'ed933cc6cf2b1fb233aea590a9a58939') in 0.017639417 seconds
Refreshing native plugins compatible for Editor in 0.00 ms, found 0 plugins.
Preloading 0 native plugins for Editor in 0.00 ms.
Asset Pipeline Refresh (id=5ea5926dabdf0473bbe92a74686d7e01): Total: 0.024 seconds - Initiated by StopAssetImportingV2(NoUpdateAssetOptions)
Start importing Assets/AllStarCharacterLibrary/Models/Vehicles/Romaro/Romaro2.FBX using Guid(61de0ef9cfeda4b45a0b24e7ac478551) (FBXImporter) -> (artifact id: '9d97f4f89df5fe34c464f9729c460ac5') in 0.017766667 seconds
Refreshing native plugins compatible for Editor in 0.00 ms, found 0 plugins.
Preloading 0 native plugins for Editor in 0.00 ms.
Asset Pipeline Refresh (id=19486d82393224b968e6fbdd91797e42): Total: 0.024 seconds - Initiated by StopAssetImportingV2(NoUpdateAssetOptions)
Start importing Assets/AllStarCharacterLibrary/Models/Vehicles/SLR/SLR.FBX using Guid(45dde0ba87f8a2e40ae882b0ed0e746e) (FBXImporter)ImportFBX Warnings:
Can't import tangents and binormals, because mesh 'Collision' doesn't have any.
Can't import tangents and binormals, because mesh 'DoorL' doesn't have any.
Can't import tangents and binormals, because mesh 'DoorR' doesn't have any.
Can't import tangents and binormals, because mesh 'EnterL' doesn't have any.
Can't import tangents and binormals, because mesh 'EnterR' doesn't have any.
Can't import tangents and binormals, because mesh 'MirrorL' doesn't have any.
Can't import tangents and binormals, because mesh 'MirrorR' doesn't have any.
Can't import tangents and binormals, because mesh 'SLR1BodyLores' doesn't have any.
Can't import tangents and binormals, because mesh 'SLR2BodyWindowed' doesn't have any.
Can't import tangents and binormals, because mesh 'SLR3BodyDoorCut' doesn't have any.
Can't import tangents and binormals, because mesh 'WheelBL' doesn't have any.
Can't import tangents and binormals, because mesh 'WheelBR' doesn't have any.
Can't import tangents and binormals, because mesh 'WheelFL' doesn't have any.
Can't import tangents and binormals, because mesh 'WheelFR' doesn't have any.
Can't import tangents and binormals, because mesh 'WindowB' doesn't have any.
Can't import tangents and binormals, because mesh 'WindowBL' doesn't have any.
Can't import tangents and binormals, because mesh 'WindowBR' doesn't have any.
Can't import tangents and binormals, because mesh 'WindowF' doesn't have any.
Can't import tangents and binormals, because mesh 'WindowL' doesn't have any.
Can't import tangents and binormals, because mesh 'WindowR' doesn't have any.
UnityEngine.Debug:ExtractStackTraceNoAlloc (byte*,int,string)
UnityEngine.StackTraceUtility:ExtractStackTrace () (at /Users/bokken/build/output/unity/unity/Runtime/Export/Scripting/StackTrace.cs:35)
UnityEditor.AssetDatabase:ImportAsset (string,UnityEditor.ImportAssetOptions)
AllStarMaterialFixer:ReimportModelAssets () (at Assets/Editor/AllStarMaterialFixer.cs:132)
AllStarMaterialFixer:ConvertAndValidate () (at Assets/Editor/AllStarMaterialFixer.cs:101)

[Assets/Editor/AllStarMaterialFixer.cs line 132]

A polygon of Mesh 'SLR2BodyWindowed' in Assets/AllStarCharacterLibrary/Models/Vehicles/SLR/SLR.FBX is self-intersecting and has been discarded.
UnityEngine.Debug:ExtractStackTraceNoAlloc (byte*,int,string)
UnityEngine.StackTraceUtility:ExtractStackTrace () (at /Users/bokken/build/output/unity/unity/Runtime/Export/Scripting/StackTrace.cs:35)
UnityEditor.AssetDatabase:ImportAsset (string,UnityEditor.ImportAssetOptions)
AllStarMaterialFixer:ReimportModelAssets () (at Assets/Editor/AllStarMaterialFixer.cs:132)
AllStarMaterialFixer:ConvertAndValidate () (at Assets/Editor/AllStarMaterialFixer.cs:101)

[Assets/Editor/AllStarMaterialFixer.cs line 132]

A polygon of Mesh 'SLR2BodyWindowed' in Assets/AllStarCharacterLibrary/Models/Vehicles/SLR/SLR.FBX is self-intersecting and has been discarded.
UnityEngine.Debug:ExtractStackTraceNoAlloc (byte*,int,string)
UnityEngine.StackTraceUtility:ExtractStackTrace () (at /Users/bokken/build/output/unity/unity/Runtime/Export/Scripting/StackTrace.cs:35)
UnityEditor.AssetDatabase:ImportAsset (string,UnityEditor.ImportAssetOptions)
AllStarMaterialFixer:ReimportModelAssets () (at Assets/Editor/AllStarMaterialFixer.cs:132)
AllStarMaterialFixer:ConvertAndValidate () (at Assets/Editor/AllStarMaterialFixer.cs:101)

[Assets/Editor/AllStarMaterialFixer.cs line 132]

A polygon of Mesh 'SLR3BodyDoorCut' in Assets/AllStarCharacterLibrary/Models/Vehicles/SLR/SLR.FBX is self-intersecting and has been discarded.
UnityEngine.Debug:ExtractStackTraceNoAlloc (byte*,int,string)
UnityEngine.StackTraceUtility:ExtractStackTrace () (at /Users/bokken/build/output/unity/unity/Runtime/Export/Scripting/StackTrace.cs:35)
UnityEditor.AssetDatabase:ImportAsset (string,UnityEditor.ImportAssetOptions)
AllStarMaterialFixer:ReimportModelAssets () (at Assets/Editor/AllStarMaterialFixer.cs:132)
AllStarMaterialFixer:ConvertAndValidate () (at Assets/Editor/AllStarMaterialFixer.cs:101)

[Assets/Editor/AllStarMaterialFixer.cs line 132]

A polygon of Mesh 'SLR3BodyDoorCut' in Assets/AllStarCharacterLibrary/Models/Vehicles/SLR/SLR.FBX is self-intersecting and has been discarded.
UnityEngine.Debug:ExtractStackTraceNoAlloc (byte*,int,string)
UnityEngine.StackTraceUtility:ExtractStackTrace () (at /Users/bokken/build/output/unity/unity/Runtime/Export/Scripting/StackTrace.cs:35)
UnityEditor.AssetDatabase:ImportAsset (string,UnityEditor.ImportAssetOptions)
AllStarMaterialFixer:ReimportModelAssets () (at Assets/Editor/AllStarMaterialFixer.cs:132)
AllStarMaterialFixer:ConvertAndValidate () (at Assets/Editor/AllStarMaterialFixer.cs:101)

[Assets/Editor/AllStarMaterialFixer.cs line 132]

A polygon of Mesh 'SLR3BodyDoorCut' in Assets/AllStarCharacterLibrary/Models/Vehicles/SLR/SLR.FBX is self-intersecting and has been discarded.
UnityEngine.Debug:ExtractStackTraceNoAlloc (byte*,int,string)
UnityEngine.StackTraceUtility:ExtractStackTrace () (at /Users/bokken/build/output/unity/unity/Runtime/Export/Scripting/StackTrace.cs:35)
UnityEditor.AssetDatabase:ImportAsset (string,UnityEditor.ImportAssetOptions)
AllStarMaterialFixer:ReimportModelAssets () (at Assets/Editor/AllStarMaterialFixer.cs:132)
AllStarMaterialFixer:ConvertAndValidate () (at Assets/Editor/AllStarMaterialFixer.cs:101)

[Assets/Editor/AllStarMaterialFixer.cs line 132]

A polygon of Mesh 'SLR3BodyDoorCut' in Assets/AllStarCharacterLibrary/Models/Vehicles/SLR/SLR.FBX is self-intersecting and has been discarded.
UnityEngine.Debug:ExtractStackTraceNoAlloc (byte*,int,string)
UnityEngine.StackTraceUtility:ExtractStackTrace () (at /Users/bokken/build/output/unity/unity/Runtime/Export/Scripting/StackTrace.cs:35)
UnityEditor.AssetDatabase:ImportAsset (string,UnityEditor.ImportAssetOptions)
AllStarMaterialFixer:ReimportModelAssets () (at Assets/Editor/AllStarMaterialFixer.cs:132)
AllStarMaterialFixer:ConvertAndValidate () (at Assets/Editor/AllStarMaterialFixer.cs:101)

[Assets/Editor/AllStarMaterialFixer.cs line 132]

A polygon of Mesh 'DoorR' in Assets/AllStarCharacterLibrary/Models/Vehicles/SLR/SLR.FBX is self-intersecting and has been discarded.
UnityEngine.Debug:ExtractStackTraceNoAlloc (byte*,int,string)
UnityEngine.StackTraceUtility:ExtractStackTrace () (at /Users/bokken/build/output/unity/unity/Runtime/Export/Scripting/StackTrace.cs:35)
UnityEditor.AssetDatabase:ImportAsset (string,UnityEditor.ImportAssetOptions)
AllStarMaterialFixer:ReimportModelAssets () (at Assets/Editor/AllStarMaterialFixer.cs:132)
AllStarMaterialFixer:ConvertAndValidate () (at Assets/Editor/AllStarMaterialFixer.cs:101)

[Assets/Editor/AllStarMaterialFixer.cs line 132]

A polygon of Mesh 'DoorL' in Assets/AllStarCharacterLibrary/Models/Vehicles/SLR/SLR.FBX is self-intersecting and has been discarded.
UnityEngine.Debug:ExtractStackTraceNoAlloc (byte*,int,string)
UnityEngine.StackTraceUtility:ExtractStackTrace () (at /Users/bokken/build/output/unity/unity/Runtime/Export/Scripting/StackTrace.cs:35)
UnityEditor.AssetDatabase:ImportAsset (string,UnityEditor.ImportAssetOptions)
AllStarMaterialFixer:ReimportModelAssets () (at Assets/Editor/AllStarMaterialFixer.cs:132)
AllStarMaterialFixer:ConvertAndValidate () (at Assets/Editor/AllStarMaterialFixer.cs:101)

[Assets/Editor/AllStarMaterialFixer.cs line 132]

 -> (artifact id: 'bbbe98ae722031c2ea3aee7cd8cec83a') in 0.018015125 seconds
Refreshing native plugins compatible for Editor in 0.00 ms, found 0 plugins.
Preloading 0 native plugins for Editor in 0.00 ms.
Asset Pipeline Refresh (id=bc199373aa792471c8e1a3919db8f078): Total: 0.024 seconds - Initiated by StopAssetImportingV2(NoUpdateAssetOptions)
Start importing Assets/AllStarCharacterLibrary/Models/Vehicles/SUV/SUV.FBX using Guid(abde423266aaa6b49985a061388f6325) (FBXImporter) -> (artifact id: '8a35f3ca7e44205ee5da80022a59e9f8') in 0.019338334 seconds
Refreshing native plugins compatible for Editor in 0.00 ms, found 0 plugins.
Preloading 0 native plugins for Editor in 0.00 ms.
Asset Pipeline Refresh (id=f2a9b0c7b05bf413e8ca5bb2e375604b): Total: 0.025 seconds - Initiated by StopAssetImportingV2(NoUpdateAssetOptions)
Start importing Assets/AllStarCharacterLibrary/Models/Vehicles/Sedan/Sedan.FBX using Guid(7796a6a546c301842879867916861c9e) (FBXImporter) -> (artifact id: '5778daf1197cd85a8e6526b7c7d49374') in 0.018964292 seconds
Refreshing native plugins compatible for Editor in 0.00 ms, found 0 plugins.
Preloading 0 native plugins for Editor in 0.00 ms.
Asset Pipeline Refresh (id=9e0cfee7901dd48929a2b291391720ae): Total: 0.027 seconds - Initiated by StopAssetImportingV2(NoUpdateAssetOptions)
Start importing Assets/AllStarCharacterLibrary/Models/Vehicles/Stang/Stang.FBX using Guid(309d724808ae9884e9542b13b68a72a4) (FBXImporter)A polygon of Mesh 'Stang2BodyWindowed' in Assets/AllStarCharacterLibrary/Models/Vehicles/Stang/Stang.FBX is self-intersecting and has been discarded.
UnityEngine.Debug:ExtractStackTraceNoAlloc (byte*,int,string)
UnityEngine.StackTraceUtility:ExtractStackTrace () (at /Users/bokken/build/output/unity/unity/Runtime/Export/Scripting/StackTrace.cs:35)
UnityEditor.AssetDatabase:ImportAsset (string,UnityEditor.ImportAssetOptions)
AllStarMaterialFixer:ReimportModelAssets () (at Assets/Editor/AllStarMaterialFixer.cs:132)
AllStarMaterialFixer:ConvertAndValidate () (at Assets/Editor/AllStarMaterialFixer.cs:101)

[Assets/Editor/AllStarMaterialFixer.cs line 132]

A polygon of Mesh 'Stang3BodyDoorCut' in Assets/AllStarCharacterLibrary/Models/Vehicles/Stang/Stang.FBX is self-intersecting and has been discarded.
UnityEngine.Debug:ExtractStackTraceNoAlloc (byte*,int,string)
UnityEngine.StackTraceUtility:ExtractStackTrace () (at /Users/bokken/build/output/unity/unity/Runtime/Export/Scripting/StackTrace.cs:35)
UnityEditor.AssetDatabase:ImportAsset (string,UnityEditor.ImportAssetOptions)
AllStarMaterialFixer:ReimportModelAssets () (at Assets/Editor/AllStarMaterialFixer.cs:132)
AllStarMaterialFixer:ConvertAndValidate () (at Assets/Editor/AllStarMaterialFixer.cs:101)

[Assets/Editor/AllStarMaterialFixer.cs line 132]

A polygon of Mesh 'Stang3BodyDoorCut' in Assets/AllStarCharacterLibrary/Models/Vehicles/Stang/Stang.FBX is self-intersecting and has been discarded.
UnityEngine.Debug:ExtractStackTraceNoAlloc (byte*,int,string)
UnityEngine.StackTraceUtility:ExtractStackTrace () (at /Users/bokken/build/output/unity/unity/Runtime/Export/Scripting/StackTrace.cs:35)
UnityEditor.AssetDatabase:ImportAsset (string,UnityEditor.ImportAssetOptions)
AllStarMaterialFixer:ReimportModelAssets () (at Assets/Editor/AllStarMaterialFixer.cs:132)
AllStarMaterialFixer:ConvertAndValidate () (at Assets/Editor/AllStarMaterialFixer.cs:101)

[Assets/Editor/AllStarMaterialFixer.cs line 132]

 -> (artifact id: 'bbb599c673f7f9484a51035af447864f') in 0.016805042 seconds
Refreshing native plugins compatible for Editor in 0.00 ms, found 0 plugins.
Preloading 0 native plugins for Editor in 0.00 ms.
Asset Pipeline Refresh (id=fb1aface9d5ef4daab404746f0599f93): Total: 0.023 seconds - Initiated by StopAssetImportingV2(NoUpdateAssetOptions)
Start importing Assets/AllStarCharacterLibrary/Models/Vehicles/Stang/testAgressive.FBX using Guid(8b15ecca3738e2747b43f2633778f016) (FBXImporter)A polygon of Mesh 'Stang2BodyWindowed' in Assets/AllStarCharacterLibrary/Models/Vehicles/Stang/testAgressive.FBX is self-intersecting and has been discarded.
UnityEngine.Debug:ExtractStackTraceNoAlloc (byte*,int,string)
UnityEngine.StackTraceUtility:ExtractStackTrace () (at /Users/bokken/build/output/unity/unity/Runtime/Export/Scripting/StackTrace.cs:35)
UnityEditor.AssetDatabase:ImportAsset (string,UnityEditor.ImportAssetOptions)
AllStarMaterialFixer:ReimportModelAssets () (at Assets/Editor/AllStarMaterialFixer.cs:132)
AllStarMaterialFixer:ConvertAndValidate () (at Assets/Editor/AllStarMaterialFixer.cs:101)

[Assets/Editor/AllStarMaterialFixer.cs line 132]

A polygon of Mesh 'Stang2BodyWindowed' in Assets/AllStarCharacterLibrary/Models/Vehicles/Stang/testAgressive.FBX is self-intersecting and has been discarded.
UnityEngine.Debug:ExtractStackTraceNoAlloc (byte*,int,string)
UnityEngine.StackTraceUtility:ExtractStackTrace () (at /Users/bokken/build/output/unity/unity/Runtime/Export/Scripting/StackTrace.cs:35)
UnityEditor.AssetDatabase:ImportAsset (string,UnityEditor.ImportAssetOptions)
AllStarMaterialFixer:ReimportModelAssets () (at Assets/Editor/AllStarMaterialFixer.cs:132)
AllStarMaterialFixer:ConvertAndValidate () (at Assets/Editor/AllStarMaterialFixer.cs:101)

[Assets/Editor/AllStarMaterialFixer.cs line 132]

A polygon of Mesh 'Stang3BodyDoorCut' in Assets/AllStarCharacterLibrary/Models/Vehicles/Stang/testAgressive.FBX is self-intersecting and has been discarded.
UnityEngine.Debug:ExtractStackTraceNoAlloc (byte*,int,string)
UnityEngine.StackTraceUtility:ExtractStackTrace () (at /Users/bokken/build/output/unity/unity/Runtime/Export/Scripting/StackTrace.cs:35)
UnityEditor.AssetDatabase:ImportAsset (string,UnityEditor.ImportAssetOptions)
AllStarMaterialFixer:ReimportModelAssets () (at Assets/Editor/AllStarMaterialFixer.cs:132)
AllStarMaterialFixer:ConvertAndValidate () (at Assets/Editor/AllStarMaterialFixer.cs:101)

[Assets/Editor/AllStarMaterialFixer.cs line 132]

A polygon of Mesh 'Stang3BodyDoorCut' in Assets/AllStarCharacterLibrary/Models/Vehicles/Stang/testAgressive.FBX is self-intersecting and has been discarded.
UnityEngine.Debug:ExtractStackTraceNoAlloc (byte*,int,string)
UnityEngine.StackTraceUtility:ExtractStackTrace () (at /Users/bokken/build/output/unity/unity/Runtime/Export/Scripting/StackTrace.cs:35)
UnityEditor.AssetDatabase:ImportAsset (string,UnityEditor.ImportAssetOptions)
AllStarMaterialFixer:ReimportModelAssets () (at Assets/Editor/AllStarMaterialFixer.cs:132)
AllStarMaterialFixer:ConvertAndValidate () (at Assets/Editor/AllStarMaterialFixer.cs:101)

[Assets/Editor/AllStarMaterialFixer.cs line 132]

 -> (artifact id: '605e9a67d2394daf40b4952d22fb21b1') in 0.017180833 seconds
Refreshing native plugins compatible for Editor in 0.00 ms, found 0 plugins.
Preloading 0 native plugins for Editor in 0.00 ms.
Asset Pipeline Refresh (id=f487e62a1e44b4380a306b322f8efa7d): Total: 0.023 seconds - Initiated by StopAssetImportingV2(NoUpdateAssetOptions)
Start importing Assets/AllStarCharacterLibrary/Models/Vehicles/Stepvan/DoorL.FBX using Guid(cb57e315345581f46af0409f18f187e8) (FBXImporter)Keyframe reduction: Ratio: 9.259260%;
 -> (artifact id: '88ef0d822c76a54bf3bc7482056162fa') in 0.011676292 seconds
Refreshing native plugins compatible for Editor in 0.00 ms, found 0 plugins.
Preloading 0 native plugins for Editor in 0.00 ms.
Asset Pipeline Refresh (id=a0433e925a65f4b40bd9b4c0e2ed00e1): Total: 0.017 seconds - Initiated by StopAssetImportingV2(NoUpdateAssetOptions)
Start importing Assets/AllStarCharacterLibrary/Models/Vehicles/Stepvan/DoorR.FBX using Guid(1edd78543c7d79d4dbaf81793af0e85c) (FBXImporter)Keyframe reduction: Ratio: 8.333333%;
 -> (artifact id: '6171d0251f83a49b14c32f0cb2ffefe6') in 0.011468417 seconds
Refreshing native plugins compatible for Editor in 0.00 ms, found 0 plugins.
Preloading 0 native plugins for Editor in 0.00 ms.
Asset Pipeline Refresh (id=5f6fc0687b48840259f7abdd44c51093): Total: 0.017 seconds - Initiated by StopAssetImportingV2(NoUpdateAssetOptions)
Start importing Assets/AllStarCharacterLibrary/Models/Vehicles/Stepvan/Stepvan.FBX using Guid(c5c9f6afddb5a74489a264d95c2cc90b) (FBXImporter) -> (artifact id: 'a98f130e7f541d44c5e66e87316c7bc5') in 0.01897525 seconds
Refreshing native plugins compatible for Editor in 0.00 ms, found 0 plugins.
Preloading 0 native plugins for Editor in 0.00 ms.
Asset Pipeline Refresh (id=596388c9420c74bcd8ce919bad652ed1): Total: 0.025 seconds - Initiated by StopAssetImportingV2(NoUpdateAssetOptions)
Start importing Assets/AllStarCharacterLibrary/Models/Vehicles/Thrasher/Thrasher.FBX using Guid(0061bcc027ce6b948b93904f1ab7c1de) (FBXImporter)A polygon of Mesh 'Thrasher2BodyWindowed' in Assets/AllStarCharacterLibrary/Models/Vehicles/Thrasher/Thrasher.FBX is self-intersecting and has been discarded.
UnityEngine.Debug:ExtractStackTraceNoAlloc (byte*,int,string)
UnityEngine.StackTraceUtility:ExtractStackTrace () (at /Users/bokken/build/output/unity/unity/Runtime/Export/Scripting/StackTrace.cs:35)
UnityEditor.AssetDatabase:ImportAsset (string,UnityEditor.ImportAssetOptions)
AllStarMaterialFixer:ReimportModelAssets () (at Assets/Editor/AllStarMaterialFixer.cs:132)
AllStarMaterialFixer:ConvertAndValidate () (at Assets/Editor/AllStarMaterialFixer.cs:101)

[Assets/Editor/AllStarMaterialFixer.cs line 132]

A polygon of Mesh 'Thrasher2BodyWindowed' in Assets/AllStarCharacterLibrary/Models/Vehicles/Thrasher/Thrasher.FBX is self-intersecting and has been discarded.
UnityEngine.Debug:ExtractStackTraceNoAlloc (byte*,int,string)
UnityEngine.StackTraceUtility:ExtractStackTrace () (at /Users/bokken/build/output/unity/unity/Runtime/Export/Scripting/StackTrace.cs:35)
UnityEditor.AssetDatabase:ImportAsset (string,UnityEditor.ImportAssetOptions)
AllStarMaterialFixer:ReimportModelAssets () (at Assets/Editor/AllStarMaterialFixer.cs:132)
AllStarMaterialFixer:ConvertAndValidate () (at Assets/Editor/AllStarMaterialFixer.cs:101)

[Assets/Editor/AllStarMaterialFixer.cs line 132]

A polygon of Mesh 'Thrasher2BodyWindowed' in Assets/AllStarCharacterLibrary/Models/Vehicles/Thrasher/Thrasher.FBX is self-intersecting and has been discarded.
UnityEngine.Debug:ExtractStackTraceNoAlloc (byte*,int,string)
UnityEngine.StackTraceUtility:ExtractStackTrace () (at /Users/bokken/build/output/unity/unity/Runtime/Export/Scripting/StackTrace.cs:35)
UnityEditor.AssetDatabase:ImportAsset (string,UnityEditor.ImportAssetOptions)
AllStarMaterialFixer:ReimportModelAssets () (at Assets/Editor/AllStarMaterialFixer.cs:132)
AllStarMaterialFixer:ConvertAndValidate () (at Assets/Editor/AllStarMaterialFixer.cs:101)

[Assets/Editor/AllStarMaterialFixer.cs line 132]

A polygon of Mesh 'Thrasher3BodyDoorCut' in Assets/AllStarCharacterLibrary/Models/Vehicles/Thrasher/Thrasher.FBX is self-intersecting and has been discarded.
UnityEngine.Debug:ExtractStackTraceNoAlloc (byte*,int,string)
UnityEngine.StackTraceUtility:ExtractStackTrace () (at /Users/bokken/build/output/unity/unity/Runtime/Export/Scripting/StackTrace.cs:35)
UnityEditor.AssetDatabase:ImportAsset (string,UnityEditor.ImportAssetOptions)
AllStarMaterialFixer:ReimportModelAssets () (at Assets/Editor/AllStarMaterialFixer.cs:132)
AllStarMaterialFixer:ConvertAndValidate () (at Assets/Editor/AllStarMaterialFixer.cs:101)

[Assets/Editor/AllStarMaterialFixer.cs line 132]

A polygon of Mesh 'Thrasher3BodyDoorCut' in Assets/AllStarCharacterLibrary/Models/Vehicles/Thrasher/Thrasher.FBX is self-intersecting and has been discarded.
UnityEngine.Debug:ExtractStackTraceNoAlloc (byte*,int,string)
UnityEngine.StackTraceUtility:ExtractStackTrace () (at /Users/bokken/build/output/unity/unity/Runtime/Export/Scripting/StackTrace.cs:35)
UnityEditor.AssetDatabase:ImportAsset (string,UnityEditor.ImportAssetOptions)
AllStarMaterialFixer:ReimportModelAssets () (at Assets/Editor/AllStarMaterialFixer.cs:132)
AllStarMaterialFixer:ConvertAndValidate () (at Assets/Editor/AllStarMaterialFixer.cs:101)

[Assets/Editor/AllStarMaterialFixer.cs line 132]

A polygon of Mesh 'Thrasher3BodyDoorCut' in Assets/AllStarCharacterLibrary/Models/Vehicles/Thrasher/Thrasher.FBX is self-intersecting and has been discarded.
UnityEngine.Debug:ExtractStackTraceNoAlloc (byte*,int,string)
UnityEngine.StackTraceUtility:ExtractStackTrace () (at /Users/bokken/build/output/unity/unity/Runtime/Export/Scripting/StackTrace.cs:35)
UnityEditor.AssetDatabase:ImportAsset (string,UnityEditor.ImportAssetOptions)
AllStarMaterialFixer:ReimportModelAssets () (at Assets/Editor/AllStarMaterialFixer.cs:132)
AllStarMaterialFixer:ConvertAndValidate () (at Assets/Editor/AllStarMaterialFixer.cs:101)

[Assets/Editor/AllStarMaterialFixer.cs line 132]

A polygon of Mesh 'DoorR' in Assets/AllStarCharacterLibrary/Models/Vehicles/Thrasher/Thrasher.FBX is self-intersecting and has been discarded.
UnityEngine.Debug:ExtractStackTraceNoAlloc (byte*,int,string)
UnityEngine.StackTraceUtility:ExtractStackTrace () (at /Users/bokken/build/output/unity/unity/Runtime/Export/Scripting/StackTrace.cs:35)
UnityEditor.AssetDatabase:ImportAsset (string,UnityEditor.ImportAssetOptions)
AllStarMaterialFixer:ReimportModelAssets () (at Assets/Editor/AllStarMaterialFixer.cs:132)
AllStarMaterialFixer:ConvertAndValidate () (at Assets/Editor/AllStarMaterialFixer.cs:101)

[Assets/Editor/AllStarMaterialFixer.cs line 132]

A polygon of Mesh 'DoorL' in Assets/AllStarCharacterLibrary/Models/Vehicles/Thrasher/Thrasher.FBX is self-intersecting and has been discarded.
UnityEngine.Debug:ExtractStackTraceNoAlloc (byte*,int,string)
UnityEngine.StackTraceUtility:ExtractStackTrace () (at /Users/bokken/build/output/unity/unity/Runtime/Export/Scripting/StackTrace.cs:35)
UnityEditor.AssetDatabase:ImportAsset (string,UnityEditor.ImportAssetOptions)
AllStarMaterialFixer:ReimportModelAssets () (at Assets/Editor/AllStarMaterialFixer.cs:132)
AllStarMaterialFixer:ConvertAndValidate () (at Assets/Editor/AllStarMaterialFixer.cs:101)

[Assets/Editor/AllStarMaterialFixer.cs line 132]

 -> (artifact id: '503a37f30f7e2e0f4a9e1d7d52c6a9e9') in 0.017707875 seconds
Refreshing native plugins compatible for Editor in 0.00 ms, found 0 plugins.
Preloading 0 native plugins for Editor in 0.00 ms.
Asset Pipeline Refresh (id=1295ae54db9ec4763b1f37500c29b157): Total: 0.024 seconds - Initiated by StopAssetImportingV2(NoUpdateAssetOptions)
Start importing Assets/AllStarCharacterLibrary/Models/Vehicles/Ultralight/Ultralight.FBX using Guid(ffc68cd62f78db24b910700103a1ff98) (FBXImporter)Keyframe reduction: Ratio: 5.610562%;
A polygon of Mesh 'WheelL' in Assets/AllStarCharacterLibrary/Models/Vehicles/Ultralight/Ultralight.FBX is self-intersecting and has been discarded.
UnityEngine.Debug:ExtractStackTraceNoAlloc (byte*,int,string)
UnityEngine.StackTraceUtility:ExtractStackTrace () (at /Users/bokken/build/output/unity/unity/Runtime/Export/Scripting/StackTrace.cs:35)
UnityEditor.AssetDatabase:ImportAsset (string,UnityEditor.ImportAssetOptions)
AllStarMaterialFixer:ReimportModelAssets () (at Assets/Editor/AllStarMaterialFixer.cs:132)
AllStarMaterialFixer:ConvertAndValidate () (at Assets/Editor/AllStarMaterialFixer.cs:101)

[Assets/Editor/AllStarMaterialFixer.cs line 132]

A polygon of Mesh 'WheelR' in Assets/AllStarCharacterLibrary/Models/Vehicles/Ultralight/Ultralight.FBX is self-intersecting and has been discarded.
UnityEngine.Debug:ExtractStackTraceNoAlloc (byte*,int,string)
UnityEngine.StackTraceUtility:ExtractStackTrace () (at /Users/bokken/build/output/unity/unity/Runtime/Export/Scripting/StackTrace.cs:35)
UnityEditor.AssetDatabase:ImportAsset (string,UnityEditor.ImportAssetOptions)
AllStarMaterialFixer:ReimportModelAssets () (at Assets/Editor/AllStarMaterialFixer.cs:132)
AllStarMaterialFixer:ConvertAndValidate () (at Assets/Editor/AllStarMaterialFixer.cs:101)

[Assets/Editor/AllStarMaterialFixer.cs line 132]

A polygon of Mesh 'WheelF' in Assets/AllStarCharacterLibrary/Models/Vehicles/Ultralight/Ultralight.FBX is self-intersecting and has been discarded.
UnityEngine.Debug:ExtractStackTraceNoAlloc (byte*,int,string)
UnityEngine.StackTraceUtility:ExtractStackTrace () (at /Users/bokken/build/output/unity/unity/Runtime/Export/Scripting/StackTrace.cs:35)
UnityEditor.AssetDatabase:ImportAsset (string,UnityEditor.ImportAssetOptions)
AllStarMaterialFixer:ReimportModelAssets () (at Assets/Editor/AllStarMaterialFixer.cs:132)
AllStarMaterialFixer:ConvertAndValidate () (at Assets/Editor/AllStarMaterialFixer.cs:101)

[Assets/Editor/AllStarMaterialFixer.cs line 132]

 -> (artifact id: 'e5f16098b3b5cff2b5636d00162edf24') in 0.01908575 seconds
Refreshing native plugins compatible for Editor in 0.00 ms, found 0 plugins.
Preloading 0 native plugins for Editor in 0.00 ms.
Asset Pipeline Refresh (id=6095b99ba2b784e8dbd8f82cdfdf25ec): Total: 0.025 seconds - Initiated by StopAssetImportingV2(NoUpdateAssetOptions)
Start importing Assets/AllStarCharacterLibrary/Models/Vehicles/Van/Van.FBX using Guid(fe622d61678b29e41b42fe90d6125fa6) (FBXImporter) -> (artifact id: '88f4efb0740b7e9c1eb96233f1dc164a') in 0.017094083 seconds
Refreshing native plugins compatible for Editor in 0.00 ms, found 0 plugins.
Preloading 0 native plugins for Editor in 0.00 ms.
Asset Pipeline Refresh (id=6c971d233319c42d18eb1941b7b12cc4): Total: 0.023 seconds - Initiated by StopAssetImportingV2(NoUpdateAssetOptions)
Start importing Assets/AllStarCharacterLibrary/Models/Vehicles/Zed/Zed.FBX using Guid(8c4c7ff570729344983645e3c91fad0b) (FBXImporter)A polygon of Mesh 'Zed2BodyWindowed' in Assets/AllStarCharacterLibrary/Models/Vehicles/Zed/Zed.FBX is self-intersecting and has been discarded.
UnityEngine.Debug:ExtractStackTraceNoAlloc (byte*,int,string)
UnityEngine.StackTraceUtility:ExtractStackTrace () (at /Users/bokken/build/output/unity/unity/Runtime/Export/Scripting/StackTrace.cs:35)
UnityEditor.AssetDatabase:ImportAsset (string,UnityEditor.ImportAssetOptions)
AllStarMaterialFixer:ReimportModelAssets () (at Assets/Editor/AllStarMaterialFixer.cs:132)
AllStarMaterialFixer:ConvertAndValidate () (at Assets/Editor/AllStarMaterialFixer.cs:101)

[Assets/Editor/AllStarMaterialFixer.cs line 132]

A polygon of Mesh 'Zed2BodyWindowed' in Assets/AllStarCharacterLibrary/Models/Vehicles/Zed/Zed.FBX is self-intersecting and has been discarded.
UnityEngine.Debug:ExtractStackTraceNoAlloc (byte*,int,string)
UnityEngine.StackTraceUtility:ExtractStackTrace () (at /Users/bokken/build/output/unity/unity/Runtime/Export/Scripting/StackTrace.cs:35)
UnityEditor.AssetDatabase:ImportAsset (string,UnityEditor.ImportAssetOptions)
AllStarMaterialFixer:ReimportModelAssets () (at Assets/Editor/AllStarMaterialFixer.cs:132)
AllStarMaterialFixer:ConvertAndValidate () (at Assets/Editor/AllStarMaterialFixer.cs:101)

[Assets/Editor/AllStarMaterialFixer.cs line 132]

A polygon of Mesh 'Zed1BodyLores' in Assets/AllStarCharacterLibrary/Models/Vehicles/Zed/Zed.FBX is self-intersecting and has been discarded.
UnityEngine.Debug:ExtractStackTraceNoAlloc (byte*,int,string)
UnityEngine.StackTraceUtility:ExtractStackTrace () (at /Users/bokken/build/output/unity/unity/Runtime/Export/Scripting/StackTrace.cs:35)
UnityEditor.AssetDatabase:ImportAsset (string,UnityEditor.ImportAssetOptions)
AllStarMaterialFixer:ReimportModelAssets () (at Assets/Editor/AllStarMaterialFixer.cs:132)
AllStarMaterialFixer:ConvertAndValidate () (at Assets/Editor/AllStarMaterialFixer.cs:101)

[Assets/Editor/AllStarMaterialFixer.cs line 132]

A polygon of Mesh 'Zed1BodyLores' in Assets/AllStarCharacterLibrary/Models/Vehicles/Zed/Zed.FBX is self-intersecting and has been discarded.
UnityEngine.Debug:ExtractStackTraceNoAlloc (byte*,int,string)
UnityEngine.StackTraceUtility:ExtractStackTrace () (at /Users/bokken/build/output/unity/unity/Runtime/Export/Scripting/StackTrace.cs:35)
UnityEditor.AssetDatabase:ImportAsset (string,UnityEditor.ImportAssetOptions)
AllStarMaterialFixer:ReimportModelAssets () (at Assets/Editor/AllStarMaterialFixer.cs:132)
AllStarMaterialFixer:ConvertAndValidate () (at Assets/Editor/AllStarMaterialFixer.cs:101)

[Assets/Editor/AllStarMaterialFixer.cs line 132]

A polygon of Mesh 'Zed1BodyLores' in Assets/AllStarCharacterLibrary/Models/Vehicles/Zed/Zed.FBX is self-intersecting and has been discarded.
UnityEngine.Debug:ExtractStackTraceNoAlloc (byte*,int,string)
UnityEngine.StackTraceUtility:ExtractStackTrace () (at /Users/bokken/build/output/unity/unity/Runtime/Export/Scripting/StackTrace.cs:35)
UnityEditor.AssetDatabase:ImportAsset (string,UnityEditor.ImportAssetOptions)
AllStarMaterialFixer:ReimportModelAssets () (at Assets/Editor/AllStarMaterialFixer.cs:132)
AllStarMaterialFixer:ConvertAndValidate () (at Assets/Editor/AllStarMaterialFixer.cs:101)

[Assets/Editor/AllStarMaterialFixer.cs line 132]

A polygon of Mesh 'Zed1BodyLores' in Assets/AllStarCharacterLibrary/Models/Vehicles/Zed/Zed.FBX is self-intersecting and has been discarded.
UnityEngine.Debug:ExtractStackTraceNoAlloc (byte*,int,string)
UnityEngine.StackTraceUtility:ExtractStackTrace () (at /Users/bokken/build/output/unity/unity/Runtime/Export/Scripting/StackTrace.cs:35)
UnityEditor.AssetDatabase:ImportAsset (string,UnityEditor.ImportAssetOptions)
AllStarMaterialFixer:ReimportModelAssets () (at Assets/Editor/AllStarMaterialFixer.cs:132)
AllStarMaterialFixer:ConvertAndValidate () (at Assets/Editor/AllStarMaterialFixer.cs:101)

[Assets/Editor/AllStarMaterialFixer.cs line 132]

A polygon of Mesh 'DoorR' in Assets/AllStarCharacterLibrary/Models/Vehicles/Zed/Zed.FBX is self-intersecting and has been discarded.
UnityEngine.Debug:ExtractStackTraceNoAlloc (byte*,int,string)
UnityEngine.StackTraceUtility:ExtractStackTrace () (at /Users/bokken/build/output/unity/unity/Runtime/Export/Scripting/StackTrace.cs:35)
UnityEditor.AssetDatabase:ImportAsset (string,UnityEditor.ImportAssetOptions)
AllStarMaterialFixer:ReimportModelAssets () (at Assets/Editor/AllStarMaterialFixer.cs:132)
AllStarMaterialFixer:ConvertAndValidate () (at Assets/Editor/AllStarMaterialFixer.cs:101)

[Assets/Editor/AllStarMaterialFixer.cs line 132]

A polygon of Mesh 'DoorL' in Assets/AllStarCharacterLibrary/Models/Vehicles/Zed/Zed.FBX is self-intersecting and has been discarded.
UnityEngine.Debug:ExtractStackTraceNoAlloc (byte*,int,string)
UnityEngine.StackTraceUtility:ExtractStackTrace () (at /Users/bokken/build/output/unity/unity/Runtime/Export/Scripting/StackTrace.cs:35)
UnityEditor.AssetDatabase:ImportAsset (string,UnityEditor.ImportAssetOptions)
AllStarMaterialFixer:ReimportModelAssets () (at Assets/Editor/AllStarMaterialFixer.cs:132)
AllStarMaterialFixer:ConvertAndValidate () (at Assets/Editor/AllStarMaterialFixer.cs:101)

[Assets/Editor/AllStarMaterialFixer.cs line 132]

 -> (artifact id: '0ea7f71845271d43e039c5c8797271f3') in 0.017930833 seconds
Refreshing native plugins compatible for Editor in 0.00 ms, found 0 plugins.
Preloading 0 native plugins for Editor in 0.00 ms.
Asset Pipeline Refresh (id=d0430594981e84e95a84aedd4c836905): Total: 0.024 seconds - Initiated by StopAssetImportingV2(NoUpdateAssetOptions)
Loaded scene 'Library/Unused/82177a06bbaa54dddbbfdd4e4c4fadcd'
	Deserialize:            1.544 ms
	Integration:            1.231 ms
	Integration of assets:  0.001 ms
	Thread Wait Time:       0.389 ms
	Total Operation Time:   3.165 ms
Refreshing native plugins compatible for Editor in 0.00 ms, found 0 plugins.
Preloading 0 native plugins for Editor in 0.00 ms.
Asset Pipeline Refresh (id=64ffa7b6124c244db955a304b919b0f2): Total: 0.019 seconds - Initiated by StopAssetImportingV2(NoUpdateAssetOptions)
Loaded scene 'Library/Unused/ed83ef7b98b3748a39abcc12ab5eae89'
	Deserialize:            0.910 ms
	Integration:            0.127 ms
	Integration of assets:  0.001 ms
	Thread Wait Time:       0.004 ms
	Total Operation Time:   1.042 ms
Refreshing native plugins compatible for Editor in 0.00 ms, found 0 plugins.
Preloading 0 native plugins for Editor in 0.00 ms.
Asset Pipeline Refresh (id=316f059c8f1ea44db86088fcbe0a58cc): Total: 0.018 seconds - Initiated by StopAssetImportingV2(NoUpdateAssetOptions)
Loaded scene 'Library/Unused/e8f21cbf98d534ec09a4d37b6f260cc5'
	Deserialize:            1.100 ms
	Integration:            0.143 ms
	Integration of assets:  0.000 ms
	Thread Wait Time:       0.005 ms
	Total Operation Time:   1.249 ms
Refreshing native plugins compatible for Editor in 0.00 ms, found 0 plugins.
Preloading 0 native plugins for Editor in 0.00 ms.
Asset Pipeline Refresh (id=2cf9d9172293f4d4592fd25c469370c3): Total: 0.017 seconds - Initiated by StopAssetImportingV2(NoUpdateAssetOptions)
Loaded scene 'Library/Unused/eed3c985209554364bd25a35ae5207eb'
	Deserialize:            1.175 ms
	Integration:            0.129 ms
	Integration of assets:  0.000 ms
	Thread Wait Time:       0.004 ms
	Total Operation Time:   1.309 ms
Refreshing native plugins compatible for Editor in 0.00 ms, found 0 plugins.
Preloading 0 native plugins for Editor in 0.00 ms.
Asset Pipeline Refresh (id=de6e23cfa36b44582b6cbd07f57f3420): Total: 0.017 seconds - Initiated by StopAssetImportingV2(NoUpdateAssetOptions)
Loaded scene 'Library/Unused/36d1cfac1ebb64345a1246ea0b42931e'
	Deserialize:            1.180 ms
	Integration:            1.167 ms
	Integration of assets:  0.000 ms
	Thread Wait Time:       0.005 ms
	Total Operation Time:   2.353 ms
Refreshing native plugins compatible for Editor in 0.00 ms, found 0 plugins.
Preloading 0 native plugins for Editor in 0.00 ms.
Asset Pipeline Refresh (id=88a00f956557a4ba2ae671e7eef14544): Total: 0.017 seconds - Initiated by StopAssetImportingV2(NoUpdateAssetOptions)
Loaded scene 'Library/Unused/ec08aff4480264bd492128812365ce83'
	Deserialize:            0.818 ms
	Integration:            0.821 ms
	Integration of assets:  0.000 ms
	Thread Wait Time:       0.005 ms
	Total Operation Time:   1.645 ms
Refreshing native plugins compatible for Editor in 0.00 ms, found 0 plugins.
Preloading 0 native plugins for Editor in 0.00 ms.
Asset Pipeline Refresh (id=f0e9dfc97d09240258e29690e6589d2a): Total: 0.017 seconds - Initiated by StopAssetImportingV2(NoUpdateAssetOptions)
Loaded scene 'Library/Unused/479a8fd68f57e40eab5dce5f6a9fe360'
	Deserialize:            1.314 ms
	Integration:            0.150 ms
	Integration of assets:  0.001 ms
	Thread Wait Time:       0.002 ms
	Total Operation Time:   1.467 ms
Refreshing native plugins compatible for Editor in 0.00 ms, found 0 plugins.
Preloading 0 native plugins for Editor in 0.00 ms.
Asset Pipeline Refresh (id=0b668921dca7f42d1930644ff26d7f50): Total: 0.018 seconds - Initiated by StopAssetImportingV2(NoUpdateAssetOptions)
Loaded scene 'Library/Unused/d832c3cbbb743470790815b2ec73da1d'
	Deserialize:            1.485 ms
	Integration:            0.222 ms
	Integration of assets:  0.001 ms
	Thread Wait Time:       0.002 ms
	Total Operation Time:   1.710 ms
Refreshing native plugins compatible for Editor in 0.00 ms, found 0 plugins.
Preloading 0 native plugins for Editor in 0.00 ms.
Asset Pipeline Refresh (id=801a551511eb04991af60da89c360636): Total: 0.017 seconds - Initiated by StopAssetImportingV2(NoUpdateAssetOptions)
Asset Pipeline Refresh (id=959346d370da24bfcbe0c00fe4e87d8f): Total: 0.045 seconds - Initiated by RefreshV2(NoUpdateAssetOptions)
ALLSTAR_MATERIAL_FIX_SUCCESS materials=190 opaque=184 transparent=5 skid=1 renderers=1350 slots=1352 repaired=57 removedMissingScripts=19
UnityEngine.Debug:ExtractStackTraceNoAlloc (byte*,int,string)
UnityEngine.StackTraceUtility:ExtractStackTrace () (at /Users/bokken/build/output/unity/unity/Runtime/Export/Scripting/StackTrace.cs:35)
UnityEngine.DebugLogHandler:Internal_Log (UnityEngine.LogType,UnityEngine.LogOption,string,UnityEngine.Object)
UnityEngine.DebugLogHandler:LogFormat (UnityEngine.LogType,UnityEngine.Object,string,object[])
UnityEngine.Logger:Log (UnityEngine.LogType,object)
UnityEngine.Debug:Log (object)
AllStarMaterialFixer:ConvertAndValidate () (at Assets/Editor/AllStarMaterialFixer.cs:114)

(Filename: Assets/Editor/AllStarMaterialFixer.cs Line: 114)

Batchmode quit successfully invoked - shutting down!
Killing ADB server in 0.042981 seconds.
The command could not be loaded, possibly because:
  * You intended to execute a .NET application:
      The application 'build-server' does not exist.
  * You intended to execute a .NET SDK command:
      No .NET SDKs were found.

Download a .NET SDK:
https://aka.ms/dotnet-download

Learn about SDK resolution:
https://aka.ms/dotnet/sdk-not-found
Thread 0x16b3ef000 may have been prematurely finalized
Input System module state changed to: ShutdownInProgress.
Input System polling thread exited.
Input System module state changed to: Shutdown.
[Physics::Module] Cleanup current backend.
[Physics::Module] Id: 0xf2b8ea05
[Licensing::IpcConnector] LicenseClient-diepquocphong-6000.3.21-notifications channel disconnected successfully.
[Licensing::IpcConnector] LicenseClient-diepquocphong-6000.3.21 channel disconnected successfully.
Thread 0x16c227000 may have been prematurely finalized
Thread 0x16c4e3000 may have been prematurely finalized
Thread 0x16c2b3000 may have been prematurely finalized
Thread 0x16c56f000 may have been prematurely finalized
Thread 0x16c33f000 may have been prematurely finalized
Thread 0x16c457000 may have been prematurely finalized
Thread 0x16c3cb000 may have been prematurely finalized
Thread 0x16c5fb000 may have been prematurely finalized
AcceleratorClientConnectionCallback - disconnected - :0
[40m[32minfo[39m[22m[49m: Microsoft.Hosting.Lifetime[0]
      Application is shutting down...
Cleanup mono
[40m[32minfo[39m[22m[49m: Unity.ILPP.Runner.PostProcessingAssemblyLoadContext[0]
      ALC ILPP context 1 is unloading
debugger-agent: Unable to listen on 44
[usbmuxd] Stop listen thread
[usbmuxd] Error: 
[usbmuxd] Listen thread exiting
Exiting batchmode successfully now!
[Package Manager] Server process was shutdown
